"fichier";"annee";"valeur_francs";"unite";"valeur_affichee";"score";"confiance";"densite_doc";"dans_fourchette";"contexte"
"7_cri_1981-1982-ordinaire1_070.txt";"1981";"279600000";"francs";"279600000 F";"12";"strict";"3";"oui";"la départementalisation . J'ai déjà dit que le 3218 ASSEMBLEE NATIONALE — 2• SEANCE DU 5 NOVEMBRE 1981 TITRE VI. — SUBVENTIONS D ' INVESTISSEMENT ACCORDÉES PAR L'ETAT e Autorisations de programme : 279 600 000 francs e Crédits de paiement : 90 699 000 francs . s Sur le titre IV de l'état B, 11IM. Be"
"7_cri_1981-1982-ordinaire1_070.txt";"1981";"90699000";"francs";"90699000 F";"12";"strict";"3";"oui";"le 3218 ASSEMBLEE NATIONALE — 2• SEANCE DU 5 NOVEMBRE 1981 TITRE VI. — SUBVENTIONS D ' INVESTISSEMENT ACCORDÉES PAR L'ETAT e Autorisations de programme : 279 600 000 francs e Crédits de paiement : 90 699 000 francs . s Sur le titre IV de l'état B, 11IM. Bertile, Jalton et les membres du groupe socia"
"7_cri_1981-1982-ordinaire1_070.txt";"1981";"7750000";"francs";"7750000 F";"12";"strict";"3";"oui";"its de paiement : 90 699 000 francs . s Sur le titre IV de l'état B, 11IM. Bertile, Jalton et les membres du groupe socialiste ont présenté un amendement, n"" 71, ainsi rédigé s Réduire les crédits de 7 750 000 francs . a La parole est à M . Bertile. M. Wilfrid Bertile . Ainsi que je l'ai souligné da"
"7_cri_1981-1982-ordinaire1_070.txt";"1981";"40000000";"millions";"40.0 millions";"11";"strict";"3";"oui";"ons de programme et des crédits de paiement applicables aux dépenses en capital des services civils (mesures nouvelles). TITRE V . — INVESTISSEMENTS EXÉCUTÉS PAR L'ETAT e Autorisations de programme : 40 millions de francs • Crédits de paiement : 26 millions de francs. s ASSEMBLEE NATIONALE — SEANCE "
"7_cri_1981-1982-ordinaire1_070.txt";"1981";"26000000";"millions";"26.0 millions";"11";"strict";"3";"oui";"icables aux dépenses en capital des services civils (mesures nouvelles). TITRE V . — INVESTISSEMENTS EXÉCUTÉS PAR L'ETAT e Autorisations de programme : 40 millions de francs • Crédits de paiement : 26 millions de francs. s ASSEMBLEE NATIONALE — SEANCE DU 5 NOVEMBRE 1981 3219 Tel doit être le nouveau"
"7_cri_1981-1982-ordinaire1_070.txt";"1981";"19822072";"francs";"19822072 F";"11";"strict";"3";"oui";"Dépar- tements et territoires d'outre-mer : II. — Départements d'outre- mer. a ETAT B Répartition des crédits applicables aux dépenses ordinaires des services civils (mesures nouvelles). e Titre IV : 19 822 072 francs. a ETAT C Répartition des autorisations de programme et des crédits de paiement ap"
"7_cri_1981-1982-ordinaire1_070.txt";"1981";"17215322";"francs";"17215322 F";"11";"strict";"3";"oui";"a ligne c Dépar- tements et territoires d'outre-mer, 1 . — Section commune ». ETAT B Répartition des crédits applicables aux dépenses ordinaires des services civils (mesures nouvelles). e Titre III : 17 215 322 francs. » Personne ne demande la parole ?... Je mets aux voix le titre III. (Le titre fil"
"7_cri_1981-1982-ordinaire1_070.txt";"1981";"4652253";"francs";"4652253 F";"11";"strict";"3";"oui";"épar- tements et territoires d'outre-mer : III. — Territoires d'outre- mer e . ETAT B Répartition des crédits applicables aux dépenses ordinaires des services civils (mesures nouvelles). « Titre IV : 4 652 253 francs. a ETAT C Répartition des autorisations de programme et des crédits de paiement app"
"6_cri_1978-1979-ordinaire1_058.txt";"1978";"740000";"francs";"740000 F";"11";"strict";"2";"non";"nt comprenant 240 adolescents, l'utilisation des transports en comme représente une dépense de 220 000 francs, alors que l 'utilisation des transports collectifs de ramassage constitue une dépense de 740 000 francs . Les dispositions du décret précité dont les intentions sont louables peuvent, si el"
"6_cri_1978-1979-ordinaire1_058.txt";"1978";"220000";"francs";"220000 F";"11";"strict";"2";"non";"environ le triple de celui des transports en commun . Ainsi, et à titre indicatif, pour un éta- blissement comprenant 240 adolescents, l'utilisation des transports en comme représente une dépense de 220 000 francs, alors que l 'utilisation des transports collectifs de ramassage constitue une dépense"
"4_cri_1968-1969-ordinaire1_050.txt";"1968";"750";"francs";"750 F";"11";"strict";"16";"non";"ns de programme et des crédits de paiement applicables aux dépenses en capital des services civils. (Mesures nouvelles.) TITRE V . — INVESTISSEMENTS EXÉCUTÉS PAR L 'ETAT e Autorisations de programma, 750.000 francs e Crédits de paiement, 750 .000 francs. » TITRE VI . — SUBVENTIONS D'INVESTISSEMENT A"
"4_cri_1968-1969-ordinaire1_050.txt";"1968";"420";"francs";"420 F";"11";"strict";"16";"non";"ction IV. — Départements d'outremer. ETAT B Répartition des crédits applicables aux dépenses ordinaires des services civils. (Mesures nouvelles.) e Titre III : + 2.410 .049 francs e Titre IV : + 2 .420.000 francs. » ETAT C Répartition des autorisations de programme et des crédits de paiement applica"
"4_cri_1968-1969-ordinaire1_050.txt";"1968";"400";"francs";"400 F";"11";"strict";"16";"non";"0.000 francs e Crédits de paiement, 750 .000 francs. » TITRE VI . — SUBVENTIONS D'INVESTISSEMENT ACCORDÉES PAR L'ETAT e Autorisations de programme, 164 .200.000 francs e Crédits de paiement, 102 .400.000 francs. s Ce débat a été organisé comme suit : Gouvernement, 55 minutes Commissions, 35 minutes "
"4_cri_1968-1969-ordinaire1_050.txt";"1968";"200";"francs";"200 F";"11";"strict";"16";"non";"PAR L 'ETAT e Autorisations de programma, 750.000 francs e Crédits de paiement, 750 .000 francs. » TITRE VI . — SUBVENTIONS D'INVESTISSEMENT ACCORDÉES PAR L'ETAT e Autorisations de programme, 164 .200.000 francs e Crédits de paiement, 102 .400.000 francs. s Ce débat a été organisé comme suit : Gouve"
"7_cri_1982-1983-ordinaire1_057.txt";"1982";"338097000";"francs";"338097000 F";"10";"strict";"5";"oui";"' ETAT e Autorisations de programme : 43 600 000 francs «Crédits de paiement : 30 786 000 francs. s TITRE VI . — SUBVENTIONS D ' INVESTISSEMENT ACCORDÉES PAR L ' ETAT < Autorisations de programme : 338 097 000 francs < Crédits de paiement : 118 562 000 francs.> Personne ne demande la parole ? . .. J"
"5_cri_1973-1974-ordinaire1_032.txt";"1973";"207560000";"francs";"207560000 F";"10";"strict";"3";"oui";"s). TITRE V. — INVESTISSEMENTS EXÉCUTÉS PAR L ' ETAT e Autorisations de programme : 675.000 francs. a TITRE VI . — SUBVE7 rrlONS D' INVESTISSEMENT ACCORDÉES PAR L 'ETAT e Autorisations de programme : 207.560.000 francs e Crédits de paiement : 120.380.000 francs. a Personne ne demande la parole ? . ."
"7_cri_1982-1983-ordinaire1_057.txt";"1982";"164400000";"francs";"164400000 F";"10";"strict";"5";"oui";"PAR L ' ETAT e Autorisations de programme : 6 540 000 francs s Crédits de paiement : 5 397 000 francs.» TITRE VI . — SUBVENTIONS D'INVESTISSEMENT ACCORDÉES PAR L 'ETAT «Autorisations de programme : 164 400 000 francs e Crédits de paiement : 86 557 000 francs.» Personne ne demande la parole ? . .. Je"
"4_cri_1968-1969-ordinaire1_050.txt";"1968";"164200000";"francs";"164200000 F";"10";"strict";"16";"oui";"RE 1968 4273 M. le président. Je mets aux voix, pour le titre VI de l'état C concernant les services du Premier ministre (IV. — Départements d'outre-mer), les autorisations de programme au chiffre de 164.200.000 francs. (Les autorisations de programme, mises aux voix, sont adop- tées .) M . le prési"
"7_cri_1981-1982-ordinaire1_070.txt";"1981";"144000000";"millions";"144.0 millions";"10";"strict";"3";"oui";"T • Autorisations de programme : 6 millions de francs « Crédits de paiement : 4 983 000 francs . a Titre VI. — SUBVENTIONS D ' INVESTISSEMENT ACCORDÉES PAR L ' ETAT « Autorisa : Sons de programme : 144 millions de francs « Crédits de paiement : 70 762 000 francs . a Personne ne demande la parole ? ."
"5_cri_1973-1974-ordinaire1_032.txt";"1973";"120380000";"francs";"120380000 F";"10";"strict";"3";"oui";"' ETAT e Autorisations de programme : 675.000 francs. a TITRE VI . — SUBVE7 rrlONS D' INVESTISSEMENT ACCORDÉES PAR L 'ETAT e Autorisations de programme : 207.560.000 francs e Crédits de paiement : 120.380.000 francs. a Personne ne demande la parole ? . .. Je mets aux voix le titre III. (Le titre III"
"7_cri_1982-1983-ordinaire1_057.txt";"1982";"118562000";"francs";"118562000 F";"10";"strict";"5";"oui";"000 francs «Crédits de paiement : 30 786 000 francs. s TITRE VI . — SUBVENTIONS D ' INVESTISSEMENT ACCORDÉES PAR L ' ETAT < Autorisations de programme : 338 097 000 francs < Crédits de paiement : 118 562 000 francs.> Personne ne demande la parole ? . .. Je mets aux voix le titre IV. (Le titre IV est"
"4_cri_1968-1969-ordinaire1_050.txt";"1968";"102400000";"francs";"102400000 F";"10";"strict";"16";"oui";"nt adop- tées .) M . le président. Je mets aux voix, pour le titre VI de l 'état C concernant les services du Premier ministre (IV. — Départements d 'outre-mer), les crédits de paiement au chiffre de 102.400.000 francs. (Les crédits de paierner , mis aux voix, sont adoptés .) [Article 73 .] M. le pr"
"7_cri_1982-1983-ordinaire1_057.txt";"1982";"86557000";"francs";"86557000 F";"10";"strict";"5";"oui";"540 000 francs s Crédits de paiement : 5 397 000 francs.» TITRE VI . — SUBVENTIONS D'INVESTISSEMENT ACCORDÉES PAR L 'ETAT «Autorisations de programme : 164 400 000 francs e Crédits de paiement : 86 557 000 francs.» Personne ne demande la parole ? . .. Je mets aux voix le titre IV. (Le titre IV est a"
"7_cri_1982-1983-ordinaire1_057.txt";"1982";"79400000";"francs";"79400000 F";"10";"strict";"5";"oui";"un arrété du 18 octobre dernier du ministre chargé du budget, des prévisions figurant dans la loi de finances initiale pour 1982 ont été amputées, en ce qui concerne les départements d'outre-mer, de 79400000 francs d'autorisations de programme et de 28 700000 francs de Crédits de paiement. De toute "
"7_cri_1981-1982-ordinaire1_070.txt";"1981";"70762000";"francs";"70762000 F";"10";"strict";"3";"oui";"ancs « Crédits de paiement : 4 983 000 francs . a Titre VI. — SUBVENTIONS D ' INVESTISSEMENT ACCORDÉES PAR L ' ETAT « Autorisa : Sons de programme : 144 millions de francs « Crédits de paiement : 70 762 000 francs . a Personne ne demande la parole ? . .. Je mets aux voix le titre IV. (Le titre IV es"
"7_cri_1982-1983-ordinaire1_057.txt";"1982";"43600000";"francs";"43600000 F";"10";"strict";"5";"oui";"s de programme et des crédits de paiement applicables aux dépenses en capital des services civils (mesures nouvelles). TITRE V . — INVESTISSEMENTS EXÉCUTÉS PAR L ' ETAT e Autorisations de programme : 43 600 000 francs «Crédits de paiement : 30 786 000 francs. s TITRE VI . — SUBVENTIONS D ' INVESTISS"
"7_cri_1982-1983-ordinaire1_057.txt";"1982";"39666401";"francs";"39666401 F";"10";"strict";"5";"oui";"la ligne a Départements et territoires d'outre-mer : 1. — Section coin. mure ÉTAT B Répartition (les crédits applicables aux dépenses ordinaires aes services civils (mesures nouvelles). a Titre III : 39 666 401 francs. s Personne ne demande la parole ?... Je mets aux voix le titre III. (Le titre III"
"7_cri_1982-1983-ordinaire1_057.txt";"1982";"30786000";"francs";"30786000 F";"10";"strict";"5";"oui";"pplicables aux dépenses en capital des services civils (mesures nouvelles). TITRE V . — INVESTISSEMENTS EXÉCUTÉS PAR L ' ETAT e Autorisations de programme : 43 600 000 francs «Crédits de paiement : 30 786 000 francs. s TITRE VI . — SUBVENTIONS D ' INVESTISSEMENT ACCORDÉES PAR L ' ETAT < Autorisation"
"7_cri_1982-1983-ordinaire1_057.txt";"1982";"14418742";"francs";"14418742 F";"10";"strict";"5";"oui";"ne «Départements et territoires d'outre-mer : M. Territoires d'ou- tre-mer a . ETAT B Répartition des crédits applicables eux dépenses ordinaires des services civils (mesures nouvelles). s Titre IV : 14 418 742 francs . » ETAT C Répartition des autorisations de programme et des crédits de paiement a"
"7_cri_1982-1983-ordinaire1_057.txt";"1982";"6540000";"francs";"6540000 F";"10";"strict";"5";"oui";"s de programme et des crédits de paiement applicables aux dépenses en capital des services civils (mesures nouvelles). TITRE V . — INVESTISSEMENTS EXÉCUTÉS PAR L ' ETAT e Autorisations de programme : 6 540 000 francs s Crédits de paiement : 5 397 000 francs.» TITRE VI . — SUBVENTIONS D'INVESTISSEMEN"
"7_cri_1981-1982-ordinaire1_070.txt";"1981";"6000000";"millions";"6.0 millions";"10";"strict";"3";"oui";"ions de programme et des crédits de paiement applicables aux dépenses en capital des services civils (mesures nouvelles). Titre V. — INVESTISSEMENTS EXÉCUTÉS PAR L'ETAT • Autorisations de programme : 6 millions de francs « Crédits de paiement : 4 983 000 francs . a Titre VI. — SUBVENTIONS D ' INVEST"
"7_cri_1982-1983-ordinaire1_057.txt";"1982";"5397000";"francs";"5397000 F";"10";"strict";"5";"oui";"pplicables aux dépenses en capital des services civils (mesures nouvelles). TITRE V . — INVESTISSEMENTS EXÉCUTÉS PAR L ' ETAT e Autorisations de programme : 6 540 000 francs s Crédits de paiement : 5 397 000 francs.» TITRE VI . — SUBVENTIONS D'INVESTISSEMENT ACCORDÉES PAR L 'ETAT «Autorisations de p"
"7_cri_1981-1982-ordinaire1_070.txt";"1981";"4983000";"francs";"4983000 F";"10";"strict";"3";"oui";"plicables aux dépenses en capital des services civils (mesures nouvelles). Titre V. — INVESTISSEMENTS EXÉCUTÉS PAR L'ETAT • Autorisations de programme : 6 millions de francs « Crédits de paiement : 4 983 000 francs . a Titre VI. — SUBVENTIONS D ' INVESTISSEMENT ACCORDÉES PAR L ' ETAT « Autorisa : So"
"5_cri_1973-1974-ordinaire1_032.txt";"1973";"4717000";"francs";"4717000 F";"10";"strict";"3";"oui";"ments d'outre- mer. Départements d'outre-mer. ETAT B Répartition des crédits applicables aux dépenses ordinaires des services civils (mesures nouvelles). c Titre III : 1.295.091 francs e Titre IV : 4.717.000 francs . a ETAT C Répartition des autorisations de programme et des crédits de paiement appl"
"7_cri_1982-1983-ordinaire1_057.txt";"1982";"4035710";"francs";"4035710 F";"10";"strict";"5";"oui";"gne «Départements et territoires d'outre-mer : II. — Départements d'outre-mer. ETAT B Répartition des crédits applicables aux dépenses ordinaires des services civils (mesures nouvelles). s Titre IV : 4 035 710 francs. » ETAT C Répartition des autorisations de programme et des crédits de paiement app"
"4_cri_1968-1969-ordinaire1_050.txt";"1968";"2410049";"francs";"2410049 F";"10";"strict";"16";"oui";"ents d'outre-mer). Personne ne demande la parole ? . .. Je 'nets aux voix le titre III de l'état B concernant les services du Premier ministre (section IV . — Départements d'outre-mer), au chiffre de 2.410.049 francs. M. Louis Odru. Le groupe communiste votre contre l'ensemble de ces crédits. (Ce ti"
"5_cri_1973-1974-ordinaire1_032.txt";"1973";"1295091";"francs";"1295091 F";"10";"strict";"3";"oui";"intenant les crédits des départements d'outre- mer. Départements d'outre-mer. ETAT B Répartition des crédits applicables aux dépenses ordinaires des services civils (mesures nouvelles). c Titre III : 1.295.091 francs e Titre IV : 4.717.000 francs . a ETAT C Répartition des autorisations de programme"
"7_cri_1982-1983-ordinaire1_057.txt";"1982";"700000";"francs";"700000 F";"10";"strict";"5";"non";"budget, des prévisions figurant dans la loi de finances initiale pour 1982 ont été amputées, en ce qui concerne les départements d'outre-mer, de 79400000 francs d'autorisations de programme et de 28 700000 francs de Crédits de paiement. De toute évidence, une telle décision est contraire aux nécessi"
"4_cri_1968-1969-ordinaire1_050.txt";"1968";"750";"F";"750 F";"10";"strict";"16";"non";") M. le président . Je mets aux voix, pour le titre V de l'état C concernant les services du Premier ministre (section IV . — Dépar- tements d'outre-mer), les autorisations de programme au chiffre de 750.000 F. (Les autorisations de programme, mises aux voix, sont adop- tées.) M. le président . Je m"
"4_cri_1968-1969-ordinaire1_050.txt";"1968";"750";"francs";"750 F";"10";"strict";"16";"non";"sont adop- tées.) M. le président . Je mets aux voix, pour le titre V de l'état C concernant les services du Premier ministre (IV . — Départements d'outre-mer), les crédits de paiement au chiffre de 750.000 francs. (Les crédits de paiement, mis aux voix, sont adoptés.) ASSEMBLEE NATIONALE — SEANCE D"
"5_cri_1973-1974-ordinaire1_032.txt";"1973";"675";"francs";"675 F";"10";"strict";"3";"non";"ns de programme et des crédits de paiement applicables aux dépenses en capital des services civils (mesures nouvelles). TITRE V. — INVESTISSEMENTS EXÉCUTÉS PAR L ' ETAT e Autorisations de programme : 675.000 francs. a TITRE VI . — SUBVE7 rrlONS D' INVESTISSEMENT ACCORDÉES PAR L 'ETAT e Autorisations"
"4_cri_1968-1969-ordinaire1_050.txt";"1968";"570";"francs";"570 F";"10";"strict";"16";"non";"es se rapportent au pro- blème de la démographie et de l 'emploi. La première concerne le bureau pour le développement des migrations — le Bumidom — auquel sera affecté un crédit supplémentaire de 1 .570.000 francs. Ce crédit doit permettre à cet organisme d'exercer son activité au Canada et en Amér"
"4_cri_1968-1969-ordinaire1_050.txt";"1968";"420";"francs";"420 F";"10";"strict";"16";"non";"e titre, mis aux voix, est adopté .) M. le président . Je mets aux voix le titre IV de l'état B concernant les services du Premier ministre (section IV. — Départements d'outre-mer), au' chiffre de 2 .420.000 francs. (Ce titre, mis aux voix, est adopté .) M. le président . Je mets aux voix, pour le t"
"4_cri_1970-1971-ordinaire1_065.txt";"1970";"300000000";"millions";"300.0 millions";"9";"proche";"5";"oui";"s, de l 'assu- rance vieillesse, etc . C 'est ainsi, à titre d 'exemple, qu 'entre 1962 et 1968, le budget des allocations familiales des quatre dépar- tements d 'outre-mer est passé de 50 millions à 300 millions de francs . et que les dépenses d 'aide sociale sont passées de 87 mil- lions à 250 mil"
"4_cri_1970-1971-ordinaire1_065.txt";"1970";"250000000";"millions";"250.0 millions";"9";"proche";"5";"oui";"68, le budget des allocations familiales des quatre dépar- tements d 'outre-mer est passé de 50 millions à 300 millions de francs . et que les dépenses d 'aide sociale sont passées de 87 mil- lions à 250 millions de francs. Il apparaît cependant que les investissements économiques n 'ont pas progres"
"5_cri_1974-1975-ordinaire1_046.txt";"1974";"178700000";"millions";"178.7 millions";"9";"proche";"8";"oui";"nts budgétaires l'avaient fixée à 37,3 millions de francs, et qu'elle ne représentait que 34 millions en 1974 . De ce fait, la dotation de la section centrale du F. I. D. O.M. diminuera et passera de 178,7 millions de francs, comme il était prévu pri- mitivement, à 170,64 millions de francs. Jusqu'à"
"5_cri_1974-1975-ordinaire1_046.txt";"1974";"170640000";"millions";"170.64 millions";"9";"proche";"8";"oui";"lle ne représentait que 34 millions en 1974 . De ce fait, la dotation de la section centrale du F. I. D. O.M. diminuera et passera de 178,7 millions de francs, comme il était prévu pri- mitivement, à 170,64 millions de francs. Jusqu'à présent, la dotation de la section locale du F . I. D. O. M., don"
"6_cri_1979-1980-ordinaire1_044.txt";"1979";"111330000";"francs";"111330000 F";"9";"proche";"3";"oui";"R L'ETAT « Autorisations de programme : 4 760 0000 francs e Crédits de paiement : 3 393 000 francs . » TITRE VI . — SUBVENTIONS D'INVESTISSEMENT ACCORDÉES PAR L 'ETAT « Autorisations de programme : 111 330 000 francs e Crédits de paiement : 61 342 000 francs. » Personne ne demande la parole ? . .. J"
"5_cri_1973-1974-ordinaire1_032.txt";"1973";"64749897";"francs";"64749897 F";"9";"proche";"3";"oui";"000 francs. (Les autorisations de programmes sont adoptées .) M . le président . Je mets aux voix les crédits ouverts au para- graphe II de l'article 24, au titre des mesures nouvelles, au chiffre de 64.749.897 francs. (Ces crédits sont adoptés .) M . le président. Nous avons terminé l'examen du bud"
"6_cri_1979-1980-ordinaire1_044.txt";"1979";"61342000";"francs";"61342000 F";"9";"proche";"3";"oui";"0000 francs e Crédits de paiement : 3 393 000 francs . » TITRE VI . — SUBVENTIONS D'INVESTISSEMENT ACCORDÉES PAR L 'ETAT « Autorisations de programme : 111 330 000 francs e Crédits de paiement : 61 342 000 francs. » Personne ne demande la parole ? . .. Je mets aux voix le titre III. M. Joseph France"
"4_cri_1970-1971-ordinaire1_065.txt";"1970";"50000000";"millions";"50.0 millions";"9";"proche";"5";"oui";"ions familiales, de l 'assu- rance vieillesse, etc . C 'est ainsi, à titre d 'exemple, qu 'entre 1962 et 1968, le budget des allocations familiales des quatre dépar- tements d 'outre-mer est passé de 50 millions à 300 millions de francs . et que les dépenses d 'aide sociale sont passées de 87 mil- l"
"5_cri_1976-1977-ordinaire1_061.txt";"1976";"35000000";"millions";"35.0 millions";"9";"proche";"2";"oui";"ives aux collectivités locales et par un cré- dit de 7 millions de francs correspondant à la prise en charge du personnel de l'Etat pour l'administration de Saint-Pierre-et- Miquelon. Sur un total de 35 millions de francs en mesures nouvelles, 34 millions sont donc destinés aux deux anciens territoi"
"5_cri_1976-1977-ordinaire1_061.txt";"1976";"34000000";"millions";"34.0 millions";"9";"proche";"2";"oui";"- dit de 7 millions de francs correspondant à la prise en charge du personnel de l'Etat pour l'administration de Saint-Pierre-et- Miquelon. Sur un total de 35 millions de francs en mesures nouvelles, 34 millions sont donc destinés aux deux anciens territoires de Saint-Pierre-et-Miquelon et de Mayott"
"6_cri_1979-1980-ordinaire1_113.txt";"1979";"30000000";"millions";"30.0 millions";"9";"proche";"4";"oui";"is il faudra aller plus loin . Si les crédits prévus pour le Bumidom en 1980 ne sont pas beaucoup plus importants que ceux qui lui ont été attribués . en 1979 — ils passent da 27 millions de francs à 30 millions — nous allons bénéficier de 23 millions supplémentaires provenant du fonds social euro- "
"6_cri_1979-1980-ordinaire1_113.txt";"1979";"27000000";"millions";"27.0 millions";"9";"proche";"4";"oui";"ans cette entreprise. Mais il faudra aller plus loin . Si les crédits prévus pour le Bumidom en 1980 ne sont pas beaucoup plus importants que ceux qui lui ont été attribués . en 1979 — ils passent da 27 millions de francs à 30 millions — nous allons bénéficier de 23 millions supplémentaires provenan"
"6_cri_1979-1980-ordinaire1_113.txt";"1979";"23000000";"millions";"23.0 millions";"9";"proche";"4";"oui";"édits prévus pour le Bumidom en 1980 ne sont pas beaucoup plus importants que ceux qui lui ont été attribués . en 1979 — ils passent da 27 millions de francs à 30 millions — nous allons bénéficier de 23 millions supplémentaires provenant du fonds social euro- péen pour les migrations cela nous perme"
"7_cri_1982-1983-ordinaire1_057.txt";"1982";"20900000";"millions";"20.9 millions";"9";"proche";"5";"oui";"entations annoncées dans le rapport. Je ne reviendrai pas, à ce propos, sur la remarque très pertinente qui a été formulée dans l'excellent rapport de notre collègue M. Dousset qui a souligné que les 20,9 millions de francs qui étaient prétendument ajoutés résultaient en réalité d'un trans- fert à l"
"5_cri_1976-1977-ordinaire1_061.txt";"1976";"17000000";"millions";"17.0 millions";"9";"proche";"2";"oui";"espondent d'ailleurs, pour un montant presque équivalent, des suppressions d'emploi dans le budget des territoires d'outre-mer. De même, des actions nouvelles se marquent au titre IV par un crédit de 17 millions de francs destiné à des subventions obligatoires et facultatives aux collectivités local"
"5_cri_1976-1977-ordinaire1_061.txt";"1976";"10000000";"millions";"10.0 millions";"9";"proche";"2";"oui";"ents d'outre-mer dans le contexte international. Deux anciens territoires d'outre-mer accèdent donc au statut de département d'outre-mer. Cette action nouvelle se marque au titre Ill par un crédit de 10 millions de francs ouvert pour la création d'un certain nombre d'emplois. A ces créations d'emplo"
"4_cri_1968-1969-ordinaire1_050.txt";"1968";"9650000";"francs";"9650000 F";"9";"proche";"16";"oui";"1969, 850.000 francs seulement, ne permettra pas de lui donner une ampleur suffisante. J'en arrive maintenant aux crédits d'équipement . Les crédits de paiement du secrétariat d 'Etat progressent de 9.650.000 francs par rapport à 1968, et les autorisations de programme diminuent de 1.050.000 francs."
"5_cri_1973-1974-ordinaire1_032.txt";"1973";"8670000";"francs";"8670000 F";"9";"proche";"3";"oui";"2.003 francs. (Ces crédits sont adoptés .) M . le président. Je mets aux voix les autorisations de pro- gramme inscrites au paragraphe I de l'article 24, au titre des mesures nouvelles, au chiffre de 8.670.000 francs. (Les autorisations de programmes sont adoptées .) M . le président . Je mets aux v"
"4_cri_1968-1969-ordinaire1_050.txt";"1968";"7200000";"francs";"7200000 F";"9";"proche";"16";"oui";"seignements, certes incomplets, mais fort utiles en ce qui concerne l'année 1968 et les années antérieures. Les dépenses ordinaires progressent de douze millions . Cette progression s'explique, pour 7.200.000 francs, par le jeu des mesures acquises — à savoir : 2.200.000 francs pour l 'extension en "
"5_cri_1976-1977-ordinaire1_061.txt";"1976";"7000000";"millions";"7.0 millions";"9";"proche";"2";"oui";"r. De même, des actions nouvelles se marquent au titre IV par un crédit de 17 millions de francs destiné à des subventions obligatoires et facultatives aux collectivités locales et par un cré- dit de 7 millions de francs correspondant à la prise en charge du personnel de l'Etat pour l'administration"
"6_cri_1979-1980-ordinaire1_044.txt";"1979";"3943550";"francs";"3943550 F";"9";"proche";"3";"oui";"LEE NATIONALE — 1"" SEANCE DU 31 OCTOBRE 1979 ETAT B Répartition des crédits applicables aux dépenses ordinaires des services civils. (Mesures nouvelles .) e Titre III : 3 391909 francs e Titre IV : 3 943 550 francs . s ETAT C Répartition des autorisations de programme et des crédits de paiement appl"
"4_cri_1968-1969-ordinaire1_050.txt";"1968";"3800000";"francs";"3800000 F";"9";"proche";"16";"oui";".000 francs pour l'application de divers textes concernant les rémunérations ou les avantages sociaux 300.000 francs pour l'ajustement des prestations d'ali- mentation du service militaire adapté 3.800.000 francs pour l'ajustement automatique des subventions de l'Etat aux collec- tivités locales, co"
"6_cri_1979-1980-ordinaire1_044.txt";"1979";"3393000";"francs";"3393000 F";"9";"proche";"3";"oui";"applicables aux dépenses en capital des services civils. (Mesures nouvelles.) TITRE V. — INVESTISSEMENTS EXÉCUTÉS PAR L'ETAT « Autorisations de programme : 4 760 0000 francs e Crédits de paiement : 3 393 000 francs . » TITRE VI . — SUBVENTIONS D'INVESTISSEMENT ACCORDÉES PAR L 'ETAT « Autorisations d"
"4_cri_1968-1969-ordinaire1_050.txt";"1968";"2200000";"francs";"2200000 F";"9";"proche";"16";"oui";"cerne l'année 1968 et les années antérieures. Les dépenses ordinaires progressent de douze millions . Cette progression s'explique, pour 7.200.000 francs, par le jeu des mesures acquises — à savoir : 2.200.000 francs pour l 'extension en année pleine de l'augmentation des rémunérations appli- cable "
"6_cri_1979-1980-ordinaire1_044.txt";"1979";"1500000";"million";"1.5 million";"9";"proche";"3";"oui";"En revanche, nous devons, une fois de plus, regretter la pro- gression insuffisante de certains crédits de fonctionnement. L'ajustement des dotations affectées au Bumidom entraîne une augmentation de 1,5 million de francs . Cette progression sera- t-elle suffisante pour faire face aux tâches sans ce"
"4_cri_1968-1969-ordinaire1_050.txt";"1968";"1050000";"francs";"1050000 F";"9";"proche";"16";"oui";"te. J'en arrive maintenant aux crédits d'équipement . Les crédits de paiement du secrétariat d 'Etat progressent de 9.650.000 francs par rapport à 1968, et les autorisations de programme diminuent de 1.050.000 francs. Il faut noter que les crédits d'équipement destinés à la sûreté nationale aug- men"
"6_cri_1979-1980-ordinaire1_044.txt";"1979";"391909";"francs";"391909 F";"9";"proche";"3";"non";"d'outre-mer a . 9252 ASSEMBLEE NATIONALE — 1"" SEANCE DU 31 OCTOBRE 1979 ETAT B Répartition des crédits applicables aux dépenses ordinaires des services civils. (Mesures nouvelles .) e Titre III : 3 391909 francs e Titre IV : 3 943 550 francs . s ETAT C Répartition des autorisations de programme et d"
"5_cri_1973-1974-ordinaire1_032.txt";"1973";"942";"francs";"942 F";"9";"proche";"3";"non";".) M. le président. J'appelle maintenant les crédits du budget annexe des Monnaies et médailles. Personne ne demande la parole? Je mets aux voix les crédits ouverts à l'article 23, au chiffre de 106 .942.003 francs. (Ces crédits sont adoptés .) M . le président. Je mets aux voix les autorisations de"
"4_cri_1968-1969-ordinaire1_050.txt";"1968";"900";"francs";"900 F";"9";"proche";"16";"non";"'explique, pour 7.200.000 francs, par le jeu des mesures acquises — à savoir : 2.200.000 francs pour l 'extension en année pleine de l'augmentation des rémunérations appli- cable au 1"" février 1968 900.000 francs pour l'application de divers textes concernant les rémunérations ou les avantages socia"
"4_cri_1968-1969-ordinaire1_050.txt";"1968";"850";"francs";"850 F";"9";"proche";"16";"non";"e moins de vingt ans représentent 52 p. 100 de la population, et une vaste opération de préformation professionnelle est éminemment souhaitable mais l 'insuffisance des crédits inscrits .pour 1969, 850.000 francs seulement, ne permettra pas de lui donner une ampleur suffisante. J'en arrive maintenan"
"4_cri_1968-1969-ordinaire1_050.txt";"1968";"800";"francs";"800 F";"9";"proche";"16";"non";"opulation depuis le dernier recensement et de la progression du volume des constructions exonérées de la contribution foncière. Les mesures nouvelles sont peu importantes . Elles se limitent, pour 4 .800.000 francs, à un renforcement de certains personnels, à des transformations d'emplois et à quelq"
"4_cri_1968-1969-ordinaire1_050.txt";"1968";"800";"francs";"800 F";"9";"proche";"16";"non";"la participation de l'Etat pour des mairies et pour la sous-préfecture de Saint- Paul de la Réunion. Il faut noter aussi que la subvention de l'Etat pour le service militaire adapté est réduite de 2 .800.000 francs en autorisations de programme et en crédits de paiement. Reste l'essentiel du budget "
"4_cri_1970-1971-ordinaire1_065.txt";"1970";"760";"F";"760 F";"9";"proche";"5";"non";"9, sur 19.656 exploitations, 8.792 étaient couvertes par une assurance Grêle, soit environ 46 p. 100, que les valeurs assurées en ce qui concèrne les vignes et les arbres fruitiers s'élevaient à 179 .760.533 F DEPARTEMENTS ET TERRITOIRES D 'OUTRE-MER Racisme. 12976. — M. Césaire attire l'attention d"
"4_cri_1968-1969-ordinaire1_050.txt";"1968";"300";"francs";"300 F";"9";"proche";"16";"non";"ension en année pleine de l'augmentation des rémunérations appli- cable au 1"" février 1968 900.000 francs pour l'application de divers textes concernant les rémunérations ou les avantages sociaux 300.000 francs pour l'ajustement des prestations d'ali- mentation du service militaire adapté 3.800.000 "
"4_cri_1968-1969-ordinaire1_050.txt";"1968";"200";"francs";"200 F";"9";"proche";"16";"non";"de programme diminuent de 1.050.000 francs. Il faut noter que les crédits d'équipement destinés à la sûreté nationale aug- mentent de 150 .000 francs et les subventions aux constructions publiques de 200.000 francs, représentant la participation de l'Etat pour des mairies et pour la sous-préfecture "
"6_cri_1978-1979-ordinaire1_050.txt";"1978";"1515675000";"francs";"1515675000 F";"8";"proche";"1";"non";"sations de programme et des crédits de paiement applicables aux dépenses en capital des services ciel (mesures nouvelles). TITRE V. — INVESTISSEMENTS EXÉCUTÉS PAR L'ETAT « Autorisations de programme, 1 515 675 000 francs s Crédits de paiement, 1 016 444 000 francs, » TITRE VI. — SUBVENTIONS D'INVEST"
"6_cri_1978-1979-ordinaire1_050.txt";"1978";"1016444000";"francs";"1016444000 F";"8";"proche";"1";"non";"t applicables aux dépenses en capital des services ciel (mesures nouvelles). TITRE V. — INVESTISSEMENTS EXÉCUTÉS PAR L'ETAT « Autorisations de programme, 1 515 675 000 francs s Crédits de paiement, 1 016 444 000 francs, » TITRE VI. — SUBVENTIONS D'INVESTISSEMENT ACCORDÉES PAR L ' ETAT e Autorisation"
"7_cri_1982-1983-ordinaire1_057.txt";"1982";"800000000";"millions";"800.0 millions";"8";"proche";"5";"non";"millions de francs. Or le compte général de l'administra- tion des finances, publié quelques mois plus tard, a fait appa- raître une somme de 1 042 millions de francs, soit une différence de plus de 800 millions de francs. Aussi votre rapporteur a-t-il cherché à connaître l'explication d'une telle d"
"4_cri_1968-1969-ordinaire1_050.txt";"1968";"750000000";"millions";"750.0 millions";"8";"proche";"16";"non";"me le plus préoccupant . Sont prévus : 158.40'1.000 francs d'autorisations de programme 128.400.000 francs pour la section centrale et 30 millions pour la section locale . Or le V° Plan avait prévu 750 millions de francs d'engagements pour cinq ans, auxquels se sont ajoutés par la suite 20 millions "
"6_cri_1979-1980-ordinaire1_044.txt";"1979";"644000000";"millions";"644.0 millions";"8";"proche";"3";"non";"que les dotations de ce budget ne, représentent plus aujourd'hui qu'environ 6 p. 100 de l'effort financier de l'Etat en faveur des départements d'outre-mer : 469 millions de francs sur un total de 9 644 millions de francs. Il s'agit là d'une tendance tout à fait normale qui s'inscrit dans le process"
"5_cri_1976-1977-ordinaire1_061.txt";"1976";"564000000";"millions";"564.0 millions";"8";"proche";"2";"non";"ramme d'action prioritaire dont la première année d'exécution s'annonce relativement conforme à l'échéancier initial. Pour les deux premières années d'exécution, la contribution de l'Etat aura été de 564 millions de francs sur les 1 339 millions de francs prévus pour les cinq ans, soit, en francs co"
"6_cri_1979-1980-ordinaire1_044.txt";"1979";"469000000";"millions";"469.0 millions";"8";"proche";"3";"oui";"satisfaisante, nous ne devons pas oublier que les dotations de ce budget ne, représentent plus aujourd'hui qu'environ 6 p. 100 de l'effort financier de l'Etat en faveur des départements d'outre-mer : 469 millions de francs sur un total de 9 644 millions de francs. Il s'agit là d'une tendance tout à "
"4_cri_1968-1969-ordinaire1_050.txt";"1968";"417000000";"millions";"417.0 millions";"8";"proche";"16";"oui";"vu 750 millions de francs d'engagements pour cinq ans, auxquels se sont ajoutés par la suite 20 millions de francs supplémentaires pour les primes d'emplois hôteliers. Sur les 770 millions de francs, 417 millions de francs seulement d'autorisations de programme ont été ouverts entre 1966 et 1968, et"
"7_cri_1982-1983-ordinaire1_057.txt";"1982";"381700000";"millions";"381.7 millions";"8";"proche";"5";"oui";"0 mai 1981. Dans le rapport de la commission des finances, il est indiqué que, pour les départements d'outre-mer, les autorisations de programme augmentent de 19,4 p . 100 passant de 319,6 millions à 381,7 millions de francs. En réalité, si l'on tient compte des annulations décidées par l'arrêté du "
"4_cri_1968-1969-ordinaire1_050.txt";"1968";"353000000";"millions";"353.0 millions";"8";"proche";"16";"oui";"r les 770 millions de francs, 417 millions de francs seulement d'autorisations de programme ont été ouverts entre 1966 et 1968, et il restera donc, pour les deux dernières années d'exécution du Plan, 353 millions de francs à engager, soit 176.500.000 francs pour chacune des deux années. Avec l'inscr"
"7_cri_1984-1985-ordinaire1_039.txt";"1984";"350604000";"francs";"350604000 F";"8";"proche";"2";"oui";"L' ETAT s Autorisations de programme : 39 316 000 francs. « Crédits de paiement : 23 590 000 francs. s TITRE VI . — SUBVENTIONS D ' INVESTISSEMENT ACCORDÉES PAR L'ETAT « Autorisations de programme : 350 604 000 francs. Crédits de paiement : 159 530 000 frimai., Je mets aux voix la réduction de crédi"
"5_cri_1976-1977-ordinaire1_061.txt";"1976";"339000000";"millions";"339.0 millions";"8";"proche";"2";"oui";"a première année d'exécution s'annonce relativement conforme à l'échéancier initial. Pour les deux premières années d'exécution, la contribution de l'Etat aura été de 564 millions de francs sur les 1 339 millions de francs prévus pour les cinq ans, soit, en francs constants, environ 24 p . 100. L'ef"
"7_cri_1982-1983-ordinaire1_057.txt";"1982";"319600000";"millions";"319.6 millions";"8";"proche";"5";"oui";"au lendemain du 10 mai 1981. Dans le rapport de la commission des finances, il est indiqué que, pour les départements d'outre-mer, les autorisations de programme augmentent de 19,4 p . 100 passant de 319,6 millions à 381,7 millions de francs. En réalité, si l'on tient compte des annulations décidées"
"7_cri_1982-1983-ordinaire1_057.txt";"1982";"301300000";"millions";"301.3 millions";"8";"proche";"5";"oui";"nulations décidées par l'arrêté du ministre chargé du budget en date du 18 octobre 1982, ces chiffres doivent être corrigés en moins. Les autorisations de programme ne seraient plus, en effet, que de 301,3 millions de francs soit 6 p. 100 de moins par rapport à 1982, ce qui, compte tenu de l'érosion"
"4_cri_1968-1969-ordinaire1_050.txt";"1968";"300200000";"francs";"300200000 F";"8";"proche";"16";"oui";"1iE 1968 M. Jean-Paul dé Roeca Serra, rapporteur spécial. Monsieur le secrétaire d'Etat, mes chers collègues, dans le projet de budget pour 1969, les crédits des départements d'outre-mer s 'élèvent à 300.200.000 francs, en augmentation de 21 .700.000 francs sur 1968. Ils progressent donc de 7,8 p. 1"
"7_cri_1982-1983-ordinaire1_057.txt";"1982";"233500000";"millions";"233.5 millions";"8";"proche";"5";"oui";"udgétaire de l'an dernier, il avait été' indiqué que le chapitre 31-44 dis ministère du budget, qui finance les primes et indemnités de • la direction générale des impôts, avait été abondé en 1980 de 233,5 millions de francs. Or le compte général de l'administra- tion des finances, publié quelques m"
"6_cri_1979-1980-ordinaire1_113.txt";"1979";"225500000";"millions";"225.5 millions";"8";"proche";"4";"oui";"amment aux décisions du Premier ministre concernant le lancement du plan pour la Guyane . Voilà qui est tout à fait significatif. Les crédits du F. I. D. O. M. passeront de 205 mil- lions de francs à 225,5 millions, compte non tenu des sommes consacrées à l'aide au sucre, qui ne vise pas l'investiss"
"4_cri_1968-1969-ordinaire1_050.txt";"1968";"176500000";"francs";"176500000 F";"8";"proche";"16";"oui";"ons de francs seulement d'autorisations de programme ont été ouverts entre 1966 et 1968, et il restera donc, pour les deux dernières années d'exécution du Plan, 353 millions de francs à engager, soit 176.500.000 francs pour chacune des deux années. Avec l'inscription d'un crédit de 158.400.000 franc"
"4_cri_1971-1972-ordinaire1_024.txt";"1971";"168500000";"millions";"168.5 millions";"8";"proche";"13";"oui";"réunionnaise d'orientation familiale Les crédits du F. I. D. O. M. constituent l'essentiel des dépenses a entrepris l'éducation des adultes par l'intermédiaire de huit en capital des titres V et VI : 168,5 millions de francs sur centres de consultations. Une association réunionnaise d'éduca- un tota"
"7_cri_1984-1985-ordinaire1_039.txt";"1984";"165387000";"francs";"165387000 F";"8";"proche";"2";"oui";"ÉS PAR L ' ETAT s Autorisations de programme : 5297000 francs. «Crédits de paiement : 2 061 000 francs.» TITRE VI. — SUBVENTIONS D 'INVESTISSEMENT ACCORDÉES PAR L ' ETAT «Autorisations de programme : 165 387 000 francs. « Crédits de paiement : 90 481 000 francs.» Je mets aux voix la réduction de cré"
"4_cri_1968-1969-ordinaire1_050.txt";"1968";"158400000";"francs";"158400000 F";"8";"proche";"16";"oui";"1968, et il restera donc, pour les deux dernières années d'exécution du Plan, 353 millions de francs à engager, soit 176.500.000 francs pour chacune des deux années. Avec l'inscription d'un crédit de 158.400.000 francs, un nouveau retard est donc pris et, à moins d'un rattrapage en 1970 — hypothèse "
"4_cri_1968-1969-ordinaire1_050.txt";"1968";"130840000";"francs";"130840000 F";"8";"proche";"16";"oui";"cet ensemble et j'examinerai ensuite, sous ses aspects les plus importants, la situation économique des départements d'outre-mer. Les crédits de paiement inscrits dans ce projet de budget s'élèvent à 130.840.000 francs pour les dépenses ordinaires, contre 118 .790.000 francs en 1968, et à 164 .450.0"
"4_cri_1968-1969-ordinaire1_050.txt";"1968";"128400000";"francs";"128400000 F";"8";"proche";"16";"oui";"crétariat d'Etat : la subvention du F. L D. O. M. Et c'est là que le budget qui vous est soumis pose le problème le plus préoccupant . Sont prévus : 158.40'1.000 francs d'autorisations de programme 128.400.000 francs pour la section centrale et 30 millions pour la section locale . Or le V° Plan avai"
"6_cri_1978-1979-ordinaire1_050.txt";"1978";"104383901";"francs";"104383901 F";"8";"proche";"1";"oui";"rits à la ligne : a Transports. — III. — Aviation civile et météorologie . » ETAT B Répartition des crédits applicables aux dépenses ordinaires (les services civils (mesures nouvelles). « Titre III : 104 383 901 francs « Titre IV : — 1 053 777 francs . » ETAT C Répartition des autorisations de progr"
"7_cri_1984-1985-ordinaire1_039.txt";"1984";"90481000";"francs";"90481000 F";"8";"proche";"2";"oui";": 5297000 francs. «Crédits de paiement : 2 061 000 francs.» TITRE VI. — SUBVENTIONS D 'INVESTISSEMENT ACCORDÉES PAR L ' ETAT «Autorisations de programme : 165 387 000 francs. « Crédits de paiement : 90 481 000 francs.» Je mets aux voix la réduction de crédits du titre IV. (La réduction de crédits es"
"5_cri_1974-1975-ordinaire1_046.txt";"1974";"45360000";"millions";"45.36 millions";"8";"proche";"8";"oui";"ier ministre sont personnellement très attachés, d'accroître cette année la dotation réservée à la section locale du fonds d'investissement des départements d'outre-nier qui va ainsi passer en 1975 à 45,36 millions de francs, alors que les documents budgétaires l'avaient fixée à 37,3 millions de fra"
"7_cri_1982-1983-ordinaire1_057.txt";"1982";"42000000";"millions";"42.0 millions";"8";"proche";"5";"oui";"générale des impôts, avait été abondé en 1980 de 233,5 millions de francs. Or le compte général de l'administra- tion des finances, publié quelques mois plus tard, a fait appa- raître une somme de 1 042 millions de francs, soit une différence de plus de 800 millions de francs. Aussi votre rapporteur"
"6_cri_1979-1980-ordinaire1_044.txt";"1979";"40000000";"millions";"40.0 millions";"8";"proche";"3";"oui";"t pour juger si l'effort annoncé se concrétisera dès l'année prochaine. Pour les crédits du budget des départements d'outre-mer proprement dit, on relève quelques points positifs : l'inscrip- tion de 40 millions de francs en autorisations de programme pour contribuer au financement des infrastructur"
"7_cri_1984-1985-ordinaire1_039.txt";"1984";"40000000";"millions";"40.0 millions";"8";"proche";"2";"oui";"rancs sur le F. I. D. E . S. général. Ces crédits ont été portés en 1984 à 33,3 millions de francs, auxquels il faut ajouter Il millions le francs du F .1. D.E.S. territorial, soit, au total, plus de 40 millions de flancs pour un territoire de 140000 habi- tants. ll conviendrait d'y ajouter aussi le"
"7_cri_1984-1985-ordinaire1_039.txt";"1984";"39316000";"francs";"39316000 F";"8";"proche";"2";"oui";"ns de programme et des crédits de paiement applicables aux dépenses en capital des services civils (mesures nouvelles). TITRE V . — INVESTISSEMENTS EXÉCUTÉS PAR L' ETAT s Autorisations de programme : 39 316 000 francs. « Crédits de paiement : 23 590 000 francs. s TITRE VI . — SUBVENTIONS D ' INVESTI"
"5_cri_1974-1975-ordinaire1_046.txt";"1974";"37300000";"millions";"37.3 millions";"8";"proche";"8";"oui";"tion réservée à la section locale du fonds d'investissement des départements d'outre-nier qui va ainsi passer en 1975 à 45,36 millions de francs, alors que les documents budgétaires l'avaient fixée à 37,3 millions de francs, et qu'elle ne représentait que 34 millions en 1974 . De ce fait, la dotatio"
"5_cri_1977-1978-ordinaire1_035.txt";"1977";"36000000";"millions";"36.0 millions";"8";"proche";"4";"oui";"e, le système des chantiers de chômage, en dépit d'une répartition contestable, a-t-il rendu bien des services et soulagé bien des misères, les crédits étant passés de 29 millions de francs en 1974 à 36 millions en 1976. Mais la gravité des problèmes posés aux travailleurs chargés de famille et aux "
"5_cri_1974-1975-ordinaire1_046.txt";"1974";"34000000";"millions";"34.0 millions";"8";"proche";"8";"oui";"ent des départements d'outre-nier qui va ainsi passer en 1975 à 45,36 millions de francs, alors que les documents budgétaires l'avaient fixée à 37,3 millions de francs, et qu'elle ne représentait que 34 millions en 1974 . De ce fait, la dotation de la section centrale du F. I. D. O.M. diminuera et p"
"5_cri_1976-1977-ordinaire1_062.txt";"1976";"34000000";"millions";"34.0 millions";"8";"proche";"2";"oui";"ns de francs en 1975 . De plus, le collectif — c'est une des décisions du Président de la République — comporte une augmentation de ces crédits de 4 millions de francs, ce qui en portera le montant à 34 millions de francs, chiffre supérieur à celui de 1976. Par ailleurs, le fonds social européen int"
"4_cri_1971-1972-ordinaire1_024.txt";"1971";"33500000";"millions";"33.5 millions";"8";"proche";"13";"oui";"trois départements par les associa- affectés à l'aide au développement de l'agriculture, de l'artisanat, tions privées bénéficie du concours du Fonds d'action sociale du tourisme et de l'industrie, et 33,5 millions à l'infrastructure obligatoire des caisses générales de sécurité sociale, le économiq"
"7_cri_1984-1985-ordinaire1_039.txt";"1984";"33299999";"millions";"33.3 millions";"8";"proche";"2";"oui";"corps d'Etat pour l'administratior de la Polynésie fran- çaise. La Polynésie a bénéficié en 1983 de plus de 31 millions de francs sur le F. I. D. E . S. général. Ces crédits ont été portés en 1984 à 33,3 millions de francs, auxquels il faut ajouter Il millions le francs du F .1. D.E.S. territorial, "
"7_cri_1984-1985-ordinaire1_080.txt";"1984";"33000000";"millions";"33.0 millions";"8";"proche";"1";"oui";"inistère des transports mettra à la dispo- tant Elles privent de ressources financières les collectivités sillon de celui du redéploiement industriel et du commerce locales . extérieur, la sonnée de :33 millions de francs afin d'aider des Cinquièmement, les eaux d'cxhaure des mines . investissements"
"7_cri_1984-1985-ordinaire1_039.txt";"1984";"31000000";"millions";"31.0 millions";"8";"proche";"2";"oui";"e-mer. Les deux tiers ! Par ailleurs, on compte 2 234 fonctionnaires rémunérés au titre du corps d'Etat pour l'administratior de la Polynésie fran- çaise. La Polynésie a bénéficié en 1983 de plus de 31 millions de francs sur le F. I. D. E . S. général. Ces crédits ont été portés en 1984 à 33,3 milli"
"4_cri_1968-1969-ordinaire1_050.txt";"1968";"30000000";"millions";"30.0 millions";"8";"proche";"16";"oui";"M. Et c'est là que le budget qui vous est soumis pose le problème le plus préoccupant . Sont prévus : 158.40'1.000 francs d'autorisations de programme 128.400.000 francs pour la section centrale et 30 millions pour la section locale . Or le V° Plan avait prévu 750 millions de francs d'engagements po"
"5_cri_1976-1977-ordinaire1_062.txt";"1976";"29100000";"millions";"29.1 millions";"8";"proche";"2";"oui";"destinés à permettre aux habitants des départements d'outre-mer de venir en métropole. Ces crédits n'ont pas diminué puisqu'ils sont encore de 30,7 mil- lions de francs, alors qu'ils n'étaient que de 29,1 millions de francs en 1975 . De plus, le collectif — c'est une des décisions du Président de la"
"5_cri_1977-1978-ordinaire1_035.txt";"1977";"29000000";"millions";"29.0 millions";"8";"proche";"4";"oui";"marrage plus malaisé . Sans doute, le système des chantiers de chômage, en dépit d'une répartition contestable, a-t-il rendu bien des services et soulagé bien des misères, les crédits étant passés de 29 millions de francs en 1974 à 36 millions en 1976. Mais la gravité des problèmes posés aux travail"
"5_qst_5-qst-1975-07-19.txt";"1975";"28353000";"francs";"28353000 F";"8";"proche";"1";"oui";"btenir que ces crédits s 'accroissent chaque année. Les crédits de chômage étaient : en 1972 de 22000000 francs, en 1973 de 23 650 000' francs, en 1974 (budget primitif plus budget supplémentaire) de 28 353 000 francs . D 'ores et déjà, en 1975, ces crédits atteignent un volume de ressources sensibl"
"7_cri_1984-1985-ordinaire1_039.txt";"1984";"23590000";"francs";"23590000 F";"8";"proche";"2";"oui";"applicables aux dépenses en capital des services civils (mesures nouvelles). TITRE V . — INVESTISSEMENTS EXÉCUTÉS PAR L' ETAT s Autorisations de programme : 39 316 000 francs. « Crédits de paiement : 23 590 000 francs. s TITRE VI . — SUBVENTIONS D ' INVESTISSEMENT ACCORDÉES PAR L'ETAT « Autorisation"
"5_qst_5-qst-1975-07-19.txt";"1975";"22000000";"francs";"22000000 F";"8";"proche";"1";"oui";"tariat d 'Etat aux départements . et territoires d'outre-mer et le ministère du travail s'efforcent d 'obtenir que ces crédits s 'accroissent chaque année. Les crédits de chômage étaient : en 1972 de 22000000 francs, en 1973 de 23 650 000' francs, en 1974 (budget primitif plus budget supplémentaire)"
"4_cri_1970-1971-ordinaire1_023.txt";"1970";"20000000";"millions";"20.0 millions";"8";"proche";"4";"oui";"chômage sont certains. Aussi a-t-il été prévu l'implantation d'une antenne de l'agence nationale de l'emploi. D'autre part, les crédits du fonds de chômage sont passés de 7 .400.000 francs en 1966 à 20 millions de francs en 1970. En revanche, les objectifs fixés en matière de migration pourront être"
"6_cri_1978-1979-ordinaire1_050.txt";"1978";"17625000";"francs";"17625000 F";"8";"proche";"1";"oui";"'ETAT « Autorisations de programme, 1 515 675 000 francs s Crédits de paiement, 1 016 444 000 francs, » TITRE VI. — SUBVENTIONS D'INVESTISSEMENT ACCORDÉES PAR L ' ETAT e Autorisations de programme, 17 625 000 francs e Crédits de paiement, 10 275 000 francs . » Personne ne demande la parole sur le ti"
"6_cri_1978-1979-ordinaire1_050.txt";"1978";"17000000";"millions";"17.0 millions";"8";"proche";"1";"oui";"ontaine l'amen- dement n"" 318 est présenté par MM . Main Richard, Alain Vivien, Auiain, Alex Raymond et les membres du groupe socialiste. Ces amendements sont ainsi rédigés : Réduire les crédits de 17 millions de francs. La parole est à M . Fontaine pour soutenir l'amendement n"" 204. M. Jean Fontain"
"7_cri_1984-1985-ordinaire1_039.txt";"1984";"13417593";"francs";"13417593 F";"8";"proche";"2";"oui";"Dépar- tements et territoires d'outre-mer: II. — Départements d'outre-mer.. ETAT B Répartition des crédits applicables aux dépenses ordinaires des services civils (mesures nouvelles). • Titre IV : — 13 417 593 francs. . ETAT C Répartition des autorisa..ons de programme et des crédits de paiement app"
"7_cri_1984-1985-ordinaire1_039.txt";"1984";"13390238";"francs";"13390238 F";"8";"proche";"2";"oui";"Dépar- tements et territoires d'outre-mer: III. — Territoires d'outre-mer . s ETAT B Répartition des crédits applicables aux dépenses ordinaires der services civils (mesures nouvelles). s Titre IV : -13 390 238 francs. s ETAT C Répartition des autorisations de programme et des crédits de paiement ap"
"6_cri_1978-1979-ordinaire1_050.txt";"1978";"10275000";"francs";"10275000 F";"8";"proche";"1";"oui";"75 000 francs s Crédits de paiement, 1 016 444 000 francs, » TITRE VI. — SUBVENTIONS D'INVESTISSEMENT ACCORDÉES PAR L ' ETAT e Autorisations de programme, 17 625 000 francs e Crédits de paiement, 10 275 000 francs . » Personne ne demande la parole sur le titre III ? ... Je mets aux voix le titre III"
"5_cri_1976-1977-ordinaire1_062.txt";"1976";"10000000";"millions";"10.0 millions";"8";"proche";"2";"oui";"émunérateur de la canne à sucre pour les planteurs, avait obéré, c'est vrai, le budget départemental de la Réunion. Elle sera compensée en 1977 par le collectif, puisqu'une dotation supplémentaire de 10 millions de francs sera accordée à cet effet. Soulignons qu'il s'agit là d'une mesure tout à fait"
"7_cri_1984-1985-ordinaire1_039.txt";"1984";"9142319";"francs";"9142319 F";"8";"proche";"2";"oui";"a ligne « Dépar- tements et territoires d'outre-mer: 1. — Section commune». ETAT B Répartition des crédits applicables aux dépenses ordinaires des services civils (mesures nouvelles). «Titre III : -- 9 142 319 francs.» Personne ne demande ia parole?... Je mets aux voix le titre III. (Le titre III es"
"5_cri_1975-1976-ordinaire2_035.txt";"1975";"8420000";"francs";"8420000 F";"8";"proche";"2";"oui";"avaux publics supplémentaires, notam- ment en faveur des collectivités locales. Ces crédits, qui étaient de 5 900 000 francs en 1973 pour la Martinique, ont été portés à 7 300 000 francs en 1974 et à 8 420 000 francs en 1975 . Pour 1976, le préfet a déjà reçu une délégation de e-édits de 7 170 000 f"
"5_cri_1975-1976-ordinaire2_035.txt";"1975";"7300000";"francs";"7300000 F";"8";"proche";"2";"oui";"et permet la réalisation de travaux publics supplémentaires, notam- ment en faveur des collectivités locales. Ces crédits, qui étaient de 5 900 000 francs en 1973 pour la Martinique, ont été portés à 7 300 000 francs en 1974 et à 8 420 000 francs en 1975 . Pour 1976, le préfet a déjà reçu une déléga"
"5_cri_1975-1976-ordinaire2_035.txt";"1975";"7170000";"francs";"7170000 F";"8";"proche";"2";"oui";"ts, qui étaient de 5 900 000 francs en 1973 pour la Martinique, ont été portés à 7 300 000 francs en 1974 et à 8 420 000 francs en 1975 . Pour 1976, le préfet a déjà reçu une délégation de e-édits de 7 170 000 francs. En raison des difficultés de la situation actuelle, et pour permettre la rémunérat"
"5_cri_1975-1976-ordinaire2_035.txt";"1975";"5900000";"francs";"5900000 F";"8";"proche";"2";"oui";"tendre. Cette aide constitue un salaire et non une allocation et permet la réalisation de travaux publics supplémentaires, notam- ment en faveur des collectivités locales. Ces crédits, qui étaient de 5 900 000 francs en 1973 pour la Martinique, ont été portés à 7 300 000 francs en 1974 et à 8 420 00"
"7_cri_1984-1985-ordinaire1_039.txt";"1984";"5297000";"francs";"5297000 F";"8";"proche";"2";"oui";"ns de programme et des crédits de paiement applicables aux dépenses en capital des services civils (mesures nouveUes). TITRE V . — INVESTISSEMENTS EXÉCUTÉS PAR L ' ETAT s Autorisations de programme : 5297000 francs. «Crédits de paiement : 2 061 000 francs.» TITRE VI. — SUBVENTIONS D 'INVESTISSEMENT "
"7_cri_1984-1985-ordinaire1_039.txt";"1984";"5000000";"millions";"5.0 millions";"8";"proche";"2";"oui";"ment des travaux de dragage à hauteur de ll millions de francs . A partir de 1985, le secrétariat d'Etat chargé de la mer participera à l'extension du port de Larivot pour une dépense d'un montant de 5 millions de francs. En ce qui concerne l'éducation, nous avions en 1981 — budget de gouvernement d"
"5_cri_1976-1977-ordinaire1_062.txt";"1976";"4000000";"millions";"4.0 millions";"8";"proche";"2";"oui";"de francs, alors qu'ils n'étaient que de 29,1 millions de francs en 1975 . De plus, le collectif — c'est une des décisions du Président de la République — comporte une augmentation de ces crédits de 4 millions de francs, ce qui en portera le montant à 34 millions de francs, chiffre supérieur à celui"
"7_cri_1984-1985-ordinaire1_039.txt";"1984";"2600000";"francs";"2600000 F";"8";"proche";"2";"oui";"de la mer participera à l'extension du port de Larivot pour une dépense d'un montant de 5 millions de francs. En ce qui concerne l'éducation, nous avions en 1981 — budget de gouvernement de droite -- 2 600 000 francs pour l'ensemble des équipements scolaires, premier et second degrés . Nous sommes p"
"7_cri_1984-1985-ordinaire1_039.txt";"1984";"2061000";"francs";"2061000 F";"8";"proche";"2";"oui";"ent applicables aux dépenses en capital des services civils (mesures nouveUes). TITRE V . — INVESTISSEMENTS EXÉCUTÉS PAR L ' ETAT s Autorisations de programme : 5297000 francs. «Crédits de paiement : 2 061 000 francs.» TITRE VI. — SUBVENTIONS D 'INVESTISSEMENT ACCORDÉES PAR L ' ETAT «Autorisations d"
"4_cri_1972-1973-ordinaire1_045.txt";"1972";"1600000";"million";"1.6 million";"8";"proche";"1";"oui";"ssion démographique. Mais je tiens à dire que , .c'est aussi une mesure coûteuse, puisque l'augmentation du mouvement de migration de trois cents personnes environ entrainera une dépense supérieure à 1,6 million de francs. J'indique, à ce sujet, que 9 .165 migrations ont été enre- gistrées en 1971. "
"5_cri_1975-1976-ordinaire2_035.txt";"1975";"1500000";"francs";"1500000 F";"8";"proche";"2";"oui";"e-édits de 7 170 000 francs. En raison des difficultés de la situation actuelle, et pour permettre la rémunération des travailleurs qui seraient éventuel- lement licenciés, un crédit exceptionnel de 1 500 000 francs vient de lui être délégué par le ministre du travail, à la demande du secrétaire d'E"
"6_cri_1978-1979-ordinaire1_050.txt";"1978";"1053777";"francs";"1053777 F";"8";"proche";"1";"oui";"I. — Aviation civile et météorologie . » ETAT B Répartition des crédits applicables aux dépenses ordinaires (les services civils (mesures nouvelles). « Titre III : 104 383 901 francs « Titre IV : — 1 053 777 francs . » ETAT C Répartition des autorisations de programme et des crédits de paiement appl"
"6_cri_1978-1979-ordinaire2_017.txt";"1978";"35000";"francs";"35000 F";"8";"proche";"3";"non";"ions de l'esti- cie 394 C. G. L, n'est pas admis en déduction du bénéfice imposable des entreprises, l'amortissement des voitures particulières pour la fraction de leur prix d'acquisition qui dépasse 35 000 francs T. T. C. Cette limite a été fixée, en dernier lieu, par la loi de finances du 27 décem"
"6_cri_1978-1979-ordinaire2_017.txt";"1978";"35000";"francs";"35000 F";"8";"proche";"3";"non";"4. Or, les tarifs des constructeurs de voitures sont en augmentation régulière et, de ce fait, le prix de la plupart des modèles de moyenne cylindrée est nettement supérieur à cette limite fiscale de 35000 francs. En conséquence, les entreprises industrielles, commerciales ou libérales se trouvent p"
"4_cri_1968-1969-ordinaire1_050.txt";"1968";"950";"francs";"950 F";"8";"proche";"16";"non";"ancs en 1968. La progression est donc plus forte pour les dépenses ordinaires — plus 10,1 p. 100 — que pour les dépenses en capital, plus 6 p. 100. Les autorisations de programme sont limitées à 164 .950.000 francs, en diminution de 0,6 p. 100 par rapport à 1968. Pour ce qui est des crédits des mini"
"5_cri_1973-1974-ordinaire1_032.txt";"1973";"922";"francs";"922 F";"8";"proche";"3";"non";"00 francs. (Les autorisations de programme sont adoptées .) M. le président. Je mets aux voix les crédits ouverts au para- graphe II de l'article 24, au titre des mesures nouvelles, au chiffre de 91 .922.771 francs. (Ces crédits sont adoptés.) M. le président. Nous avons terminé l'examen du budget a"
"4_cri_1968-1969-ordinaire1_050.txt";"1968";"800";"francs";"800 F";"8";"proche";"16";"non";"t inscrits dans ce projet de budget s'élèvent à 130.840.000 francs pour les dépenses ordinaires, contre 118 .790.000 francs en 1968, et à 164 .450.000 francs pour les dépenses en capital, contre 159 .800.000 francs en 1968. La progression est donc plus forte pour les dépenses ordinaires — plus 10,1 "
"5_cri_1973-1974-ordinaire1_032.txt";"1973";"800";"francs";"800 F";"8";"proche";"3";"non";"ent de la migration, à l'augmentation spectaculaire des crédits qui figurent dans votre budget pour les voyages des jeunes vers la métropole, au chapitre 46 .92, où se trouve inscrite une somme de 1 .800.000 francs, quand on sait également que les projets du Gouvernement concernant la réforme de la "
"4_cri_1968-1969-ordinaire1_050.txt";"1968";"790";"francs";"790 F";"8";"proche";"16";"non";"us importants, la situation économique des départements d'outre-mer. Les crédits de paiement inscrits dans ce projet de budget s'élèvent à 130.840.000 francs pour les dépenses ordinaires, contre 118 .790.000 francs en 1968, et à 164 .450.000 francs pour les dépenses en capital, contre 159 .800.000 f"
"4_cri_1968-1969-ordinaire1_050.txt";"1968";"700";"francs";"700 F";"8";"proche";"16";"non";"rteur spécial. Monsieur le secrétaire d'Etat, mes chers collègues, dans le projet de budget pour 1969, les crédits des départements d'outre-mer s 'élèvent à 300.200.000 francs, en augmentation de 21 .700.000 francs sur 1968. Ils progressent donc de 7,8 p. 100 tandis que la croissance des charges du "
"5_cri_1973-1974-ordinaire1_032.txt";"1973";"516";"francs";"516 F";"8";"proche";"3";"non";"29 francs. (Ces crédits sont adoptés .) M. le président. Je mets aux voix les autorisations de pro- gramme inscrites au paragraphe I de l'article 24, au titre des mesures nouvelles, au chiffre de 11 .516.000 francs. (Les autorisations de programme sont adoptées .) M. le président. Je mets aux voix l"
"4_cri_1968-1969-ordinaire1_050.txt";"1968";"450";"francs";"450 F";"8";"proche";"16";"non";"ique des départements d'outre-mer. Les crédits de paiement inscrits dans ce projet de budget s'élèvent à 130.840.000 francs pour les dépenses ordinaires, contre 118 .790.000 francs en 1968, et à 164 .450.000 francs pour les dépenses en capital, contre 159 .800.000 francs en 1968. La progression est "
"4_cri_1970-1971-ordinaire1_023.txt";"1970";"400";"francs";"400 F";"8";"proche";"4";"non";"cultés de placement et le chômage sont certains. Aussi a-t-il été prévu l'implantation d'une antenne de l'agence nationale de l'emploi. D'autre part, les crédits du fonds de chômage sont passés de 7 .400.000 francs en 1966 à 20 millions de francs en 1970. En revanche, les objectifs fixés en matière "
"5_cri_1973-1974-ordinaire1_032.txt";"1973";"277";"francs";"277 F";"8";"proche";"3";"non";"le président. J'appelle maintenant les crédits du budget annexe de l'Imprimerie nationale. Personne ne demande la parole ? . .. Je mets aux voix les crédits ouverts à l'article 23, au chiffre de 302 .277.229 francs. (Ces crédits sont adoptés .) M. le président. Je mets aux voix les autorisations de "
"4_cri_1969-1970-ordinaire1_050.txt";"1969";"1697844000";"francs";"1697844000 F";"7";"proche";"4";"non";"lée. Ce document permet de constater que le total des sommes affectées aux départements d'outre-mer par les ministères tech- niques est en augmentation puisque les crédits prévus pour 1970 atteignent 1.697.844.000 francs, contre 1.611.403.000 francs en 1969, soit une progression de 5,3 p . 100. Un e"
"4_cri_1969-1970-ordinaire1_050.txt";"1969";"1611403000";"francs";"1611403000 F";"7";"proche";"4";"non";"nstater que le total des sommes affectées aux départements d'outre-mer par les ministères tech- niques est en augmentation puisque les crédits prévus pour 1970 atteignent 1.697.844.000 francs, contre 1.611.403.000 francs en 1969, soit une progression de 5,3 p . 100. Un effort tout particulier a été "
"4_cri_1971-1972-ordinaire1_024.txt";"1971";"963000000";"millions";"963.0 millions";"7";"proche";"13";"non";". Renouard a rappelé qu'une disposition de la loi de finances ques ont été estimées à 2.900 millions de francs répartis entre : pour 1968 imposait au Gouvernement de présenter, en même la production, 963 millions 200.000 francs l'infrastructure, temps que le projet de budget, une répartition des cré"
"4_cri_1968-1969-ordinaire1_050.txt";"1968";"953000000";"millions";"953.0 millions";"7";"proche";"16";"non";"re- mer, reportons-nous aux chiffres. La progression des transferts publics réalisés aux Antilles ces quatre dernières années a été la suivante : 682 millions de francs en 1963, 882 millions en 1964, 953 millions en 1965, 1.127 millions en 1966, 1 .320 millions en 1967. Ainsi, l'effort de la métropo"
"5_cri_1974-1975-ordinaire1_046.txt";"1974";"950000000";"millions";"950.0 millions";"7";"proche";"8";"non";"millions de francs courants les ressources budgétaires dont aura bénéficié le F. I. D. O. M. de 1971 à 1975 . Je rappelle, à ce propos, que le montant total qui avait été retenu au VI' Plan était de 950 millions de francs. Cependant, si l'on tient compte des variations de la monnaie — elles ne sont "
"5_cri_1974-1975-ordinaire1_046.txt";"1974";"902000000";"millions";"902.0 millions";"7";"proche";"8";"non";"ce. Quant au secteur programmé par le VI- Plan, il a trait aux dotations du F . I.D. O . M. qui passent de 197 à 216 millions de francs, soit une augmentation de 9,7 p . 100. Cette dotation portera à 902 millions de francs courants les ressources budgétaires dont aura bénéficié le F. I. D. O. M. de "
"4_cri_1971-1972-ordinaire1_024.txt";"1971";"900000000";"millions";"900.0 millions";"7";"proche";"13";"non";"r sont de l'ordre de 1.800 millions de francs. Dans l'ensemble, pour la durée du VI` Plan, les dépenses publi- M. Renouard a rappelé qu'une disposition de la loi de finances ques ont été estimées à 2.900 millions de francs répartis entre : pour 1968 imposait au Gouvernement de présenter, en même la "
"4_cri_1971-1972-ordinaire1_024.txt";"1971";"886000000";"millions";"886.0 millions";"7";"proche";"13";"non";"ntité. La formation professionnelle orientée francs en 1970. Les crédits du secteur public sont passés de vers les nécessités de techniques nouvelles doit contribuer à 622 millions de francs en 1967 à 886 millions en 1969 et attei- leur donner les éléments leur permettant de s'intégrer dans la gnent"
"4_cri_1968-1969-ordinaire1_050.txt";"1968";"882000000";"millions";"882.0 millions";"7";"proche";"16";"non";"des départements d'outre- mer, reportons-nous aux chiffres. La progression des transferts publics réalisés aux Antilles ces quatre dernières années a été la suivante : 682 millions de francs en 1963, 882 millions en 1964, 953 millions en 1965, 1.127 millions en 1966, 1 .320 millions en 1967. Ainsi, "
"5_cri_1977-1978-ordinaire1_035.txt";"1977";"828000000";"millions";"828.0 millions";"7";"proche";"4";"non";"ions de francs, qu'un peu moins du onzième du total des crédits consacrés globalement par la France, à travers l'ensemble des ministères, à ces dépar- tements. Au total, c'est en effet une somme de 6 828 millions de francs qui est dégagée, faisant apparaitre, par rapport à l'année dernière, une prog"
"4_cri_1971-1972-ordinaire1_024.txt";"1971";"811000000";"millions";"811.0 millions";"7";"proche";"13";"non";"ncs répartis entre : pour 1968 imposait au Gouvernement de présenter, en même la production, 963 millions 200.000 francs l'infrastructure, temps que le projet de budget, une répartition des crédits 811 millions 800.000 francs les actions sur les conditions de vie, des ministères techniques affectés "
"7_cri_1982-1983-ordinaire1_057.txt";"1982";"751140000";"francs";"751140000 F";"7";"proche";"5";"non";"rtants . Il faut pourtant constater une nette régression des crédits affectés au F. L D . E. S. puisque la dotation de la section générale, qui s'élevait à 138 830 000 francs en 1981, a été ramenée à 751140000 francs .en 1982. Les auto- risations de programme pour 1983 sont actuellement fixées à 117"
"5_cri_1975-1976-ordinaire1_057.txt";"1975";"700000000";"millions";"700.0 millions";"7";"proche";"4";"non";", sinon pour souligner que ce budget, qui s'élève à environ 490 millions de francs, est sans commune mesure avec l'effort financier global consenti par la nation pour ces départe- ments, qui est de 4 700 millions de francs. Conformément à la tradition qu'il a instituée l'an dernier, le rapporteur po"
"4_cri_1968-1969-ordinaire1_050.txt";"1968";"682000000";"millions";"682.0 millions";"7";"proche";"16";"non";"i un effort suffisant en faveur des départements d'outre- mer, reportons-nous aux chiffres. La progression des transferts publics réalisés aux Antilles ces quatre dernières années a été la suivante : 682 millions de francs en 1963, 882 millions en 1964, 953 millions en 1965, 1.127 millions en 1966, "
"4_cri_1971-1972-ordinaire1_024.txt";"1971";"622000000";"millions";"622.0 millions";"7";"proche";"13";"non";"468 millions de qualité et en quantité. La formation professionnelle orientée francs en 1970. Les crédits du secteur public sont passés de vers les nécessités de techniques nouvelles doit contribuer à 622 millions de francs en 1967 à 886 millions en 1969 et attei- leur donner les éléments leur perme"
"5_cri_1977-1978-ordinaire1_035.txt";"1977";"603000000";"millions";"603.0 millions";"7";"proche";"4";"non";"t des dotations était très insuffisant . Cepen- dant, à y regarder de plus près, on s'aperçoit que les crédits du secrétariat d'Etat aux départements d'outre-mer ne repré- sentent. avec une valeur de 603 millions de francs, qu'un peu moins du onzième du total des crédits consacrés globalement par la"
"5_cri_1977-1978-ordinaire1_035.txt";"1977";"603000000";"millions";"603.0 millions";"7";"proche";"4";"non";", et à vous, mesdames et messieurs les députés, sur une situation qui a semblé très choquante à la commission de la production. En effet, alors que le projet de budget du secrétariat d'Etat s'élève à 603 millions de francs au total, les sommes consacrées par la France aux départements d'outre-mer at"
"5_cri_1975-1976-ordinaire1_057.txt";"1975";"490000000";"millions";"490.0 millions";"7";"proche";"4";"oui";"ant été excellemment faite par le rapporteur spécial de la commission des finances. M. de Rocca Serra, il est à mon avis inutile d'y revenir, sinon pour souligner que ce budget, qui s'élève à environ 490 millions de francs, est sans commune mesure avec l'effort financier global consenti par la natio"
"5_cri_1974-1975-ordinaire1_046.txt";"1974";"412000000";"millions";"412.0 millions";"7";"proche";"8";"oui";"de Gastines a souligné qu'au budget propre de mon département s'ajoutait l'effort que font les ministères techniques pour compléter mon action . Cet effort n'est pas négligeable puisqu'on l'évalue à 412 millions de francs . J'ai tenu à coordonner moi-même cet effort en organisant, régu- lièrement ma"
"4_cri_1971-1972-ordinaire1_024.txt";"1971";"344000000";"millions";"344.0 millions";"7";"proche";"13";"oui";"que chez nous, ne trou- budget des départements d'outre-mer s'élèvent plus rapidement vent pas à s'employer. C'est donc sur un marché du travail trop que la moyenne. Pour 1972, ils atteindront près de 344 millions, faible que la pression des jeunes s'exerce chaque année plus soit une augmentation de"
"4_cri_1968-1969-ordinaire1_050.txt";"1968";"320000000";"millions";"320.0 millions";"7";"proche";"16";"oui";"ion des transferts publics réalisés aux Antilles ces quatre dernières années a été la suivante : 682 millions de francs en 1963, 882 millions en 1964, 953 millions en 1965, 1.127 millions en 1966, 1 .320 millions en 1967. Ainsi, l'effort de la métropole a été au moins égal, sinon supé- rieur, à celu"
"4_cri_1971-1972-ordinaire1_024.txt";"1971";"319000000";"millions";"319.0 millions";"7";"proche";"13";"oui";"tif — il s'agit du document que 'nous devrions lyse des dépenses en capital. vous fournir mais qui n'est pas encore au point — est de l'ordre Toujours en raison de l'accroissement démographique, le de 319 millions de francs, contre 235 millions en 1971. Mais il V' Plan, marqué par des résultats inco"
"4_cri_1970-1971-ordinaire1_023.txt";"1970";"251000000";"millions";"251.0 millions";"7";"proche";"4";"oui";"ajorations (les taux et plafonds (les allocations dans la métropole ont été régulièrement répercutées dans les départements d'outre-mer où les dépenses d'aide sociale s'élèvent actuellement à plus de 251 millions, contre 163 millions de francs en 1964. Il faut signaler le décret du 9 mars 1970 qui a"
"7_cri_1983-1984-ordinaire1_076.txt";"1983";"240000000";"millions";"240.0 millions";"7";"proche";"2";"oui";"ement du nombre de logements . Or ce n'est pas à ce à quoi nous assistons . Les crédits affectés à la construction de logements sociaux connaissent une stabilité qui est en fait une baisse : en 1980, 240 millions de francs en 1981, 188 en 1982, 211 en 1983, 232, soit après quatre ans de hausse des p"
"4_cri_1971-1972-ordinaire1_024.txt";"1971";"235000000";"millions";"235.0 millions";"7";"proche";"13";"oui";"'nous devrions lyse des dépenses en capital. vous fournir mais qui n'est pas encore au point — est de l'ordre Toujours en raison de l'accroissement démographique, le de 319 millions de francs, contre 235 millions en 1971. Mais il V' Plan, marqué par des résultats incontestables, n'a pas modi- faut y"
"5_cri_1974-1975-ordinaire1_046.txt";"1974";"216000000";"millions";"216.0 millions";"7";"proche";"8";"oui";"aux collectivités locales, en hausse de 29 p. 100, dont vous avez souligné l 'importance. Quant au secteur programmé par le VI- Plan, il a trait aux dotations du F . I.D. O . M. qui passent de 197 à 216 millions de francs, soit une augmentation de 9,7 p . 100. Cette dotation portera à 902 millions d"
"4_cri_1971-1972-ordinaire1_024.txt";"1971";"168000000";"millions";"168.0 millions";"7";"proche";"13";"oui";"me international de Raizet, le port de Pointe-à-Pitre, Les crédits affectés. au F. I. D. O. M., passent de 140 millions le téléphone, les routes, les hôtels à proximité des plages forment de francs à 168 millions de francs en 1972, soit une aug- déjà les éléments d'une unité touristique de valeur au"
"4_cri_1969-1970-ordinaire1_050.txt";"1969";"166173000";"francs";"166173000 F";"7";"proche";"4";"oui";"es. Les crédits d'investissement s'établiront, en autorisations de programme, à 146.565.000 francs en 1970, contre 156.950.000 francs en 1969, et, en crédits de paiement, à 150.105.000 francs, contre 166.173.000 francs en 1969. Cette diminution s'explique par l'affectation au fonds d'action conjonct"
"4_cri_1970-1971-ordinaire1_023.txt";"1970";"163000000";"millions";"163.0 millions";"7";"proche";"4";"oui";"et plafonds (les allocations dans la métropole ont été régulièrement répercutées dans les départements d'outre-mer où les dépenses d'aide sociale s'élèvent actuellement à plus de 251 millions, contre 163 millions de francs en 1964. Il faut signaler le décret du 9 mars 1970 qui a relevé le taux de pa"
"4_cri_1968-1969-ordinaire1_050.txt";"1968";"158400000";"francs";"158400000 F";"7";"proche";"16";"oui";"s crédits programmés par le F. I. D. O. M. — fonds d'investissement spécifique à ces régions — atteint, en fin 1968, 55 p . 100 des prévisions pour les quatre départements d'outre-mer. La dotation de 158.400.000 francs prévue pour cette année impose donc à la commission centrale du Plan pour les dép"
"4_cri_1969-1970-ordinaire1_050.txt";"1969";"156950000";"francs";"156950000 F";"7";"proche";"4";"oui";"faveur des départements, notamment dans le domaine de l'aide aux collectivités locales. Les crédits d'investissement s'établiront, en autorisations de programme, à 146.565.000 francs en 1970, contre 156.950.000 francs en 1969, et, en crédits de paiement, à 150.105.000 francs, contre 166.173.000 fran"
"4_cri_1970-1971-ordinaire1_023.txt";"1970";"153000000";"millions";"153.0 millions";"7";"proche";"4";"oui";"erne les dépenses en capital, la dotation du F .I .D .O .M. passe de 140 à 147 millions de francs. Je ferai trois observations. Première observation : la dotation du F. I. D. O. M. s'étant éle- vée à 153 millions de francs en 1969, l'augmentation proposée ne permet pas de retrouver le niveau antérie"
"4_cri_1969-1970-ordinaire1_050.txt";"1969";"150105000";"francs";"150105000 F";"7";"proche";"4";"oui";"ide aux collectivités locales. Les crédits d'investissement s'établiront, en autorisations de programme, à 146.565.000 francs en 1970, contre 156.950.000 francs en 1969, et, en crédits de paiement, à 150.105.000 francs, contre 166.173.000 francs en 1969. Cette diminution s'explique par l'affectation"
"7_cri_1982-1983-ordinaire1_057.txt";"1982";"148400000";"millions";"148.4 millions";"7";"proche";"5";"oui";"dépenses d'action économique dans les territoires d'outre- mer, qui traduisent le montant de la participation de l'Etat au fonds d'investissement et de développement économique et social, s'élèvent à 148,4 millions de franes en autorisations de programme et à plus de 127 millions de francs en crédit"
"4_cri_1970-1971-ordinaire1_023.txt";"1970";"147000000";"millions";"147.0 millions";"7";"proche";"4";"oui";"frastructure de plus en plus impor- tantes, à la suite de l'installation du centre d'expérimentation spatiale. En ce qui concerne les dépenses en capital, la dotation du F .I .D .O .M. passe de 140 à 147 millions de francs. Je ferai trois observations. Première observation : la dotation du F. I. D. "
"4_cri_1969-1970-ordinaire1_050.txt";"1969";"146565000";"francs";"146565000 F";"7";"proche";"4";"oui";"principales actions entreprises en faveur des départements, notamment dans le domaine de l'aide aux collectivités locales. Les crédits d'investissement s'établiront, en autorisations de programme, à 146.565.000 francs en 1970, contre 156.950.000 francs en 1969, et, en crédits de paiement, à 150.105."
"4_cri_1969-1970-ordinaire1_050.txt";"1969";"140398088";"francs";"140398088 F";"7";"proche";"4";"oui";"e 4.400.000 francs, dont 1.800.000 francs ont été affectés à la section de fonctionnement et 2.500.000 francs au fonds d'investissement. Les crédits de fonctionnement prévus pour 1970 atteignent donc 140.398.088 francs, contre 127.839.095 francs en 1969, soit une augmentation de 12.558.993 francs, d"
"4_cri_1971-1972-ordinaire1_024.txt";"1971";"140000000";"millions";"140.0 millions";"7";"proche";"13";"oui";"ont en antillais. augmentation de 12,2 p. 100 par rapport à celles de l'an dernier. L'aérodrome international de Raizet, le port de Pointe-à-Pitre, Les crédits affectés. au F. I. D. O. M., passent de 140 millions le téléphone, les routes, les hôtels à proximité des plages forment de francs à 168 mil"
"7_cri_1982-1983-ordinaire1_057.txt";"1982";"138830000";"francs";"138830000 F";"7";"proche";"5";"oui";", ces acquisitions supposent des moyens Importants . Il faut pourtant constater une nette régression des crédits affectés au F. L D . E. S. puisque la dotation de la section générale, qui s'élevait à 138 830 000 francs en 1981, a été ramenée à 751140000 francs .en 1982. Les auto- risations de progra"
"4_cri_1969-1970-ordinaire1_050.txt";"1969";"127839095";"francs";"127839095 F";"7";"proche";"4";"oui";"800.000 francs ont été affectés à la section de fonctionnement et 2.500.000 francs au fonds d'investissement. Les crédits de fonctionnement prévus pour 1970 atteignent donc 140.398.088 francs, contre 127.839.095 francs en 1969, soit une augmentation de 12.558.993 francs, dont 11.550.511 francs au ti"
"4_cri_1968-1969-ordinaire1_050.txt";"1968";"127000000";"millions";"127.0 millions";"7";"proche";"16";"oui";"aux chiffres. La progression des transferts publics réalisés aux Antilles ces quatre dernières années a été la suivante : 682 millions de francs en 1963, 882 millions en 1964, 953 millions en 1965, 1.127 millions en 1966, 1 .320 millions en 1967. Ainsi, l'effort de la métropole a été au moins égal, "
"7_cri_1982-1983-ordinaire1_057.txt";"1982";"127000000";"millions";"127.0 millions";"7";"proche";"5";"oui";"traduisent le montant de la participation de l'Etat au fonds d'investissement et de développement économique et social, s'élèvent à 148,4 millions de franes en autorisations de programme et à plus de 127 millions de francs en crédits de paiement. Les crédits relatifs à l'action « recherche scientifi"
"7_cri_1982-1983-ordinaire1_057.txt";"1982";"117430000";"francs";"117430000 F";"7";"proche";"5";"oui";"uisque la dotation de la section générale, qui s'élevait à 138 830 000 francs en 1981, a été ramenée à 751140000 francs .en 1982. Les auto- risations de programme pour 1983 sont actuellement fixées à 117 430 000 francs. Je crains que ces crédits ne soient insuffisants pour mettre en oeuvre une réfor"
"7_cri_1982-1983-ordinaire1_057.txt";"1982";"103900000";"millions";"103.9 millions";"7";"proche";"5";"oui";"e programme augmentent, les crédits de paiement diminuent, plus fortement en ce qui concerne-la section générale que la section départementale, ce qui rétablit pratiquement l'égalité entre les deux — 103,9 millions de francs contre 103,6 millions de f rancs. Ces chiffres sont à rapprocher des 14 à 1"
"7_cri_1982-1983-ordinaire1_057.txt";"1982";"103600000";"millions";"103.6 millions";"7";"proche";"5";"oui";"its de paiement diminuent, plus fortement en ce qui concerne-la section générale que la section départementale, ce qui rétablit pratiquement l'égalité entre les deux — 103,9 millions de francs contre 103,6 millions de f rancs. Ces chiffres sont à rapprocher des 14 à 15 milliards de francs environ qu"
"4_cri_1969-1970-ordinaire1_050.txt";"1969";"89353000";"francs";"89353000 F";"7";"proche";"4";"oui";"e, 675 .000 francs e Crédits de paiement, 675.000 francs ,. TITRE VI. — SUBVENTIONS D'INVESTISSEMENT ACCORDÉES PAR L 'ETAT e Autorisations de programme, 145 .890.000 francs e Crédits de paiement, 89.353.000 francs ». Personne ne demande la parole? . .. Je mets aux voix le titre IH. M. Louis Odru. Le"
"4_cri_1971-1972-ordinaire1_024.txt";"1971";"80000000";"millions";"80.0 millions";"7";"proche";"13";"oui";"pour et ne doit pas être abordé comme en Afrique. Pourtant, les métho- les ports représentent, au ministère de l'équipement, la somme des africaines ont été transposées en Guyane. lI eet désormais de 80 millions de francs ? acquis que des moyens matériels très importants sont indispen- Monsieur le m"
"5_cri_1974-1975-ordinaire1_046.txt";"1974";"75000000";"millions";"75.0 millions";"7";"proche";"8";"oui";"uffi- sant, n'est cependant pas négligeable . En effet, à cette action ont été consacrés 67 millions de francs en Martinique, 86 mil- lions de francs en Guadeloupe, 17 millions de francs en Guyane et 75 millions de francs à la Réunion. Ces chiffres témoignent des crédits investis cette année dans le"
"7_cri_1982-1983-ordinaire1_057.txt";"1982";"73000000";"millions";"73.0 millions";"7";"proche";"5";"oui";"ne progression de 9,3 p . 100. La subvention au budget de Wallis et Futuna dépasse 4,8 mil- lions de francs celle destinée à la Nouvelle-Calédonie s'élève à plus de 3,8 millions de francs . Plus de 73 millions de francs sont consacrés au budget des terres australes et antarctiques françaises qui ne "
"5_cri_1974-1975-ordinaire1_046.txt";"1974";"67000000";"millions";"67.0 millions";"7";"proche";"8";"oui";"de l'industrie et du tourisme ont tout de même été importants en 1974 et montrent que l'effort, s'il a été insuffi- sant, n'est cependant pas négligeable . En effet, à cette action ont été consacrés 67 millions de francs en Martinique, 86 mil- lions de francs en Guadeloupe, 17 millions de francs en "
"4_cri_1968-1969-ordinaire1_050.txt";"1968";"53000000";"millions";"53.0 millions";"7";"proche";"16";"oui";"qu'il y a là un salmigondis peu propre à susciter l'enthousiasme des promoteurs. On se demande même si ce n'est pas pour cette raison que les dotations de 1 million en crédits de fonctionnement et de 53 millions en crédits de paiement prévus au budget des dépenses communes ne sont pas finalement tra"
"4_cri_1970-1971-ordinaire1_065.txt";"1970";"48000000";"MF";"48.0 MF";"7";"proche";"5";"oui";"supplémentaires au titre du programme spécifique des zones de rénovation rurale se sont élevés, compte tenu des déblocages intervenus par arrêté du 16 juillet 1970, à 27 MF en 1968, 36 MF en 1969 et 48 MF en 1970. L 'impor- tance de ces - crédits supplémentaires et leur rapide progression souligne l"
"7_cri_1982-1983-ordinaire1_057.txt";"1982";"47000000";"millions";"47.0 millions";"7";"proche";"5";"oui";"iser 'les investissements créateurs d'emplois, vous ne faites pas grand-chose. Les crédits de paiement du F. I. D . O. M. diminuent de 26 millions de francs. Globalement, le F . L D. O. M. diminue de 47 millions de francs. En matière d'incitation fiscale, vous ne retenez pas certaines dispositions d"
"4_cri_1970-1971-ordinaire1_065.txt";"1970";"36000000";"MF";"36.0 MF";"7";"proche";"5";"oui";"dite, les crédits supplémentaires au titre du programme spécifique des zones de rénovation rurale se sont élevés, compte tenu des déblocages intervenus par arrêté du 16 juillet 1970, à 27 MF en 1968, 36 MF en 1969 et 48 MF en 1970. L 'impor- tance de ces - crédits supplémentaires et leur rapide prog"
"4_cri_1971-1972-ordinaire1_024.txt";"1971";"31300000";"millions";"31.3 millions";"7";"proche";"13";"oui";"Réunion. A supposer que les départements métropolitains départements d'outre-mer, on observe que, sur près de 80 mil- connaissent la même proportion de chômeurs, nous aurions lions de francs demandés, 31,3 millions sont destinés à la police sur le pavé 4 à 5 millions de travailleurs. Vous devinez, m"
"4_cri_1970-1971-ordinaire1_065.txt";"1970";"27000000";"MF";"27.0 MF";"7";"proche";"5";"oui";"gne proprement dite, les crédits supplémentaires au titre du programme spécifique des zones de rénovation rurale se sont élevés, compte tenu des déblocages intervenus par arrêté du 16 juillet 1970, à 27 MF en 1968, 36 MF en 1969 et 48 MF en 1970. L 'impor- tance de ces - crédits supplémentaires et l"
"7_cri_1982-1983-ordinaire1_057.txt";"1982";"26000000";"millions";"26.0 millions";"7";"proche";"5";"oui";"dget, il est exécrable, mais cela ne vous arrête pas ! Pour favoriser 'les investissements créateurs d'emplois, vous ne faites pas grand-chose. Les crédits de paiement du F. I. D . O. M. diminuent de 26 millions de francs. Globalement, le F . L D. O. M. diminue de 47 millions de francs. En matière d"
"7_cri_1982-1983-ordinaire1_057.txt";"1982";"19000000";"millions";"19.0 millions";"7";"proche";"5";"oui";"financement ont été prises pour moderniser les équipements . Les plans de développement de l'élevage dans les différents départements ont reçu cette année des concours du F. O. R. M . A. à hauteur de 19 millions de francs. Ces programmes bénéficieront, ou bénéficient déjà, des dotations de fonds de "
"5_cri_1974-1975-ordinaire1_046.txt";"1974";"17000000";"millions";"17.0 millions";"7";"proche";"8";"oui";"ntrent que l'effort, s'il a été insuffi- sant, n'est cependant pas négligeable . En effet, à cette action ont été consacrés 67 millions de francs en Martinique, 86 mil- lions de francs en Guadeloupe, 17 millions de francs en Guyane et 75 millions de francs à la Réunion. Ces chiffres témoignent des c"
"4_cri_1970-1971-ordinaire1_023.txt";"1970";"16000000";"millions";"16.0 millions";"7";"proche";"4";"oui";"ée ne permet pas de retrouver le niveau antérieur à la période d'aus- térité budgétaire que nous avons traversée . J'ajoute au passage que le fonds d'action conjoncturelle en 1970 s'élevait à environ 16 millions et qu'aucun crédit n'a été débloqué. Deuxième observation : si les autorisations de prog"
"5_cri_1977-1978-ordinaire1_035.txt";"1977";"13000000";"millions";"13.0 millions";"7";"proche";"4";"oui";"7. Bien sûr, certains postes sont mieux pourvus . alors que d'autres ont été négligés. A première vue, il apparaît, par exemple, que le secrétariat d'Etat aux universités voit sa dotation diminuer de 13 millions de francs. On pourrait en déduire que le Gouvernement s'est désintéressé des problèmes d"
"4_cri_1969-1970-ordinaire1_050.txt";"1969";"12558993";"francs";"12558993 F";"7";"proche";"4";"oui";"ionnement et 2.500.000 francs au fonds d'investissement. Les crédits de fonctionnement prévus pour 1970 atteignent donc 140.398.088 francs, contre 127.839.095 francs en 1969, soit une augmentation de 12.558.993 francs, dont 11.550.511 francs au titre des mesures acquises et 1.058.482 francs au titre"
"4_cri_1968-1969-ordinaire1_050.txt";"1968";"12000000";"millions";"12.0 millions";"7";"proche";"16";"oui";"forte que celle des crédits d 'équipement. Quant aux subventions au F .I.D .O .M., on enregistre, pour la section centrale . une augmentation de 1 .400.000 francs des autorisations de programme et de 12 millions de francs des crédits de paiement. Pour la section locale, les crédits de paiement augme"
"4_cri_1971-1972-ordinaire1_024.txt";"1971";"12000000";"millions";"12.0 millions";"7";"proche";"13";"oui";"ions globales. premiers voudront sûrement ce marché commun si des emplois Il est impensable que, par exemple, un commerçant qui achète ASSEMBLEE NATIONALE — 1"" SEANCE DU 26 OCTOBRE 1971 4905 en France 12 millions de francs de marchandises par an que la terre martiniquaise, la bonne terre martiniquai"
"4_cri_1969-1970-ordinaire1_050.txt";"1969";"11550511";"francs";"11550511 F";"7";"proche";"4";"oui";"rancs au fonds d'investissement. Les crédits de fonctionnement prévus pour 1970 atteignent donc 140.398.088 francs, contre 127.839.095 francs en 1969, soit une augmentation de 12.558.993 francs, dont 11.550.511 francs au titre des mesures acquises et 1.058.482 francs au titre des mesures nouvelles. "
"6_qst_6-qst-1980-08-25.txt";"1980";"10000000";"millions";"10.0 millions";"7";"proche";"2";"oui";"ille du Port. Le curage des ravines a été exécuté dès le lendemain de la catastrophe, avec l'aide de premiers crédits d 'urgence délégués par le ministère de l 'environnement. Au surplus un crédit de 10 millions de francs a été débloqué au titre de la protection contre les eaux pour la reconstructio"
"4_cri_1971-1972-ordinaire1_024.txt";"1971";"8000000";"millions";"8.0 millions";"7";"proche";"13";"oui";"me que de méconnaître déli- drais immédiatement qu'en cinq années la progression du budget bérément les aspirations profondes de ces populations. des D. O. M. n'avait atteint, en francs constants, que 8 millions Il reste néanmoins que tout ne pourra se faire en un jour et de francs, ce qui, en valeu"
"4_cri_1970-1971-ordinaire1_023.txt";"1970";"7000000";"millions";"7.0 millions";"7";"proche";"4";"oui";"s prévues n'a pas souffert jusqu'à présent de la diminution des autorisations de programme, car tous les crédits de paiement dis- ponibles ont été consommés. Troisième observation : l'augmentation de 7 millions de francs en autorisations de programme est intégralement destinée à la mise en oeuvre du"
"5_cri_1976-1977-ordinaire1_062.txt";"1976";"7000000";"millions";"7.0 millions";"7";"proche";"2";"oui";"de francs, ce qui en portera le montant à 34 millions de francs, chiffre supérieur à celui de 1976. Par ailleurs, le fonds social européen intervient aussi pour faciliter ces migrations, à hauteur de 7 millions de francs envi- ron. L'aide de l'Etat peut donc être moins importante qu'on ne pourrait l"
"5_cri_1975-1976-ordinaire1_057.txt";"1975";"6400000";"francs";"6400000 F";"7";"proche";"4";"oui";"rogramme quinquennal d'élevage bovin est, depuis peu . appliqué en Guadeloupe, tandis qu'un autre est à l'étude pour la Martinique. Le F. O. R. M. A. a déjà participé au financement i: concurrence de 6 400 000 francs. Des programmes d'investissement sont, par ailleurs . en cours pour le développemen"
"7_cri_1982-1983-ordinaire1_057.txt";"1982";"5800000";"millions";"5.8 millions";"7";"proche";"5";"oui";"és à la recherche scientifique dans les terres australes et antarctiques françaises. Enfin, les crédits relatifs à l'action culturelle et sociale dans les territoires d'outre-mer, s'élèvent à plus de 5,8 millions de francs. L'analyse des crédits ainsi résumée brièvement, je présenterai quelques obse"
"4_cri_1971-1972-ordinaire1_024.txt";"1971";"5000000";"millions";"5.0 millions";"7";"proche";"13";"oui";"départements d'outre-mer, on observe que, sur près de 80 mil- connaissent la même proportion de chômeurs, nous aurions lions de francs demandés, 31,3 millions sont destinés à la police sur le pavé 4 à 5 millions de travailleurs. Vous devinez, monsieur 2letionale des départements d'outre-mer et 26,5 "
"4_cri_1969-1970-ordinaire1_050.txt";"1969";"4400000";"francs";"4400000 F";"7";"proche";"4";"oui";"on conjoncturelle. Telles étaient les règles impératives qui devaient présider à l'élaboration du budget. J'ai néanmoins obtenu une mesure exceptionnelle, sous la forme d 'un crédit supplémentaire de 4.400.000 francs, dont 1.800.000 francs ont été affectés à la section de fonctionnement et 2.500.000"
"4_cri_1970-1971-ordinaire1_023.txt";"1970";"4000000";"millions";"4.0 millions";"7";"proche";"4";"oui";"1970 s'élevait à environ 16 millions et qu'aucun crédit n'a été débloqué. Deuxième observation : si les autorisations de programme sont en augmentation, les crédits de paiement sont en diminution de 4 millions de francs, conséquence des blocage. intervenus en 1969. Il faut cependant noter que la réa"
"7_cri_1982-1983-ordinaire1_057.txt";"1982";"3800000";"millions";"3.8 millions";"7";"proche";"5";"oui";"itoires d'outre-mer connaissent une progression de 9,3 p . 100. La subvention au budget de Wallis et Futuna dépasse 4,8 mil- lions de francs celle destinée à la Nouvelle-Calédonie s'élève à plus de 3,8 millions de francs . Plus de 73 millions de francs sont consacrés au budget des terres australes e"
"4_cri_1969-1970-ordinaire1_050.txt";"1969";"2500000";"francs";"2500000 F";"7";"proche";"4";"oui";"ion du budget. J'ai néanmoins obtenu une mesure exceptionnelle, sous la forme d 'un crédit supplémentaire de 4.400.000 francs, dont 1.800.000 francs ont été affectés à la section de fonctionnement et 2.500.000 francs au fonds d'investissement. Les crédits de fonctionnement prévus pour 1970 atteignen"
"4_cri_1969-1970-ordinaire1_050.txt";"1969";"1800000";"francs";"1800000 F";"7";"proche";"4";"oui";"es étaient les règles impératives qui devaient présider à l'élaboration du budget. J'ai néanmoins obtenu une mesure exceptionnelle, sous la forme d 'un crédit supplémentaire de 4.400.000 francs, dont 1.800.000 francs ont été affectés à la section de fonctionnement et 2.500.000 francs au fonds d'inve"
"6_cri_1979-1980-ordinaire1_044.txt";"1979";"1200000";"million";"1.2 million";"7";"proche";"3";"oui";"e l'intérieur, chargé des départements et territoires d'outre-mer, mes chers collègues, nous est donné aujourd'hui, comme chaque année, à travers ce budget, de nous pencher sur le sort et l'avenir de 1,2 million de nos compatriotes répartis dans six collectivités très différentes, mais qui subissent"
"4_cri_1969-1970-ordinaire1_050.txt";"1969";"1058482";"francs";"1058482 F";"7";"proche";"4";"oui";"ctionnement prévus pour 1970 atteignent donc 140.398.088 francs, contre 127.839.095 francs en 1969, soit une augmentation de 12.558.993 francs, dont 11.550.511 francs au titre des mesures acquises et 1.058.482 francs au titre des mesures nouvelles. Cette augmentation, légèrement inférieure à 10 p. 1"
"4_cri_1969-1970-ordinaire1_050.txt";"1969";"1058482";"francs";"1058482 F";"7";"proche";"4";"oui";"des services du Premier ministre (section IH. — Départements d'outre-mer) : ETAT B Répartition des crédits applicables aux dépenses ordinaires des services civils (mesures nouvelles). e Titre III : + 1.058.482 francs ». ETAT C Répartition des autorisations de programme et des crédits de paiement app"
"4_cri_1968-1969-ordinaire1_050.txt";"1968";"1000000";"million";"1.0 million";"7";"proche";"16";"oui";"ur les territoires d 'outre-mer. Nous disons qu'il y a là un salmigondis peu propre à susciter l'enthousiasme des promoteurs. On se demande même si ce n'est pas pour cette raison que les dotations de 1 million en crédits de fonctionnement et de 53 millions en crédits de paiement prévus au budget des"
"5_cri_1974-1975-ordinaire1_046.txt";"1974";"900000";"francs";"900000 F";"7";"proche";"8";"non";"tre . nier seront mal traités en 1975. Certains ont fait observer que la dotation destinée à la section locale du F. I. D. O. M. — fonds d'investissement des départe- ments d'outre-mer — diminuait de 900 000 francs tandis que celle qui alimente la section centrale s'accroissait de 700 000 francs. Ma"
"5_cri_1974-1975-ordinaire1_046.txt";"1974";"700000";"francs";"700000 F";"7";"proche";"8";"non";"destinée à la section locale du F. I. D. O. M. — fonds d'investissement des départe- ments d'outre-mer — diminuait de 900 000 francs tandis que celle qui alimente la section centrale s'accroissait de 700 000 francs. Mais, par un amendement n"" 149, le Gouvernement a réduit à néant cette critique en m"
"5_cri_1975-1976-ordinaire1_038.txt";"1975";"23000";"francs";"23000 F";"7";"proche";"2";"non";"de la hase de leur impôt sur le revenu . De même une déduction de 1150 francs est prévue en faveur des pertonnes âgées de plus de soixante-cinq ans dont le revenu est compris entre 14 0Nt0 francs et 23000 francs. A cet égard, la limite d'âge de soixante-cinq ans a éte retenue car elle correspond au "
"5_cri_1975-1976-ordinaire1_038.txt";"1975";"14009";"francs";"14009 F";"7";"proche";"2";"non";"que ces personnes sont exonérées si leur per) . sien n 'excède pas 13500 flancs . En outre, les contribuables âgés de plus de soixante-cinq ans dont le revenu, après tous abatte- ments, n 'excède pas 14 009 francs peuvent déduire 2 300 francs de la hase de leur impôt sur le revenu . De même une dédu"
"6_cri_1978-1979-ordinaire1_050.txt";"1978";"3515";"francs";"3515 F";"7";"proche";"1";"non";"American Airways . Ces deux com pagnies consentent un tarif intéressant sans conditions de ressources pour des séjours qui varient entre dix et cent vingt jours. Certes, il existe un tarif social de 3 515 francs, mais seuls en bénéficient les économiquement faibles . Or, les conditions de ressources"
"5_cri_1975-1976-ordinaire2_086.txt";"1975";"2710";"francs";"2710 F";"7";"proche";"2";"non";"éunionnais établis en Métropole, quel que soit le secteur d 'activités dans lequel ils sont employés c 'est ainsi que le prix des billets aller et retour Métropole— Réunion se situe .entre 2 315 et 2 710 francs suivant les périodes de l 'année. Une association d 'aide aux migrants originaires des D "
"5_cri_1975-1976-ordinaire1_038.txt";"1975";"2300";"francs";"2300 F";"7";"proche";"2";"non";"es si leur per) . sien n 'excède pas 13500 flancs . En outre, les contribuables âgés de plus de soixante-cinq ans dont le revenu, après tous abatte- ments, n 'excède pas 14 009 francs peuvent déduire 2 300 francs de la hase de leur impôt sur le revenu . De même une déduction de 1150 francs est prévu"
"5_cri_1975-1976-ordinaire1_038.txt";"1975";"1150";"francs";"1150 F";"7";"proche";"2";"non";"âgés de plus de soixante-cinq ans dont le revenu, après tous abatte- ments, n 'excède pas 14 009 francs peuvent déduire 2 300 francs de la hase de leur impôt sur le revenu . De même une déduction de 1150 francs est prévue en faveur des pertonnes âgées de plus de soixante-cinq ans dont le revenu est "
"4_cri_1969-1970-ordinaire1_050.txt";"1969";"890";"francs";"890 F";"7";"proche";"4";"non";"PAR L 'ETAT e Autorisations de programme, 675 .000 francs e Crédits de paiement, 675.000 francs ,. TITRE VI. — SUBVENTIONS D'INVESTISSEMENT ACCORDÉES PAR L 'ETAT e Autorisations de programme, 145 .890.000 francs e Crédits de paiement, 89.353.000 francs ». Personne ne demande la parole? . .. Je mets "
"4_cri_1968-1969-ordinaire1_050.txt";"1968";"850";"francs";"850 F";"7";"proche";"16";"non";"toffé que je crains qu'il ne puisse mener effecti- vement des actions variées en faveur des nombreux jeunes, surtout en faveur de ceux qui sont actuellement sans emploi. Bien que le crédit nouveau de 850.000 francs affecté à cette action vienne en appoint de ceux qui sont consacrés à la forma- tion "
"4_cri_1970-1971-ordinaire1_023.txt";"1970";"800";"francs";"800 F";"7";"proche";"4";"non";"tre effort en matière de migration. Je précise que l'objectif visé est de trouver des débouchés pour les Antillais au Canada et en Amérique latine notamment. Enfin, un crédit supplémentaire d'environ 800.000 francs per- mettra d'accroître les subventions d'équilibre aux budgets des collectivités loc"
"4_cri_1969-1970-ordinaire1_050.txt";"1969";"675";"francs";"675 F";"7";"proche";"4";"non";"nt applicables aux dépenses en capital des services civils (mesures nouvelles). TITRE V . — INVESTISSEMENTS EXÉCUTÉS PAR L 'ETAT e Autorisations de programme, 675 .000 francs e Crédits de paiement, 675.000 francs ,. TITRE VI. — SUBVENTIONS D'INVESTISSEMENT ACCORDÉES PAR L 'ETAT e Autorisations de pr"
"4_cri_1968-1969-ordinaire1_050.txt";"1968";"400";"francs";"400 F";"7";"proche";"16";"non";"a progression des dépenses ordinaires est donc plus forte que celle des crédits d 'équipement. Quant aux subventions au F .I.D .O .M., on enregistre, pour la section centrale . une augmentation de 1 .400.000 francs des autorisations de programme et de 12 millions de francs des crédits de paiement. P"
"4_cri_1970-1971-ordinaire1_023.txt";"1970";"300";"francs";"300 F";"7";"proche";"4";"non";"il y a quelques années de créer un corps spé- cialisé qui rend les plus grands services, en particulier lorsqu'un cyclone vient dévaster un département. Troisièmement, un crédit supplémentaire de 1 .300.000 francs est proposé pour accroître notre effort en matière de migration. Je précise que l'obje"
"5_cri_1973-1974-ordinaire1_088.txt";"1973";"267";"francs";"267 F";"7";"proche";"4";"non";"ur lesquelles il a été construit des serres représentant une super- ficie de 5,30 hectares. Elle envisage de louer ces immeubles moyen- nant un fermage de : 1° 2.600 francs pour les terres 2"" et de 267.400 francs pour les serres poprement dites . Ces immeubles sont affectés de façon permanente et ex"
"4_cri_1968-1969-ordinaire1_050.txt";"1968";"250";"francs";"250 F";"7";"proche";"16";"non";"zones touristiques et d'un effort de prospection et de promotion de la clientèle. Mais l'exiguïté du crédit inscrit au budget des charges com- munes de 1969 pour le fonctionnement de cette mission — 250.000 francs seulement — la condamne à l'impuissance . J'es- time qu'à tout prendre, il vaudrait mi"
"4_cri_1968-1969-ordinaire1_050.txt";"1968";"250";"francs";"250 F";"7";"proche";"16";"non";"ations de 1 million en crédits de fonctionnement et de 53 millions en crédits de paiement prévus au budget des dépenses communes ne sont pas finalement transformés en un simple et dérisoire crédit de 250.000 francs. Après avoir rappelé que le Gouvernement n'a pas encore déposé à ce jour le projet de"
"4_cri_1968-1969-ordinaire1_050.txt";"1968";"250";"francs";"250 F";"7";"proche";"16";"non";"s moyens financiers massifs, concentrés dans le temps, la création d'un organe nouveau ne conduit qu'à un gaspillage inutile de crédits. Monsieur le secrétaire d'Etat, que fera de ce maigre crédit de 250.000 francs cette mission, encore sans chef, compte tenu des frais inévitablement élevés de trans"
"4_cri_1971-1972-ordinaire1_024.txt";"1971";"2000000000";"milliards";"2.0 milliards";"6";"moyen";"13";"non";"du point de vue de l'examen budgétaire, à une anomalie à laquelle il faudra un jour remédier. CONSEIL SUPERIEUR DE SERVICE SOCIAL Les dépenses civiles des ministères techniques s'élèveront, en 1972, à 2 milliards de francs, alors que les crédits du Représentation de l'Assemblée nationale. ministère "
"7_cri_1982-1983-ordinaire1_057.txt";"1982";"1300000000";"milliard";"1.3 milliard";"6";"moyen";"5";"non";"t de dévelop- pement. Je tiens, avant de clore cette partie de mon exposé, à sou- ligner que la dotation globale de fonctionnement attribuée aux départements et aux territoires représentera, en 1983, 1,3 milliard de francs, s'ajoutant aux sommes que j'ai évoquées. Elle progressera donc de 11 p . 100"
"4_cri_1970-1971-ordinaire1_023.txt";"1970";"965000000";"millions";"965.0 millions";"6";"moyen";"4";"non";"couverture des importations par les exportations a fléchi de 38 à 28 p . 100, ce qui se traduit par un solde négatif en 1969 de près de 1 .600 millions de francs, alors que celui-ci ne s'élevait qu'à 965 millions en 1966 . Cela est considérable. Les transferts publics en provenance de la métropole p"
"4_cri_1968-1969-ordinaire1_050.txt";"1968";"770000000";"millions";"770.0 millions";"6";"moyen";"16";"non";"Or le V° Plan avait prévu 750 millions de francs d'engagements pour cinq ans, auxquels se sont ajoutés par la suite 20 millions de francs supplémentaires pour les primes d'emplois hôteliers. Sur les 770 millions de francs, 417 millions de francs seulement d'autorisations de programme ont été ouverts"
"4_cri_1970-1971-ordinaire1_023.txt";"1970";"759718000";"francs";"759718000 F";"6";"moyen";"4";"non";"er une partie de leurs crédits. Partie importante, puisque, si l'on se réfère au fascicule budgétaire qui les récapitule, on peut noter que son montant s'élève, pour les seules dépenses civiles, à 1 .759.718.000 francs, contre 1 .647.104.000 francs en 1970, soit une augmentation de 6 ,,8 p. 100. Un "
"5_cri_1975-1976-ordinaire1_058.txt";"1975";"728000000";"millions";"728.0 millions";"6";"moyen";"2";"non";"onalisation du courant électrique action sur le fret et sur le coût des transports. ' Une année après ces promesses, que voyons-nous au travers du projet de budget qui nous est présenté ? Certes, 4 728 millions de francs sont consacrés à l'ensemble des départements d'outre- mer, soit une progression"
"4_cri_1970-1971-ordinaire1_023.txt";"1970";"727000000";"millions";"727.0 millions";"6";"moyen";"4";"non";"montre en effet que les dépenses civiles pour les départements d'outre-mer atteignent près de deux milliards de francs. C'est ainsi que les crédits du ministère de l'éducation nationale s'élèveront à 727 millions de francs, ce qui représente plus de trois fois le montant du budget du ministère des d"
"4_cri_1970-1971-ordinaire1_023.txt";"1970";"647104000";"francs";"647104000 F";"6";"moyen";"4";"non";". Partie importante, puisque, si l'on se réfère au fascicule budgétaire qui les récapitule, on peut noter que son montant s'élève, pour les seules dépenses civiles, à 1 .759.718.000 francs, contre 1 .647.104.000 francs en 1970, soit une augmentation de 6 ,,8 p. 100. Un effort tout particulier a été "
"4_cri_1970-1971-ordinaire1_023.txt";"1970";"600000000";"millions";"600.0 millions";"6";"moyen";"4";"non";"tion des échanges commerciaux montre que, de 1966 à 1969, la couverture des importations par les exportations a fléchi de 38 à 28 p . 100, ce qui se traduit par un solde négatif en 1969 de près de 1 .600 millions de francs, alors que celui-ci ne s'élevait qu'à 965 millions en 1966 . Cela est considé"
"5_cri_1976-1977-ordinaire1_061.txt";"1976";"576000000";"millions";"576.0 millions";"6";"moyen";"2";"non";"tte. De ce fait, si le budget du secrétariat d'Etat paraît bénéficier d'un traitement de faveur par rapport aux autres budgets, puis- qu'il s'accroît de 17 p. 100, passant de 489 millions de francs à 576 millions, cet avantage est purement formel. En effet, l'admi- nistration des départements d'outr"
"7_cri_1982-1983-ordinaire1_057.txt";"1982";"560000000";"millions";"560.0 millions";"6";"moyen";"5";"non";"pas que l'aide de Bruxelles soit dissi- mulée ou cachée. Je rappelle qu'en 1981 a été prise une directive commu- nautaire qui permet d'accélérer le développement agricole grâce à une participation de 560 millions de francs répartis sur cinq ans. Dans les territoires d'outre-mer intervient le F .E .D"
"7_cri_1982-1983-ordinaire1_057.txt";"1982";"552600000";"millions";"552.6 millions";"6";"moyen";"5";"non";"général. De même, le total des autorisations de programme dégagées pour les départements et les territoires d'outre-mer passe de 469,6 millions, inscrits dans la loi de finances initiale pour 1982, à 552,6 millions pour 1983, ce qui représente une crois- sance de 17,68 p . 100. A cet égard, il faut "
"7_cri_1982-1983-ordinaire1_057.txt";"1982";"540000000";"millions";"540.0 millions";"6";"moyen";"5";"non";"s avons dégagé en plus 20 millions (le francs. Si je considère le budget primitif de 1981 de l'ancien gouver- nement et ce qui a été fait en 1982, nous sommes clone passés de 360 millions de francs à 540 millions de francs ! Je vous laisse calculer ce que cela représente en pourcentage. J'espère seu"
"5_cri_1976-1977-ordinaire1_062.txt";"1976";"500000000";"millions";"500.0 millions";"6";"moyen";"2";"oui";"oit s'installer dans ce département et, pour la fin du premier semestre de 1977, la réponse d'un second groupe. Dès que la première réponse aura été obtenue, le Gouverne- nement lancera un emprunt de 500 millions de francs, qui per- mettra la réalisation des équipements pub lics nécessaires, tant su"
"5_cri_1976-1977-ordinaire1_061.txt";"1976";"489000000";"millions";"489.0 millions";"6";"moyen";"2";"oui";"Miquelon et l'île de Mayotte. De ce fait, si le budget du secrétariat d'Etat paraît bénéficier d'un traitement de faveur par rapport aux autres budgets, puis- qu'il s'accroît de 17 p. 100, passant de 489 millions de francs à 576 millions, cet avantage est purement formel. En effet, l'admi- nistratio"
"5_cri_1976-1977-ordinaire1_062.txt";"1976";"482000000";"millions";"482.0 millions";"6";"moyen";"2";"oui";"es- tissements s'est accrue depuis deux ans dans des proportions bien supérieures à l'augmentation de l 'ensemble du budget. En 1974, elle était de 357 millions de francs . En 1975, elle est passée à 482 millions de francs, et elle atteint aujourd'hui 566 mil- lions de francs . L'effort en ce domain"
"7_cri_1982-1983-ordinaire1_057.txt";"1982";"469600000";"millions";"469.6 millions";"6";"moyen";"5";"oui";"at, se situe sensiblement au-dessus de la tendance constatée au budget général. De même, le total des autorisations de programme dégagées pour les départements et les territoires d'outre-mer passe de 469,6 millions, inscrits dans la loi de finances initiale pour 1982, à 552,6 millions pour 1983, ce "
"7_cri_1983-1984-ordinaire1_076.txt";"1983";"450000000";"millions";"450.0 millions";"6";"moyen";"2";"oui";"vestissement pour le développement économique et social. Les crédits de la section s territoires d'outre-mer', proprement dite s'élèvent à un peu plus de 317 millions de francs . C'est donc à près de 450 millions de francs que s'élève le total des crédits affectés aux territoires d'outre-mer et insc"
"7_cri_1983-1984-ordinaire1_076.txt";"1983";"450000000";"millions";"450.0 millions";"6";"moyen";"2";"oui";"ans l'état annexe récapi- tulatif de l'effort budgétaire et financier consacré aux territoires d'outre-mer en 1984, le chiffre atteint est supérieur à 3 203 millions de francs, chiffre à comparer aux 450 millions de francs de cré. its du secrétariat d'Etat consacrés aux terri- toires d'outre-mer Je "
"7_cri_1984-1985-ordinaire1_039.txt";"1984";"450000000";"millions";"450.0 millions";"6";"moyen";"2";"oui";"ion en en répartissant équitablement la charge. Plusieurs intervenants ont également parlé des produits de l 'émission. Le total cumulé des produits excédentaires non uti- lisés à ce jour s'élevait à 450 millions de francs sur lesquels a été, en effet, opéré un prélèvement, destiné au budget général"
"7_cri_1982-1983-ordinaire1_057.txt";"1982";"420000000";"millions";"420.0 millions";"6";"moyen";"5";"oui";"e budgétaire unique il n'y avait que 362 millions de francs. Dans le premier collectif, nous avons fait ajouter 80 millions de francs. Ensuite, dans le budget primitif de 1982, nous som- mes passés à 420 millions de francs, auxquels nous avons' ajouté 100 millions en provenance de 1I .E .D.O.M. De s"
"7_cri_1982-1983-ordinaire1_057.txt";"1982";"407500000";"millions";"407.5 millions";"6";"moyen";"5";"oui";"omme les quelque 89,5 millions de francs inscrits à l'action « services extérieurs dans les territoires d'outre-mer s, qui figurent à la section commune du budget du secrétariat d'Etat, c'est plus de 407,5 millions de francs que le secrétariat d'Etat consacrera aux territoires d'outre-mer. Cette som"
"5_cri_1973-1974-ordinaire1_032.txt";"1973";"407000000";"millions";"407.0 millions";"6";"moyen";"3";"oui";"é de toute étude sérieuse : un document fait apparaître un budget de 380 millions de francs, alors que le fascicule budgétaire sur lequel le Parlement sera appelé à se prononcer indique un chiffre de 407 millions. A l'évidence, même les spécialistes doivent avoir du mal à s'y retrouver. D'autre part"
"7_cri_1982-1983-ordinaire1_057.txt";"1982";"407000000";"millions";"407.0 millions";"6";"moyen";"5";"oui";"s interventions représentait ASSEIIMBLEE NATIONALE — 3' SEANCE DU 5 NOVEMBRE 1982 679b en 1982 cinq fois le montant des crédits consacrés aux terri- toires d'outre-mer par le secrétariat d'Etat. Les 407 millions et demi de francs de crédits consacrés aux territoires d'outre-mer pour 1983 corresponde"
"4_cri_1969-1970-ordinaire1_050.txt";"1969";"400000000";"millions";"400.0 millions";"6";"moyen";"4";"oui";". En résumé, la balance générale des transferts traduit de façon saisissante le caractère assisté des départements d'outre-mer: plus un milliard et demi de francs pour les transferts publics, moins 1.400 millions de francs pour les transferts privés. Il apparaît donc évident à votre rapporteur que l"
"5_cri_1973-1974-ordinaire1_032.txt";"1973";"380000000";"millions";"380.0 millions";"6";"moyen";"3";"oui";"s s'égarer parmi les multiples documents aux titres divers . Il craint bien souvent de s'y perdre. Un exemple illustre la difficulté de toute étude sérieuse : un document fait apparaître un budget de 380 millions de francs, alors que le fascicule budgétaire sur lequel le Parlement sera appelé à se p"
"7_cri_1982-1983-ordinaire1_057.txt";"1982";"362000000";"millions";"362.0 millions";"6";"moyen";"5";"oui";"n de la production et des échanges. En 1981, lorsque je suis arrivé rue Oudinot . j'ai trouvé le budget présenté par M. Raymond Barre et voté par vous. Sur la ligne budgétaire unique il n'y avait que 362 millions de francs. Dans le premier collectif, nous avons fait ajouter 80 millions de francs. En"
"7_cri_1982-1983-ordinaire1_057.txt";"1982";"360000000";"millions";"360.0 millions";"6";"moyen";"5";"oui";"nisme et du logement, nous avons dégagé en plus 20 millions (le francs. Si je considère le budget primitif de 1981 de l'ancien gouver- nement et ce qui a été fait en 1982, nous sommes clone passés de 360 millions de francs à 540 millions de francs ! Je vous laisse calculer ce que cela représente en "
"5_cri_1976-1977-ordinaire1_062.txt";"1976";"357000000";"millions";"357.0 millions";"6";"moyen";"2";"oui";"accordée par les ministères techniques pour les inves- tissements s'est accrue depuis deux ans dans des proportions bien supérieures à l'augmentation de l 'ensemble du budget. En 1974, elle était de 357 millions de francs . En 1975, elle est passée à 482 millions de francs, et elle atteint aujourd'h"
"5_cri_1976-1977-ordinaire1_062.txt";"1976";"339000000";"millions";"339.0 millions";"6";"moyen";"2";"oui";"seau routier et à approfondir le chenal d'accès au port de Degrad des Cannes . Certains investissements indispensables ont d'ores et déjà été réalisés. Au titre des actions prioritaires nationales, 1 339 millions de francs seront consacrés à l'accélération du développement économique des département"
"7_cri_1982-1983-ordinaire1_057.txt";"1982";"318000000";"millions";"318.0 millions";"6";"moyen";"5";"oui";"s chers collègues, les crédits inscrits à la section territoires d'outre-mer du projet de budget pour 1983 du secrétariat d'Etat aux départements et territoires d'outre-mer s'élèvent à un peu plus de 318 millions de francs. Si l'on ajoute à cette somme les quelque 89,5 millions de francs inscrits à "
"7_cri_1983-1984-ordinaire1_076.txt";"1983";"317000000";"millions";"317.0 millions";"6";"moyen";"2";"oui";":, au titre du F. I . D. E . S., le fonds d'investissement pour le développement économique et social. Les crédits de la section s territoires d'outre-mer', proprement dite s'élèvent à un peu plus de 317 millions de francs . C'est donc à près de 450 millions de francs que s'élève le total des crédit"
"4_cri_1970-1971-ordinaire1_023.txt";"1970";"316000000";"millions";"316.0 millions";"6";"moyen";"4";"oui";"francs, ce qui représente plus de trois fois le montant du budget du ministère des départements d'outre-mer et que les crédits qui seront engagés par le ministère des affaires sociales s'élèveront à 316 millions, chiffre supérieur au total des crédits figurant dans le présent fascicule budgétaire. C"
"4_cri_1970-1971-ordinaire1_023.txt";"1970";"307000000";"millions";"307.0 millions";"6";"moyen";"4";"oui";"e sous-entend seule- ment que le moment sera venu, l'an prochain, d'infléchir notre politique par quelques initiatives décisives. Le montant total des crédits passe d'environ 290 millions de francs à 307 millions, soit une augmentation de d p . 100, infé- rieure à celle du budget général. Mais avant"
"4_cri_1968-1969-ordinaire1_050.txt";"1968";"300000000";"millions";"300.0 millions";"6";"moyen";"16";"oui";"ormuler des critiques, de demander que l'on aille plus avant, que l'on fasse mieux . Mais il faut que l'on sache ici, dans la maison de la nation, que le budget des 'épartements d'outre-mer s'élève à 300 millions de francs, sons 30 milliards d'anciens francs. Ce n'est quand même pas mal et je ne sac"
"4_cri_1970-1971-ordinaire1_023.txt";"1970";"290000000";"millions";"290.0 millions";"6";"moyen";"4";"oui";"st pas une critique . Elle sous-entend seule- ment que le moment sera venu, l'an prochain, d'infléchir notre politique par quelques initiatives décisives. Le montant total des crédits passe d'environ 290 millions de francs à 307 millions, soit une augmentation de d p . 100, infé- rieure à celle du b"
"8_cri_1986-1987-ordinaire1_085.txt";"1986";"275000000";"millions";"275.0 millions";"6";"moyen";"1";"oui";"dement en faveur de Mayotte. Ainsi, les crédits supplémentaires figurant à l'article 2 devraient-ils être substantiellement augmentés - plus de 200 millions de francs en autorisations de programme et 275 millions de francs en crédits. de paiement - pour per- mettre un effort accru en sa faveur. Nous"
"5_cri_1977-1978-ordinaire1_035.txt";"1977";"272000000";"millions";"272.0 millions";"6";"moyen";"4";"oui";"lisé quoi gr-'il arrive et quels que soient les futurs budgets — le finance- ment étant presque entièrement assuré par le ministère de l'agriculture et par le F.I.D.O.M., pour une première tranche de 272 millions de francs. Cela devrait permettre d'atteindre l'objectif ambitieux et capital, qui est "
"7_cri_1984-1985-ordinaire1_039.txt";"1984";"250000000";"millions";"250.0 millions";"6";"moyen";"2";"oui";"aires non uti- lisés à ce jour s'élevait à 450 millions de francs sur lesquels a été, en effet, opéré un prélèvement, destiné au budget général, de 200 millions de francs . La réserve existante, soit 250 millions de francs, et le flux annuel prévu serviront princi- palement à permettre le redresseme"
"7_cri_1982-1983-ordinaire1_057.txt";"1982";"243000000";"millions";"243.0 millions";"6";"moyen";"5";"oui";"'assurer chez moi une parfaite sérénité . (Sourires sur les bancs des communistes et des socialistes .) Ainsi que l'a souligné le rapporteur spécial, le budget de la fonction publique représente soit 243 millions de francs si l'on considère les dépenses ordinaires du seul ministère de la fonction pu"
"7_cri_1982-1983-ordinaire1_057.txt";"1982";"243000000";"millions";"243.0 millions";"6";"moyen";"5";"oui";"ts dossiers de la fonction publique. Je ne dirai donc .tue quelques mots sur ce projet de budget, avant d'aborder les questions qui ont été évoquées. Ce projet de budget pour 1983 représente, dis-je, 243 millions de francs, avec, au titre des mesures nouvelles — 20,9 millions de francs — la création"
"7_cri_1983-1984-ordinaire1_076.txt";"1983";"219000000";"millions";"219.0 millions";"6";"moyen";"2";"oui";"tat, mes chers collègues, les crédits inscrits au secrétariat d'Etat chargé des départements et des terri- toires d'outre-mer dans le projet de loi de finances pour 1984 s 'élèvent à un peu plus de 1 219 millions de francs, marquant une progression de 1,4 p . 100. La section commune, qui regroupe l'"
"7_cri_1983-1984-ordinaire1_076.txt";"1983";"203000000";"millions";"203.0 millions";"6";"moyen";"2";"oui";"onction- nement — telle qu'elle est présentée dans l'état annexe récapi- tulatif de l'effort budgétaire et financier consacré aux territoires d'outre-mer en 1984, le chiffre atteint est supérieur à 3 203 millions de francs, chiffre à comparer aux 450 millions de francs de cré. its du secrétariat d'E"
"4_cri_1968-1969-ordinaire1_050.txt";"1968";"200000000";"millions";"200.0 millions";"6";"moyen";"16";"oui";"oudrais ajouter quelques indications sur les dépenses d'investissement qui seront effectuées par les ministères techniques dans les départements d'outre-mer en 1969. Ces dépenses seront de l'ordre de 200 millions de francs . Il faut noter que les inter- ventions de ces départements ministériels, au "
"4_cri_1969-1970-ordinaire1_050.txt";"1969";"200000000";"millions";"200.0 millions";"6";"moyen";"4";"oui";"icains du Nord à la Jamaïque, à la Barbade et aux îles Vierges, qui n'ont pas la même valeur que les îles françaises, de leur propre aveu, sont passées globalement de 40 millions de dollars en 1957 à 200 millions de dollars dix ans plus tard. J'estime, dans ces conditions, que le tourisme des départ"
"4_cri_1970-1971-ordinaire1_023.txt";"1970";"200000000";"millions";"200.0 millions";"6";"moyen";"4";"oui";"Dorothée sont sus- ceptibles de remettre en cause momentanément les bons résultats obtenus. Je saisis cette occasion pour indiquer à l'Assemblée que le montant total des dommages est évalué à près de 200 millions de francs. Le Gouvernement procède actuellement à l'examen des ouvertures de crédits qu"
"4_cri_1971-1972-ordinaire1_024.txt";"1971";"200000000";"millions";"200.0 millions";"6";"moyen";"13";"oui";"les mesures nouvelles, la créa- centrale de coopération économique, est passé de 170 millions tion de 17 postes dans la police nationale, l'urbanisation très de francs, montant inchangé depuis 1967 à 200 millions pour rapide de nos départements d'outre-mer ayant fait apparaître 1972. l'insuffisance "
"7_cri_1984-1985-ordinaire1_039.txt";"1984";"200000000";"millions";"200.0 millions";"6";"moyen";"2";"oui";"a promesse d'une inscription des crédits au budget du ministère de l'u rbanisme et du loge- ment ne suffira certes pas à compenser la part du bâtiment dans le raintien de l'emploi. Que l'Etat prélève 200 millions à 1'I E . D .O . M . est signe d'austérité mais il était inadmissible que l'article 36 "
"7_cri_1984-1985-ordinaire1_039.txt";"1984";"200000000";"millions";"200.0 millions";"6";"moyen";"2";"oui";"e l 'émission. Le total cumulé des produits excédentaires non uti- lisés à ce jour s'élevait à 450 millions de francs sur lesquels a été, en effet, opéré un prélèvement, destiné au budget général, de 200 millions de francs . La réserve existante, soit 250 millions de francs, et le flux annuel prévu "
"8_cri_1986-1987-ordinaire1_085.txt";"1986";"200000000";"millions";"200.0 millions";"6";"moyen";"1";"oui";"que le Gouvernement avait l'intention de déposer un amendement en faveur de Mayotte. Ainsi, les crédits supplémentaires figurant à l'article 2 devraient-ils être substantiellement augmentés - plus de 200 millions de francs en autorisations de programme et 275 millions de francs en crédits. de paieme"
"7_cri_1983-1984-ordinaire1_076.txt";"1983";"195000000";"millions";"195.0 millions";"6";"moyen";"2";"oui";"de francs, destinée à favoriser la remise en état des infrastruc- tures communales, ainsi que des prêts privilégiés accordés par la caisse centrale de coopération économique, pour un montant total de 195 millions de francs. Ce tableau ne serait pas complet s'il ne mentionnait l'important mouvement d"
"7_cri_1982-1983-ordinaire1_057.txt";"1982";"187000000";"millions";"187.0 millions";"6";"moyen";"5";"oui";"r comment seront poursuivies et confortées les grandes orientations de la politique sociale et culturelle qui sont déjà amorcées. La masse totale des crédits mis à ma disposition en 1983 s 'élève à 1 187 millions de francs, soit une progression de 8 p. 100 — presque tout le monde l'a rappelé. Ceux q"
"7_cri_1984-1985-ordinaire1_039.txt";"1984";"180700000";"millions";"180.7 millions";"6";"moyen";"2";"oui";"le secrétaire d'Etat, combien de médecins, combien d'enseignants ne seront pas relevés en 1985? Au titre des dépenses en capital, il est vrai que les crédits de paiement passent de 131 .7 millions à 180,7 millions, soit une progression d'un peu plus de 37 p. 100. Mais puis-je vous rappeler que, rame"
"4_cri_1971-1972-ordinaire1_024.txt";"1971";"170000000";"millions";"170.0 millions";"6";"moyen";"13";"oui";"lleures chances de succès. Pour répondre à ces projets, le plafond des prêts de la Caisse Enfin, je mentionnerai, parmi les mesures nouvelles, la créa- centrale de coopération économique, est passé de 170 millions tion de 17 postes dans la police nationale, l'urbanisation très de francs, montant inc"
"4_cri_1968-1969-ordinaire1_050.txt";"1968";"165000000";"millions";"165.0 millions";"6";"moyen";"16";"oui";"ée dans le cadre du budget: elle devra être considérablement développée dans les années à venir. Pour ce qui concerne les investissements exécutés par l'Etat, les autorisations de programme seront de 165 millions. La faible diminution — un million — observée par rapport à l'an dernier s'explique par"
"7_cri_1982-1983-ordinaire1_057.txt";"1982";"163000000";"millions";"163.0 millions";"6";"moyen";"5";"oui";"révus par les accords nationaux de 1980 ont poursuivi leur montée en charge progressive. A ce titre, la participation financière de l'Etat aura été de 123 millions de francs en 1982 et elle passera à 163 millions de francs en 1983. Au 1"" janvier 1984, ces régimes devraient être très proches du régim"
"4_cri_1970-1971-ordinaire1_023.txt";"1970";"159000000";"millions";"159.0 millions";"6";"moyen";"4";"oui";"a direction du budget de tenir compte de cette observation l'an prochain. J'examinerai maintenant brièvement les mesures nouvelles. Les dépenses ordinaires passent de 140 millions de francs à environ 159 millions . Quatre mesures méritent d'être mentionnées. Premièrement, le renforcement des effecti"
"4_cri_1970-1971-ordinaire1_023.txt";"1970";"158690977";"francs";"158690977 F";"6";"moyen";"4";"oui";"quipements publics supérieur à celui de la métropole A. Le projet de budget pour 1971 assurera une transition valable vers le VI' Plan. Les dépenses de fonctionnement passent de 140 .398.088 francs à 158.690.977 francs, soit une augmentation de 13,02 p . 100. Si l'on tient compte du fait que les « m"
"4_cri_1968-1969-ordinaire1_050.txt";"1968";"157000000";"millions";"157.0 millions";"6";"moyen";"16";"oui";"titre du service militaire adapté. Par contre, les subventions au Fonds d'investissement — F . I. D. O. M. — accusent une légère augmentation. Elles s'élèveront en effet à 158 .400.000 francs contre 157 millions l'an dernier. Ce plafonnement relatif des investissements est la conséquence (les mesure"
"7_cri_1983-1984-ordinaire1_076.txt";"1983";"155000000";"millions";"155.0 millions";"6";"moyen";"2";"oui";"ux dépenses de l 'administration centrale et des services extérieurs, progressent de 6,3 p. 100 La participation de l'Etat aux budgets des collectivités locales des territoires d'outre-mer approche 155 millions de francs, en hausse de 6,5 p. 100 Les crédits de l'action sociale et culturelle augmente"
"7_cri_1983-1984-ordinaire1_076.txt";"1983";"142000000";"millions";"142.0 millions";"6";"moyen";"2";"oui";"s de crédits de fonctionnement des offices de Nouvelle-Calédonie, cette action reçoit une dotation globale de plus de 127 millions de francs, alors que les crédits votés' en 1983 étaient supérieurs à 142 millions de francs. Avant de conclure cette brève analyse consacrée à la présen- tation des créd"
"4_cri_1970-1971-ordinaire1_023.txt";"1970";"140000000";"millions";"140.0 millions";"6";"moyen";"4";"oui";"lui-même . Il appartient donc à la direction du budget de tenir compte de cette observation l'an prochain. J'examinerai maintenant brièvement les mesures nouvelles. Les dépenses ordinaires passent de 140 millions de francs à environ 159 millions . Quatre mesures méritent d'être mentionnées. Première"
"7_cri_1984-1985-ordinaire1_039.txt";"1984";"138300000";"millions";"138.3 millions";"6";"moyen";"2";"oui";"crédits de paiement passent de 131 .7 millions à 180,7 millions, soit une progression d'un peu plus de 37 p. 100. Mais puis-je vous rappeler que, ramenée aux crédits de paiement votés pour 1982, soit 138,3 millions, la dotation de l'année prochaine ne couvre même pas l'inflation de ces trois dernièr"
"4_cri_1968-1969-ordinaire1_050.txt";"1968";"131000000";"millions";"131.0 millions";"6";"moyen";"16";"oui";"ail dans les départements d'outre-mer. Je voudrais maintenant analyser rapidement le budget des départements d 'outre-mer pour 1969. Les crédits de fonctionnement prévus pour 1969 atteindront environ 131 millions, soit 12 millions de plus que l'an dernier. Cette progression de 10 p. 100 permettra de"
"7_cri_1983-1984-ordinaire1_076.txt";"1983";"127000000";"millions";"127.0 millions";"6";"moyen";"2";"oui";"ible en tenant compte du transfert à la section commune des 20 millions de francs de crédits de fonctionnement des offices de Nouvelle-Calédonie, cette action reçoit une dotation globale de plus de 127 millions de francs, alors que les crédits votés' en 1983 étaient supérieurs à 142 millions de fran"
"4_cri_1970-1971-ordinaire1_023.txt";"1970";"125000000";"millions";"125.0 millions";"6";"moyen";"4";"oui";"de l'ordre de 81 millions de francs. Au cours de la même année, 19 agréments ont été accordés pour exonération d'impôt sur les sociétés au titre de la création d'activités nouvelles, qui représentent 125 millions de francs d'investissements et la création de 1 .168 emplois. En ce qui concerne l'indu"
"7_cri_1982-1983-ordinaire1_057.txt";"1982";"123000000";"millions";"123.0 millions";"6";"moyen";"5";"oui";"tre-mer. Les régimes d'indemnisation du chômage prévus par les accords nationaux de 1980 ont poursuivi leur montée en charge progressive. A ce titre, la participation financière de l'Etat aura été de 123 millions de francs en 1982 et elle passera à 163 millions de francs en 1983. Au 1"" janvier 1984,"
"4_cri_1970-1971-ordinaire1_023.txt";"1970";"120000000";"millions";"120.0 millions";"6";"moyen";"4";"oui";"nnées, quelques difficultés par suite de mauvaises conditions climatiques. La Martinique a produit, en 1969, 200 .000 tonnes brut de bananes dont 173.000 tonnes ont été exportées, pour une recette de 120 millions de francs au stade de l'embarquement . Pour la Guadeloupe, il s'agit de 120 .000 tonnes"
"7_cri_1982-1983-ordinaire1_057.txt";"1982";"100600000";"millions";"100.6 millions";"6";"moyen";"5";"oui";"1981 et 46,5 millions de francs en 1982. Si j'additionne les dépenses ordinaires et les crédits de paie- ment, toujours polir l'ensemble des ministères, je trouve 62,5 mil- lions de francs en 1981 et 100,6 millions de francs en 1982. Que l'on discute sur le volume, c'est une autre affaire. Par défin"
"7_cri_1982-1983-ordinaire1_057.txt";"1982";"100000000";"millions";"100.0 millions";"6";"moyen";"5";"oui";"u fait que les dotations prévues pour Mayotte ne correspondaient ni à son poids démographique relatif ni aux impératifs de développement d'un pays trop longtem ps abandonné. Encore disposions-nous de 100 millions de francs sur les 11 milliards répartis à cette époque — chiffres qui figuraient dans l"
"7_cri_1982-1983-ordinaire1_057.txt";"1982";"100000000";"millions";"100.0 millions";"6";"moyen";"5";"oui";"francs. Dans le premier collectif, nous avons fait ajouter 80 millions de francs. Ensuite, dans le budget primitif de 1982, nous som- mes passés à 420 millions de francs, auxquels nous avons' ajouté 100 millions en provenance de 1I .E .D.O.M. De surcroît, par redéploiement des crédits du ministère d"
"7_cri_1983-1984-ordinaire1_076.txt";"1983";"97000000";"millions";"97.0 millions";"6";"moyen";"2";"oui";"actions concernent directement les territoires d'outre-mer. A l'action s services extérieurs dans les territoires d'outre-mer relative aux dépenses d'administration générale, qui s'élèvent à près de 97 millions de francs, sont venues, en effet s'aj luter deux actions nouvelles. La première, s action"
"4_cri_1971-1972-ordinaire1_024.txt";"1971";"96000000";"millions";"96.0 millions";"6";"moyen";"13";"oui";"ssociation réunionnaise d'éduca- un total de 178,4 millions. Leur répartition indicative tient compte tion populaire contribue également à l'éducation du public. des priorités du Plan. C'est ainsi que 96 millions doivent être L'action menée dans ces trois départements par les associa- affectés à l'a"
"7_cri_1982-1983-ordinaire1_057.txt";"1982";"95600000";"millions";"95.6 millions";"6";"moyen";"5";"oui";"territoires d'outre-mer pour 1983 correspondent à cinq actions : L'administration générale, c'est-à-dire essentiellement l'admi- nisir'ation centrale et les services extérieurs, absorbe, avec plus de 95,6 millions de francs, 23,3 p. 100 du montant total des dépenses. Les crédits consacrant la partic"
"7_cri_1982-1983-ordinaire1_057.txt";"1982";"95000000";"millions";"95.0 millions";"6";"moyen";"5";"oui";"e le total des dépenses civiles pour l'outre-mer progresse légèrement — environ 11,5 milliards de francs répartis —=—'les prévisions pour Mayotte sont les seules en baisse et s'établissent à moins de 95 millions de francs, et ce pour 55 000 Mahorais. A titre de comparaison, j'indique que les 6 000 h"
"4_cri_1968-1969-ordinaire1_050.txt";"1968";"90000000";"millions";"90.0 millions";"6";"moyen";"16";"oui";"unications, ,)nt poussé leur effort, d'une façon remarquable dès le début : ils prévoient néanmoins des crédits de même ordre en 1969 . Je souligne, en particulier, que l'éducation nationale consacre 90 millions de francs, sensiblement la même somme qu'en 1968, aux constructions scolaires, dont 55 m"
"7_cri_1982-1983-ordinaire1_057.txt";"1982";"89500000";"millions";"89.5 millions";"6";"moyen";"5";"oui";"d'outre-mer du projet de budget pour 1983 du secrétariat d'Etat aux départements et territoires d'outre-mer s'élèvent à un peu plus de 318 millions de francs. Si l'on ajoute à cette somme les quelque 89,5 millions de francs inscrits à l'action « services extérieurs dans les territoires d'outre-mer s"
"4_cri_1968-1969-ordinaire1_050.txt";"1968";"86000000";"millions";"86.0 millions";"6";"moyen";"16";"oui";"nvestissement des départements d'outre-mer. 'Je me plais à souligner que les crédits très importants consa- crés par le , ministre de l'équipement et du logement aux primes à la construction, environ 86 millions de francs, sont, malgré les impératifs budgétaires, du même ordre qu 'en 1968. Après avo"
"4_cri_1970-1971-ordinaire1_023.txt";"1970";"81000000";"millions";"81.0 millions";"6";"moyen";"4";"oui";"riels et hôteliers sous forme d'exonérations fiscales . C'est ainsi que 501 agréments ont été accordés pour exonération fis- cale de bénéfices réinvestis, comportant des investissements de l'ordre de 81 millions de francs. Au cours de la même année, 19 agréments ont été accordés pour exonération d'i"
"7_cri_1982-1983-ordinaire1_057.txt";"1982";"80000000";"millions";"80.0 millions";"6";"moyen";"5";"oui";"inot . j'ai trouvé le budget présenté par M. Raymond Barre et voté par vous. Sur la ligne budgétaire unique il n'y avait que 362 millions de francs. Dans le premier collectif, nous avons fait ajouter 80 millions de francs. Ensuite, dans le budget primitif de 1982, nous som- mes passés à 420 millions"
"7_cri_1984-1985-ordinaire1_039.txt";"1984";"80000000";"millions";"80.0 millions";"6";"moyen";"2";"oui";"me pas l'inflation de ces trois dernières années? Par ailleurs, vous savez bien que cette augmentation est en grande partie artificielle. puisqu'elle n'est qu'une compensa- tion partielle des quelque 80 millions de francs de retard pris par les crédits de paiement de ces dernières années, pour finan"
"4_cri_1970-1971-ordinaire1_023.txt";"1970";"72000000";"millions";"72.0 millions";"6";"moyen";"4";"oui";"s, pour une recette de 120 millions de francs au stade de l'embarquement . Pour la Guadeloupe, il s'agit de 120 .000 tonnes dont 101 .400 tonnes ont été expédiées vers la métropole pour une valeur de 72 millions de francs. L'organisation de la production a été marquée par de sen- sibles progrès en 1"
"7_cri_1983-1984-ordinaire1_076.txt";"1983";"63000000";"millions";"63.0 millions";"6";"moyen";"2";"oui";"nt a su mettre en oeuvre des mesures d'assistance d'extrême urgence en faveur des populations sinis- trées. A ces aides immédiates sont venues s'ajouter des allocations de secours, pour un montant de 63 millions de francs, une subvention supplémentaire versée par le F .I .D .E .S . de 3 millions de "
"5_cri_1973-1974-ordinaire1_032.txt";"1973";"56000000";"millions";"56.0 millions";"6";"moyen";"3";"oui";"ité aux personnes âgées et de situation modeste, titulaires de pensions servies par les caisses publiques. La fabrication des nouvelles pièces de dix francs et de vingt francs produira une recette de 56 millions de francs, ce qui explique que l'équilibre du budget annexe se situe à un niveau sensibl"
"4_cri_1968-1969-ordinaire1_050.txt";"1968";"55000000";"millions";"55.0 millions";"6";"moyen";"16";"oui";"ins des crédits de même ordre en 1969 . Je souligne, en particulier, que l'éducation nationale consacre 90 millions de francs, sensiblement la même somme qu'en 1968, aux constructions scolaires, dont 55 millions de francs pour l'ensei . gnement secondaire et dix millions et demi pour l'enseigne- men"
"7_cri_1983-1984-ordinaire1_076.txt";"1983";"50000000";"millions";"50.0 millions";"6";"moyen";"2";"oui";"rds dégâts concernent la canne à sucre . La perte de produc- tion porte sur 400 000 à 500 000 tonnes de canne à sucre, soit plus de 20 p. 100 de la production et l'équivalent d'un flanque à gagner de 50 millions de francs pour les agriculteurs . Les prets spéciaux du crédit agricole sont trop' longs"
"7_cri_1982-1983-ordinaire1_057.txt";"1982";"47000000";"millions";"47.0 millions";"6";"moyen";"5";"oui";"locataires de prestations familiales du sec- teur rural va s'enrichir d'une aide au minimum garanti pour les personnes âgées. La participation de l'Etat dans ces domaines se sera élevée, pour 1982, à 47 millions de francs, soit une augmentation de 28 p . 100 par rapport à 1981. Mais la politique soc"
"7_cri_1982-1983-ordinaire1_057.txt";"1982";"46500000";"millions";"46.5 millions";"6";"moyen";"5";"oui";"n 7 p . 100, pour la section générale, et 7,9 p . 100 pour la section locale. Les autorisations de programme ont été les suivantes : pour l'ensemble des ministères, 33,4 millions de francs en 1981 et 46,5 millions de francs en 1982. Si j'additionne les dépenses ordinaires et les crédits de paie- men"
"5_cri_1974-1975-ordinaire1_046.txt";"1974";"43100000";"millions";"43.1 millions";"6";"moyen";"8";"oui";"ns restent exactement à leur niveau de l'an dernier : c'est donc la chute libre. Enfin, en matière de jeunesse et dei sports, les dotations accusent une baisse catastrophique, puisqu'elles passent de 43,1 millions en 1974 à 25,7 millions en 1975, soit 14 p . 100 en moins . Ce n'est donc ni demain, n"
"4_cri_1969-1970-ordinaire1_050.txt";"1969";"40000000";"millions";"40.0 millions";"6";"moyen";"4";"oui";"tes en devises par les seuls Américains du Nord à la Jamaïque, à la Barbade et aux îles Vierges, qui n'ont pas la même valeur que les îles françaises, de leur propre aveu, sont passées globalement de 40 millions de dollars en 1957 à 200 millions de dollars dix ans plus tard. J'estime, dans ces condi"
"5_cri_1973-1974-ordinaire1_032.txt";"1973";"40000000";"millions";"40.0 millions";"6";"moyen";"3";"oui";"pour mettre en œuvre une réforme foncière n'a pas abouti au résultat escompté . On cherche en vain les heureux effets du plan de relance de l'indus- trie sucrière à la Martinique qui a coûté près de 40 millions de francs en subventions et en prêts. Ses résultats sont déri- soires. C'est un exemple f"
"7_cri_1984-1985-ordinaire1_039.txt";"1984";"38000000";"millions";"38.0 millions";"6";"moyen";"2";"oui";"i l'on considère que ce crédit sert unique- ment à la rémunération des fonctionnaires de l'Etat affectés dans les services territoriaux. En 1984, la Polynésie aura été dotée d'un crédit de l'ordre de 38 millions de francs permettant d'assurer la rémunération et le transport de cent cinquante fonctio"
"7_cri_1982-1983-ordinaire1_057.txt";"1982";"33400000";"millions";"33.4 millions";"6";"moyen";"5";"oui";"te a été en gros maintenue : environ 7 p . 100, pour la section générale, et 7,9 p . 100 pour la section locale. Les autorisations de programme ont été les suivantes : pour l'ensemble des ministères, 33,4 millions de francs en 1981 et 46,5 millions de francs en 1982. Si j'additionne les dépenses ord"
"5_cri_1977-1978-ordinaire1_035.txt";"1977";"26000000";"millions";"26.0 millions";"6";"moyen";"4";"oui";"e, sur le développement de l'agriculture et de l'élevage et sur l'amélioration des moyens de communication. L'aide financière consacrée à cette collectivité en 1977 est substantielle. Elle se monte à 26 millions de francs pour les seuls investissements, c'est-à-dire compte non tenu des dépenses de f"
"5_cri_1974-1975-ordinaire1_046.txt";"1974";"25700000";"millions";"25.7 millions";"6";"moyen";"8";"oui";"leur niveau de l'an dernier : c'est donc la chute libre. Enfin, en matière de jeunesse et dei sports, les dotations accusent une baisse catastrophique, puisqu'elles passent de 43,1 millions en 1974 à 25,7 millions en 1975, soit 14 p . 100 en moins . Ce n'est donc ni demain, ni après-demain que se mu"
"7_cri_1984-1985-ordinaire1_039.txt";"1984";"25000000";"millions";"25.0 millions";"6";"moyen";"2";"oui";". Vous êtes barriste, monsieur le secrétaire l'Etat? M. Georges Lemoine, secrétaire d'Etat . Vous savez que l'Etat assumera sa part de' responsabilités . Mais, de vous à moi, si l'Etat doit dépenser 25 millions de francs, ne vaut-il pas mieux qu'ils servent à accroitre la production grâce à des inve"
"5_cri_1975-1976-ordinaire1_057.txt";"1975";"24000000";"millions";"24.0 millions";"6";"moyen";"4";"oui";"des départements d'outre-mer. Afin de permettre à ceux-ci de bénéficier dès 1975 de cette décision, la loi de finances rectificative du 29 mai 1975 a ouvert un crédit en autorisations de programme de 24 millions de francs au titre du fonds économique et de développement régional dans la perspective "
"7_cri_1983-1984-ordinaire1_076.txt";"1983";"22000000";"millions";"22.0 millions";"6";"moyen";"2";"oui";". sur 52 000 . sont indemnisés . Les autres ont de temps en temps quelques journées de travail sur les chantiers de déve- loppement. Or les crédits de ces chantiers stagnent depuis deux ans autour de 22 millions de francs, pour ce qui concerne la Réunion. Avec l'augmentation nécessaire du S .M .I .C"
"5_cri_1977-1978-ordinaire1_035.txt";"1977";"21000000";"millions";"21.0 millions";"6";"moyen";"4";"oui";"l'Etat, déjà importante en 1977, le sera encore davantage en 1978. En effet, le premier budget de ce département, arrêté d'office par décision ministérielle du 13 mars dernier, accusait un déficit de 21 millions . L'Etat avait prévu, en 1976, une subvention de 5 100 000 francs . La subvention sera d"
"7_cri_1982-1983-ordinaire1_057.txt";"1982";"20900000";"millions";"20.9 millions";"6";"moyen";"5";"oui";"ques mots sur ce projet de budget, avant d'aborder les questions qui ont été évoquées. Ce projet de budget pour 1983 représente, dis-je, 243 millions de francs, avec, au titre des mesures nouvelles — 20,9 millions de francs — la création d'une direction de la recherche et de la formation permanente "
"4_cri_1968-1969-ordinaire1_050.txt";"1968";"20000000";"millions";"20.0 millions";"6";"moyen";"16";"oui";"128.400.000 francs pour la section centrale et 30 millions pour la section locale . Or le V° Plan avait prévu 750 millions de francs d'engagements pour cinq ans, auxquels se sont ajoutés par la suite 20 millions de francs supplémentaires pour les primes d'emplois hôteliers. Sur les 770 millions de f"
"4_cri_1968-1969-ordinaire1_050.txt";"1968";"20000000";"millions";"20.0 millions";"6";"moyen";"16";"oui";"ui me concerne en vue de leur prochaine publication. Pour en terminer avec la sécurité sociale, j'indiquerai que le Journal officiel du 12 octobre vient de publier un arrêté ministériel augmentant de 20 millions la dotation des fonds d'action sanitaire et sociale pour permettre de développer la préf"
"7_cri_1982-1983-ordinaire1_057.txt";"1982";"20000000";"millions";"20.0 millions";"6";"moyen";"5";"oui";"ons de francs, auxquels nous avons' ajouté 100 millions en provenance de 1I .E .D.O.M. De surcroît, par redéploiement des crédits du ministère de l'urbanisme et du logement, nous avons dégagé en plus 20 millions (le francs. Si je considère le budget primitif de 1981 de l'ancien gouver- nement et ce "
"7_cri_1982-1983-ordinaire1_057.txt";"1982";"20000000";"millions";"20.0 millions";"6";"moyen";"5";"oui";"de francs répartis sur cinq ans. Dans les territoires d'outre-mer intervient le F .E .D ., aussi bien dans le secteur agricole que pour les infrastructures . Avec deux programmes successifs de 9,6 et 20 millions d'ECU, ces aides constituent un apport non négligeable à notre politique d'équipement. L"
"7_cri_1983-1984-ordinaire1_076.txt";"1983";"20000000";"millions";"20.0 millions";"6";"moyen";"2";"oui";"vice militaire adapté en Nouvelle-Calédonie et reçoit à cette fi-- un crédit de 15 millions de francs. La seconde, s action économique dans les territoires d'outre- mer », bénéficie d'une dotation de 20 millions de francs, qui correspond au transfert au sein de cette section des crédits de fonctionn"
"7_cri_1983-1984-ordinaire1_076.txt";"1983";"20000000";"millions";"20.0 millions";"6";"moyen";"2";"oui";"11,4 p . 100 Les crédits consacrés à l'action économique dans les territoires d'outre-mer connaissent, en revanche, une diminution sensible en tenant compte du transfert à la section commune des 20 millions de francs de crédits de fonctionnement des offices de Nouvelle-Calédonie, cette action reçoit"
"5_cri_1973-1974-ordinaire1_032.txt";"1973";"19000000";"millions";"19.0 millions";"6";"moyen";"3";"oui";".800.000 francs, quand on sait également que les projets du Gouvernement concernant la réforme de la fonction publique pourraient déboucher sur des voyages plus fréquents, dont le coût a été évalué à 19 millions de francs. De toutes ces mesures, c'est Ai. France qui, sur le plan finan- cier et écono"
"4_cri_1968-1969-ordinaire1_050.txt";"1968";"18000000";"millions";"18.0 millions";"6";"moyen";"16";"oui";"et dix millions et demi pour l'enseigne- ment supérieur. Par contre, le ministère des affaires sociales, qui a accusé un certain retard dans le domaine de l'équipement sanitaire, affectera, en 1969, 18 millions de francs aux construc- tions hospitalières, contre 6 millions en 1968. Il faut encore aj"
"5_cri_1975-1976-ordinaire1_057.txt";"1975";"17000000";"millions";"17.0 millions";"6";"moyen";"4";"oui";"t à la Réunion qu'on enregistre la progression la plus satisfaisante, quoique encore bien faible, des implantations d'activités nouvelles. En 1974. les investissements privés se sont élevés à près de 17 millions de francs . C'est encore peu, certes, mais c'est un pas dans la bonne direction. En reva"
"7_cri_1982-1983-ordinaire1_057.txt";"1982";"16200000";"millions";"16.2 millions";"6";"moyen";"5";"oui";"rection de la recherche et de la formation permanente à l'E . N. A. et la poursuite d'actions interministérielles ds réformes administratives, et, au titre de l 'augmentation des 'é )enses courantes, 16,2 millions de francs concernant essentiellement l'E. N. A. et, à un moindre degré, les instituts "
"5_cri_1976-1977-ordinaire1_061.txt";"1976";"16000000";"millions";"16.0 millions";"6";"moyen";"2";"oui";"u Gouvernement un état détaillé de ces crédits, afin de fixer le coût budgétaire de la départementalisation. Les dépenses ordinaires, à savoir les subventions aux collec- tivités locales, s'élèvent à 16 millions de francs pour Saint-Pierre- et-Miquelon Pt à 7 millions de francs pour Mayotte, tandis "
"6_cri_1978-1979-ordinaire2_017.txt";"1978";"15000000";"millions";"15.0 millions";"6";"moyen";"3";"oui";"ositions particulièrement allé- chantes de la D A . T. A. R. que cette entreprise a été appelée à s'établir à Thionville, en Moselle . Elle recevrait en effet pour les 200 emplois créés non seulement 15 millions de subvention, niais en outre 15 millions de prêt participatif à un taux privilégié, si "
"6_cri_1978-1979-ordinaire2_017.txt";"1978";"15000000";"millions";"15.0 millions";"6";"moyen";"3";"oui";"la D A . T. A. R. que cette entreprise a été appelée à s'établir à Thionville, en Moselle . Elle recevrait en effet pour les 200 emplois créés non seulement 15 millions de subvention, niais en outre 15 millions de prêt participatif à un taux privilégié, si bien que pour les 21'd emplois créés, chacu"
"7_cri_1983-1984-ordinaire1_076.txt";"1983";"15000000";"millions";"15.0 millions";"6";"moyen";"2";"oui";"elles. La première, s action sociale et culturelle dans les territoires d'outre-mer s, a pour objet la création d'un service militaire adapté en Nouvelle-Calédonie et reçoit à cette fi-- un crédit de 15 millions de francs. La seconde, s action économique dans les territoires d'outre- mer », bénéfici"
"7_cri_1984-1985-ordinaire1_039.txt";"1984";"12100000";"francs";"12100000 F";"6";"moyen";"2";"oui";"st susceptible de leur apporter, M. Didier Julia. Très juste ! 3302 ASSEMBLEE NATIONALE — 3 SEANCE DU 26 OCTOBRE 1984 ressent tout particulièrement la Polynésie . Le chiffre de 1985 cet en baisse de 12100000 francs, soit 18 p. 100 par rapport au chiffre voté pour 1984, soit encore une baisse réelle "
"4_cri_1968-1969-ordinaire1_050.txt";"1968";"12000000";"millions";"12.0 millions";"6";"moyen";"16";"oui";"I. D. O. M. pour 1969. Il s'agit d'abord des investissements de Kourou, en Guyane, pour lesquels 10 millions de francs de plus ont été demandés, et de la réforme foncière dont l'accélération suppose 12 millions de francs supplémentaires. Mais il s'agit surtout de deux postes d'équipement importants "
"4_cri_1968-1969-ordinaire1_050.txt";"1968";"12000000";"millions";"12.0 millions";"6";"moyen";"16";"oui";"ements d'outre-mer. Je voudrais maintenant analyser rapidement le budget des départements d 'outre-mer pour 1969. Les crédits de fonctionnement prévus pour 1969 atteindront environ 131 millions, soit 12 millions de plus que l'an dernier. Cette progression de 10 p. 100 permettra de satisfaire un cert"
"4_cri_1972-1973-ordinaire1_063.txt";"1972";"12000000";"millions";"12.0 millions";"6";"moyen";"3";"oui";"comprend une allocation de transfert et une indemnité pour frais de déplacement. En adoptant le projet de budget du ministère des affaires sociales, pour 1973, nous avons voté un crédit évaluatif de 12 millions de francs q'ii est inscrit au Fonds national de l'emploi pour faire face aux dépenses occ"
"5_cri_1977-1978-ordinaire1_035.txt";"1977";"11750000";"francs";"11750000 F";"6";"moyen";"4";"oui";"ce par décision ministérielle du 13 mars dernier, accusait un déficit de 21 millions . L'Etat avait prévu, en 1976, une subvention de 5 100 000 francs . La subvention sera doublée en 1978 et portée à 11750000 francs. Comme le soulignait M. le secrétaire d'Etat devant la commis- sior des lois, il s'a"
"5_cri_1976-1977-ordinaire1_061.txt";"1976";"11000000";"millions";"11.0 millions";"6";"moyen";"2";"oui";"our Saint-Pierre- et-Miquelon Pt à 7 millions de francs pour Mayotte, tandis que les dépenses en capital pour le F. I. D. O. M. se montent à 2 rail- lions de francs pour Saint-Pierre-et-Miquelon et à 11 millions de francs pour Mayotte, ce qui montre clairement l'orientation de la politique du Gouver"
"7_cri_1981-1982-ordinaire1_070.txt";"1981";"10700000";"millions";"10.7 millions";"6";"moyen";"3";"oui";"ique, qui doit se tenir en 1984. Le Gouvernement prendra les moyens de cette politique. La progression de la dotation budgétaire du ministère de la cul- ture consacrée à l'outre-mer en est le signe : 10,7 millions de francs en 1982 contre 6,5 millions en 1981. Je vous laisse cal- culer le pourcentag"
"5_cri_1976-1977-ordinaire2_024.txt";"1976";"10600000";"millions";"10.6 millions";"6";"moyen";"2";"oui";"pour que l'autorisation de prtgrarnme déléguée au préfet de l'Isère concernant notamment. la c.>ns'ruclicn de cieux C. E. S., l'un à Heyrieux t5 millions de francs Le subvention), l'autre à Seyssins (10,6 millions de francs de subvention) aboutisse à I'ouverture rapide des chantiers . L'cidre de ser"
"4_cri_1968-1969-ordinaire1_050.txt";"1968";"10000000";"millions";"10.0 millions";"6";"moyen";"16";"oui";"ctive est d'autant plus préoccupante que des charges nouvelles et non prévues sont venues grever le F. I. D. O. M. pour 1969. Il s'agit d'abord des investissements de Kourou, en Guyane, pour lesquels 10 millions de francs de plus ont été demandés, et de la réforme foncière dont l'accélération suppos"
"4_cri_1970-1971-ordinaire1_023.txt";"1970";"10000000";"millions";"10.0 millions";"6";"moyen";"4";"oui";"cs, pourront atteindre 9.500 personnes, et les subventions aux collectivités locales, avec un complément de 820.000 francs. Dans les dépenses en capital, les autorisations de programme progressent de 10 millions de francs, soit 6,8 p . 100 par rapport à 1970. Elles sont essentiellement consacrées au"
"7_cri_1982-1983-ordinaire1_057.txt";"1982";"10000000";"millions";"10.0 millions";"6";"moyen";"5";"oui";"l'o rdre de 6 millions de francs, qui vient s'ajouter au déficit 1980-1981 de 7 smillions, incomplè- tement épongé selon les renseignements en ma possession. C'est donc une somme totale de l'ordre de 10 millions de francs qu'il faudrait trouver et à laquelle le département ne pourra pas faire face s"
"4_cri_1968-1969-ordinaire1_050.txt";"1968";"8500000";"francs";"8500000 F";"6";"moyen";"16";"oui";"n de ce projet de budget devant la commission des finances, j'avais souligné l'importance que revèt pour l'Office, dans les trois premières années d'exécution du Plan, un effort d'équipement évalué à 8.500.000 francs . Certes, vous me direz, monsieur le secrétaire d'Etat, que vous accordez à l'Offic"
"4_cri_1970-1971-ordinaire1_023.txt";"1970";"7000000";"millions";"7.0 millions";"6";"moyen";"4";"oui";"s d'équipe- ment aux collectivités locales, pour 1 .200.000 francs aux équi- pements du service militaire adapté, comme je vous l'ai indiqué, pour 1 .800.000 francs au F. 1. D. O. M., enfin, pour 7 millions 4722 ASSEMBLEE NATIONALE — SEANCE DU 26 OCTOBRE 1970 de francs. Le renforcement de l'action d"
"5_cri_1976-1977-ordinaire1_061.txt";"1976";"7000000";"millions";"7.0 millions";"6";"moyen";"2";"oui";"xer le coût budgétaire de la départementalisation. Les dépenses ordinaires, à savoir les subventions aux collec- tivités locales, s'élèvent à 16 millions de francs pour Saint-Pierre- et-Miquelon Pt à 7 millions de francs pour Mayotte, tandis que les dépenses en capital pour le F. I. D. O. M. se mont"
"7_cri_1984-1985-ordinaire1_039.txt";"1984";"7000000";"millions";"7.0 millions";"6";"moyen";"2";"oui";"cez, monsieur le secrétaire d'Etat, combien de médecins, combien d'enseignants ne seront pas relevés en 1985? Au titre des dépenses en capital, il est vrai que les crédits de paiement passent de 131 .7 millions à 180,7 millions, soit une progression d'un peu plus de 37 p. 100. Mais puis-je vous rapp"
"4_cri_1972-1973-ordinaire1_045.txt";"1972";"6645940";"francs";"6645940 F";"6";"moyen";"1";"oui";"ossibilités d'action. Les dépenses ordinaires augmenteraient, si vous approuviez les propositions qui vous sont faites, de 18 .503.128 francs, dont 11 .857.188 francs au titre des mesures acquises et 6.645.940 francs au titre des mesures nouvelles . L'importance relative de ces deux chiffres montre "
"7_cri_1981-1982-ordinaire1_070.txt";"1981";"6500000";"millions";"6.5 millions";"6";"moyen";"3";"oui";"vernement prendra les moyens de cette politique. La progression de la dotation budgétaire du ministère de la cul- ture consacrée à l'outre-mer en est le signe : 10,7 millions de francs en 1982 contre 6,5 millions en 1981. Je vous laisse cal- culer le pourcentage de progression. Mais avant de termine"
"4_cri_1968-1969-ordinaire1_050.txt";"1968";"6000000";"millions";"6.0 millions";"6";"moyen";"16";"oui";"ntre, le ministère des affaires sociales, qui a accusé un certain retard dans le domaine de l'équipement sanitaire, affectera, en 1969, 18 millions de francs aux construc- tions hospitalières, contre 6 millions en 1968. Il faut encore ajouter aux chiffres indiqués, pour 1969, cer- tains investisseme"
"7_cri_1982-1983-ordinaire1_057.txt";"1982";"6000000";"millions";"6.0 millions";"6";"moyen";"5";"oui";"des finances refuse de s'engager. A Marie-Galante, le tableau est encore plus sombre. La clôture de la campagne sucrière 1981 .1982 a accusé, pour la S. O. S. U . M. A. G., un déficit (le l'o rdre de 6 millions de francs, qui vient s'ajouter au déficit 1980-1981 de 7 smillions, incomplè- tement épon"
"5_cri_1975-1976-ordinaire1_058.txt";"1975";"5500000";"millions";"5.5 millions";"6";"moyen";"2";"oui";"lement été indiqué que ce complément de financement, de l'ordre de vingt-cinq millions de francs, auxquels il faut ajouter l'aide accordée aux petits planteurs de moins de mille tonnes de canne, soit 5,5 millions de francs, serait vraisembla- blement distrait non de l'ensemble de vos crédits, mais d"
"5_cri_1977-1978-ordinaire1_035.txt";"1977";"5100000";"francs";"5100000 F";"6";"moyen";"4";"oui";"1978. En effet, le premier budget de ce département, arrêté d'office par décision ministérielle du 13 mars dernier, accusait un déficit de 21 millions . L'Etat avait prévu, en 1976, une subvention de 5 100 000 francs . La subvention sera doublée en 1978 et portée à 11750000 francs. Comme le souligna"
"4_cri_1970-1971-ordinaire1_023.txt";"1970";"5000000";"millions";"5.0 millions";"6";"moyen";"4";"oui";"ravation d'ordre politique de l'insécurtié . Il s'agit, en réalité, de f^:re face à un phénomène identique à celui auquel nous assistons en métropole. Deuxièmement, un crédit supplémentaire d'environ 5 millions de francs est inscrit pour renforcer les effectifs du service mili- taire adapté. Cette m"
"5_cri_1976-1977-ordinaire1_061.txt";"1976";"5000000";"millions";"5.0 millions";"6";"moyen";"2";"oui";"isqu'on ne note comme mesures nouvelles, aux dépenses ordinaires, que la création d'un poste de conseiller au tribunal administratif des Antilles-Guyane et, aux dépenses en capital, une majoration de 5 millions de francs des autorisations de programmme inscrites à la section centrale du F. I. D . O."
"4_cri_1970-1971-ordinaire1_023.txt";"1970";"4532732";"francs";"4532732 F";"6";"moyen";"4";"oui";"à assurer les tâches du service ordinaire qui se sont développées en fonction de l'accroissement démographique et ce, pour une dépense de 1 .892.086 francs le service militaire adapté, à raison de 4.532.732 francs. Je voudrais d'ailleurs insister sur ce dernier poste, car j'y attache une particulièr"
"7_cri_1982-1983-ordinaire1_057.txt";"1982";"4000000";"millions";"4.0 millions";"6";"moyen";"5";"oui";"ort de l'Etat. Quant aux S.I.C. A., qui avaient été conçues pour mettre en valeur les terres en . faire-valoir direct remises à la S .A .F.E .R ., elles connaissent les pires difficultés. L'apport de 4 millions attendu du F .O.R .M .A. n'ayant pas été réalisé, les banques refusent de s'engager et le"
"7_cri_1983-1984-ordinaire1_076.txt";"1983";"3000000";"millions";"3.0 millions";"6";"moyen";"2";"oui";"lations sinis- trées. A ces aides immédiates sont venues s'ajouter des allocations de secours, pour un montant de 63 millions de francs, une subvention supplémentaire versée par le F .I .D .E .S . de 3 millions de francs, destinée à favoriser la remise en état des infrastruc- tures communales, ainsi"
"7_cri_1984-1985-ordinaire1_039.txt";"1984";"2700000";"francs";"2700000 F";"6";"moyen";"2";"oui";"n fait attendre la prise en charge des cinquante contractuels encore rémunérés sur le budget local. Ce même budget supporte entièrement la charge des bourses d'études de nos jeunes en métropole, soit 2700000 francs, l 'éducation nationale ne modifiant pas ses textes pour permettre à ceux-ci l'accès "
"5_cri_1977-1978-ordinaire1_035.txt";"1977";"2617000";"francs";"2617000 F";"6";"moyen";"4";"oui";"'une sorte de don de joyeux avènement. Par ailleurs, les subventions d'investissement lui ont été accordées dans des proportions plus importantes qu'aux autres départements, en plus de la dotation de 2 617 000 francs au titre du F . I . D. O. M. central et de celle de 1 330 000 francs au titre du F "
"5_cri_1973-1974-ordinaire1_032.txt";"1973";"2200000";"millions";"2.2 millions";"6";"moyen";"3";"oui";"ts affectés à la rémunération des personnels d'exécution, dont l'effectif sera réduit de quarante emplois environ. Enfin, on constate une augmentation des amortissements, dont une partie importante — 2,2 millions de francs — est afférente pour la première fois à l'établissement de Pessac. A cette oc"
"4_cri_1972-1973-ordinaire1_045.txt";"1972";"2150000";"millions";"2.15 millions";"6";"moyen";"1";"oui";"département ainsi qu'à la prise en charge des dépenses de fonctionnement relatives à ce contingent supplémentaire et à l'école d'enfants de troupes. Il s'agit là d'une première tranche de crédits de 2,15 millions de francs, qui devrait permettre de porter l'effectif d'appelés de 460 à 540, puis, ult"
"5_cri_1973-1974-ordinaire1_032.txt";"1973";"1800000";"francs";"1800000 F";"6";"moyen";"3";"oui";"erçoit moins dans la jeunesse d'aujourd'hui. Aussi est-ce avec satisfaction que nous avons noté un taux de progression de crédits unique dans l'histoire de ce budget, puisqu'ils passent de 100 .000 à 1.800.000 francs . Encore faudra-t-il en contrôler le bon usage, car les nourritures spirituelles, e"
"5_cri_1973-1974-ordinaire1_032.txt";"1973";"1500000";"millions";"1.5 millions";"6";"moyen";"3";"oui";"ation des médailles et des séries de col- lection à l'hôtel des Monnaies du quai Conti. Les locaux du quai Conti vont être transformés et recevoir aussi un nouvel outillage. A cet effet, un crédit de 1,5 millions de francs sera affecté en 1974 à une première tranche de travaux. De là découlera une a"
"7_cri_1983-1984-ordinaire1_076.txt";"1983";"1500000";"million";"1.5 million";"6";"moyen";"2";"oui";"e plan local, on fait appel à la solidarité de la popula- tion pour aider les planteurs en difficulté. Les collectivités locales interviennent. Jusqu'à présent, l'Etat ne s'est engagé qu'à hauteur de 1.5 million de francs pour aider les planteurs à payer leurs cotisations à l'Amexa . Il doit aller p"
"5_cri_1977-1978-ordinaire1_035.txt";"1977";"1330000";"francs";"1330000 F";"6";"moyen";"4";"oui";"d'investissement lui ont été accordées dans des proportions plus importantes qu'aux autres départements, en plus de la dotation de 2 617 000 francs au titre du F . I . D. O. M. central et de celle de 1 330 000 francs au titre du F .1. D . O. M. local. Pour ce qui touche aux crédits de fonctionnement"
"6_qst_6-qst-1980-08-25.txt";"1980";"800000";"francs";"800000 F";"6";"moyen";"2";"non";"nt elle est responsable que la F. N. F. R. bénéficie des aides du ministère de la culture et de la communication . Cette subvention de fonc - tionnement qui était de 600 000 francs en 1979 s 'élève à 800 000 francs en 1980. En 1981, cette subvention devrait être portée à 1 mil- lion de francs . Par "
"6_qst_6-qst-1980-08-25.txt";"1980";"600000";"francs";"600000 F";"6";"moyen";"2";"non";"érations d'animation culturelle dont elle est responsable que la F. N. F. R. bénéficie des aides du ministère de la culture et de la communication . Cette subvention de fonc - tionnement qui était de 600 000 francs en 1979 s 'élève à 800 000 francs en 1980. En 1981, cette subvention devrait être por"
"6_cri_1978-1979-ordinaire2_017.txt";"1978";"150000";"francs";"150000 F";"6";"moyen";"3";"non";"ulement 15 millions de subvention, niais en outre 15 millions de prêt participatif à un taux privilégié, si bien que pour les 21'd emplois créés, chacun représenterait un soutien sur fonds publics de 150 000 francs . Il lui demande en outre s'il est bien exact que les terrains sur lesquels cette ent"
"5_cri_1975-1976-ordinaire1_058.txt";"1975";"16000";"francs";"16000 F";"6";"moyen";"2";"non";"exécution. Nous avons la volonté de susciter l'implantation d'unités de production artisanale ou de petites industries et de compléter l'effort du Gouvernement qui vient de créer une prime de 8 000 à 16 000 francs. Mais comment augmenter les ressources de la région ? La suppression, proposée en métr"
"7_cri_1982-1983-ordinaire1_057.txt";"1982";"10000";"francs";"10000 F";"6";"moyen";"5";"non";"'artisanat doit être un secteur privilégié pour la multiplie& tien des emplois . Aussi je pose la question : les départements d'outre-mer bénéficieront-ils des nouvelles dispositions budgé- taires de 10000 francs par emploi créé, de la mise en place de représentants régionaux du ministère pour accél"
"6_cri_1978-1979-ordinaire1_025.txt";"1978";"7630";"francs";"7630 F";"6";"moyen";"1";"non";"partements d'outre-mer) et du Casodom (centre d 'action sociale des départements d 'outre-mer), d 'un tarif aller et retour entre Paris et la Réunion de 2970 francs, bien inféieur au tarif de base de 7 630 francs et au tarif excusrsion de 14-45 jours de 5 330 francs auxquels il est fait allusion . P"
"6_cri_1978-1979-ordinaire1_025.txt";"1978";"5330";"francs";"5330 F";"6";"moyen";"1";"non";"n sociale des départements d 'outre-mer), d 'un tarif aller et retour entre Paris et la Réunion de 2970 francs, bien inféieur au tarif de base de 7 630 francs et au tarif excusrsion de 14-45 jours de 5 330 francs auxquels il est fait allusion . Pour faci- liter l 'utilisation de ce tarif pendant les"
"5_cri_1976-1977-ordinaire2_024.txt";"1976";"3500";"francs";"3500 F";"6";"moyen";"2";"non";"n commer- çant garantie contre le risque maladie par le régime d 'assurance des non salariés non-agricoles, âgés de 83 ans qui perçoit un avan- tage vieillesse de reversion se situant aux environs de 3 500 francs par an, et se trouve totalement exonérée des cotisations maladie de ce régime. L 'intér"
"6_cri_1978-1979-ordinaire1_025.txt";"1978";"2970";"francs";"2970 F";"6";"moyen";"1";"non";"ire du, Bumi- dom (bureau d 'immigration des départements d'outre-mer) et du Casodom (centre d 'action sociale des départements d 'outre-mer), d 'un tarif aller et retour entre Paris et la Réunion de 2970 francs, bien inféieur au tarif de base de 7 630 francs et au tarif excusrsion de 14-45 jours de"
"6_cri_1978-1979-ordinaire1_025.txt";"1978";"2000";"F";"2000 F";"6";"moyen";"1";"non";"aux travailleurs mauricienns résidant en France est inférieur au tarif dont bénéficient les réunionnais résidant en France. Le ministre des transports voit mal à quoi correspond le « prix vérité s de 2 000 F aller et retour Paris-la Réunion avancé par l'association « Echanges sans frontières e. Il s"
"5_qst_5-qst-1974-04-27.txt";"1974";"1978";"francs";"1978 F";"6";"moyen";"1";"non";"ement obligatoire vingt-huit jours à l'avance) . Ce tarif ne peut être comparé dans la tarification d'Air France sur la ligne métropole—Réunion qu'avec le tarif Bumidom qui est d'un niveau analogue : 1 978 francs. Transports aériens (ouverture d 'une ligne aérienne régulière reliant Johannesburg à S"
"5_qst_5-qst-1974-04-27.txt";"1974";"1920";"francs";"1920 F";"6";"moyen";"1";"non";"ntièrement la hausse du prix des carburants. En ce qui concerne le tarif de la ligne Londres—Maurice auquel se réfère l'honorable parlementaire, ce tarif est actuellement de 170 livres sterling, soit 1 920 francs . Il s'agit d'un tarif de groupe d'au moins dix passa- 1812 ASSEMBLEE NATIONALE 27 Avri"
"4_cri_1970-1971-ordinaire1_023.txt";"1970";"892";"francs";"892 F";"6";"moyen";"4";"non";"postes suivants : la création d'emplois de police destinés à assurer les tâches du service ordinaire qui se sont développées en fonction de l'accroissement démographique et ce, pour une dépense de 1 .892.086 francs le service militaire adapté, à raison de 4.532.732 francs. Je voudrais d'ailleurs ins"
"4_cri_1972-1973-ordinaire1_045.txt";"1972";"857";"francs";"857 F";"6";"moyen";"1";"non";"écédents, mais qu'il ménage aussi de nouvelles possibilités d'action. Les dépenses ordinaires augmenteraient, si vous approuviez les propositions qui vous sont faites, de 18 .503.128 francs, dont 11 .857.188 francs au titre des mesures acquises et 6.645.940 francs au titre des mesures nouvelles . L'"
"4_cri_1970-1971-ordinaire1_023.txt";"1970";"820";"francs";"820 F";"6";"moyen";"4";"non";"tés locales. Les mesures nouvelles concernent aussi les migrations qui, avec 1 .300.000 francs, pourront atteindre 9.500 personnes, et les subventions aux collectivités locales, avec un complément de 820.000 francs. Dans les dépenses en capital, les autorisations de programme progressent de 10 milli"
"4_cri_1970-1971-ordinaire1_023.txt";"1970";"800";"francs";"800 F";"6";"moyen";"4";"non";"s sont essentiellement consacrées aux subventions d'équipe- ment aux collectivités locales, pour 1 .200.000 francs aux équi- pements du service militaire adapté, comme je vous l'ai indiqué, pour 1 .800.000 francs au F. 1. D. O. M., enfin, pour 7 millions 4722 ASSEMBLEE NATIONALE — SEANCE DU 26 OCTOB"
"5_cri_1973-1974-ordinaire1_032.txt";"1973";"800";"francs";"800 F";"6";"moyen";"3";"non";"r le bon usage, car les nourritures spirituelles, en régime démocratique, sont plus délicates à composer que les nourritures terrestres. C'est au chapitre de l'action culturelle que ces crédits de 1 .800.000 francs, en hausse de 342 p . 100, sont prévus pour l'organisation des voyages de jeunes, ini"
"5_cri_1973-1974-ordinaire1_032.txt";"1973";"691";"francs";"691 F";"6";"moyen";"3";"non";"urs, comme l'a souligné votre rapporteur, que je remercie de son rapport, le budget annexe des Monnaies et médailles pour 1974 se caractérise par le haut niveau d'équilibre auquel il s'établit : 171 .691.900 francs, en recettes et en dépenses, contre 116 mil- lions de francs en 1973, soit un accrois"
"4_cri_1972-1973-ordinaire1_045.txt";"1972";"503";"francs";"503 F";"6";"moyen";"1";"non";"au cours des exercices précédents, mais qu'il ménage aussi de nouvelles possibilités d'action. Les dépenses ordinaires augmenteraient, si vous approuviez les propositions qui vous sont faites, de 18 .503.128 francs, dont 11 .857.188 francs au titre des mesures acquises et 6.645.940 francs au titre d"
"4_cri_1968-1969-ordinaire1_050.txt";"1968";"400";"francs";"400 F";"6";"moyen";"16";"non";"nses d'équi- pement au titre du service militaire adapté. Par contre, les subventions au Fonds d'investissement — F . I. D. O. M. — accusent une légère augmentation. Elles s'élèveront en effet à 158 .400.000 francs contre 157 millions l'an dernier. Ce plafonnement relatif des investissements est la "
"4_cri_1970-1971-ordinaire1_023.txt";"1970";"398";"francs";"398 F";"6";"moyen";"4";"non";"oduction et des équipements publics supérieur à celui de la métropole A. Le projet de budget pour 1971 assurera une transition valable vers le VI' Plan. Les dépenses de fonctionnement passent de 140 .398.088 francs à 158.690.977 francs, soit une augmentation de 13,02 p . 100. Si l'on tient compte du"
"4_cri_1970-1971-ordinaire1_023.txt";"1970";"350";"francs";"350 F";"6";"moyen";"4";"non";"ngent de 9 .346 tonnes de l'usine vendue, aux planteurs du Centre et du Sud groupés en une seule coopérative et, en outre, le versement à celle-ci, pendant la période transi- toire. d'une somme de 1 .350.000 francs pour contribuer à la relance (le la culture de la canne. En vertu de l'article 4, par"
"4_cri_1970-1971-ordinaire1_023.txt";"1970";"300";"francs";"300 F";"6";"moyen";"4";"non";"ment d'augmenter sensiblement le volume des travaux effectués par le service militaire adapté au profit des collec- tivités locales. Les mesures nouvelles concernent aussi les migrations qui, avec 1 .300.000 francs, pourront atteindre 9.500 personnes, et les subventions aux collectivités locales, av"
"4_cri_1970-1971-ordinaire1_023.txt";"1970";"200";"francs";"200 F";"6";"moyen";"4";"non";"sations de programme progressent de 10 millions de francs, soit 6,8 p . 100 par rapport à 1970. Elles sont essentiellement consacrées aux subventions d'équipe- ment aux collectivités locales, pour 1 .200.000 francs aux équi- pements du service militaire adapté, comme je vous l'ai indiqué, pour 1 .80"
"5_qst_5-qst-1975-07-19.txt";"1975";"1301000000";"francs";"1301000000 F";"5";"moyen";"1";"non";"enti par l 'Etat dans le domaine des bourses nationales d 'études du second degré se traduit pour l 'année scolaire 1974-1975 par l'inscription au budget du minis- tère de l 'éducation d'un crédit de 1 301 000 000 francs permettant de faire bénéficier de cette aide environ deux millions d'élèves sco"
"7_cri_1983-1984-ordinaire1_076.txt";"1983";"1200000000";"milliard";"1.2 milliard";"5";"moyen";"2";"non";"secrétaire d'Etat, employé, après votre prédécesseur, à relever. Moyens modestes, il est vrai, que ceux du secrétariat d'Etat, surtout si on ies confronte à l'ampleur des problèmes à résou- dre. Avec 1,2 milliard de francs en crédits de paiement, il ne dispose que de 1,3 p. 100 des dépenses nettes d"
"4_cri_1971-1972-ordinaire1_024.txt";"1971";"950000000";"millions";"950.0 millions";"5";"moyen";"13";"non";", que sa revision est expressé. que les investissements à la charge de cet organisme seront ment prévue par la loi, vous pouvez vous prévaloir de cette terminés, comme il est prévu, pour un montant de 950 millions possibilité pour mettre en valeur la Guyane, ce que je vous de francs à la fin du VI° "
"4_cri_1971-1972-ordinaire1_024.txt";"1971";"950000000";"millions";"950.0 millions";"5";"moyen";"13";"non";"déjà les éléments d'une unité touristique de valeur au niveau mentation de 14 p. 100, qui respecte les premiers obpectifs de l'agglomération pointoise. du VI' Plan, dont l'enveloppe globale s'élève à 950 millions L'industrie du tourisme nous permettra de créer des emplois, de francs. de susciter d'a"
"5_qst_5-qst-1975-07-19.txt";"1975";"795000000";"millions";"795.0 millions";"5";"moyen";"1";"non";"ntal de lutte contre l 'inflation, permettra d'assurer dans les meilleures conditions possibles le fonctionnement du service public de l 'éducation. Le budget du ministère de l'éducation s'élève à 46 795 millions de francs soit un progression de 15,9 p . 100 par rapport au budget 1974, légèrement su"
"5_cri_1974-1975-ordinaire1_046.txt";"1974";"600000000";"millions";"600.0 millions";"5";"moyen";"8";"non";"ise en valeur des matières premières raré- fiées dont la Guyane est si riche ? Je ne citerai que l'exemple du bois dont l'exploitation pourrait, dans un premier temps, permettre d'économiser quelques 600 millions de dollars sur les règlements extérieurs de la France, Mais il faut tout de suite fixer"
"7_cri_1982-1983-ordinaire1_057.txt";"1982";"600000000";"millions";"600.0 millions";"5";"moyen";"5";"non";"e . Elles sont peut-être au : . liées à des condi- tions de gestion . Mais je ne m'attarderai pas sur le sujet. Je vous rappelle, car vous le savez, monsieur le député, que l'Etat actionnaire a versé 600 millions de francs, ce qui constitue quand même une somme considérable. Certes, cela ne résorbe "
"7_cri_1984-1985-ordinaire1_039.txt";"1984";"600000000";"millions";"600.0 millions";"5";"moyen";"2";"non";"4, sur les graves difficultés de cette industrie que vous considérez comme un secteur essentiel de l'économie des départements d'outre-mer avec, à la Martinique, 5 300 emplois directs ou indirects et 600 millions de francs de chiffre d'affaires. Aussi avez-vous dépéché aux Antilles un haut fonctionn"
"7_cri_1983-1984-ordinaire1_076.txt";"1983";"580000000";"millions";"580.0 millions";"5";"moyen";"2";"non";"t si on ies confronte à l'ampleur des problèmes à résou- dre. Avec 1,2 milliard de francs en crédits de paiement, il ne dispose que de 1,3 p. 100 des dépenses nettes du budget général, tandis qu'avec 580 millions de francs ses autorisations de pro- gramme ne représentent guère que 3 p . 1 000 de l'e"
"5_qst_5-qst-1975-07-19.txt";"1975";"568000000";"millions";"568.0 millions";"5";"moyen";"1";"non";"moigne l 'accroissement des crédits ouverts chaque année au budget, qui sont passés de 405 millions de francs en 1973 à plus de 500 millions de francs en 1974. Les crédits inscrits au budget de 1975 (568 millions de francs) permettront d 'atteindre un taux moyen de participation de l'Etat de l'ordre"
"7_cri_1982-1983-ordinaire1_057.txt";"1982";"527000000";"millions";"527.0 millions";"5";"moyen";"5";"non";"fixation à 60 p. 100 et à 66 p. 100 de la pension de reversion due aux veuves coûterait, pour passer de 50 p. 100 à 60 p. 100, 2 125 millions de francs, et, pour passer de 60 p. 100 à 66,6 p. 100, 3 527 millions de francs supplémentaires. On comprend que, devant l'ampleur de ces dépenses, le Gouvern"
"5_qst_5-qst-1975-07-19.txt";"1975";"500000000";"millions";"500.0 millions";"5";"moyen";"1";"oui";"es, la participation de l 'Etat progresse de façon constante comme en témoigne l 'accroissement des crédits ouverts chaque année au budget, qui sont passés de 405 millions de francs en 1973 à plus de 500 millions de francs en 1974. Les crédits inscrits au budget de 1975 (568 millions de francs) perm"
"7_cri_1981-1982-ordinaire1_070.txt";"1981";"420000000";"millions";"420.0 millions";"5";"moyen";"3";"oui";"lubre et de concentrer à cet effet sur les logements très sociaux la plus grande partie des crédits de la ligne budgétaire unique . Cette dernière, vous avez pu le constater, a été dotée pour 1982 de 420 millions de francs, contre 340 millions de francs dans la loi de finances initiale de 1981, soit"
"5_cri_1974-1975-ordinaire1_046.txt";"1974";"412000000";"millions";"412.0 millions";"5";"moyen";"8";"oui";"régu- lièrement maintenant, des réunions par départements, réunions auxquelles participent les représentants de tous ces ministères techniques, ce qui permet d'accroître enznrc notre efficacité. Ces 412 millions de francs sont à comparer aux 309 millions de francs qui, en 1974, avaient représenté l'"
"5_qst_5-qst-1975-07-19.txt";"1975";"405000000";"millions";"405.0 millions";"5";"moyen";"1";"oui";"e le financement des trans- ports scolaires, la participation de l 'Etat progresse de façon constante comme en témoigne l 'accroissement des crédits ouverts chaque année au budget, qui sont passés de 405 millions de francs en 1973 à plus de 500 millions de francs en 1974. Les crédits inscrits au bud"
"6_cri_1979-1980-ordinaire1_113.txt";"1979";"400000000";"millions";"400.0 millions";"5";"moyen";"4";"oui";"d'outre-mer — et je pense en particulier aux primes d'équipement — a permis la réalisation d'un nombre important de projets. J'ai demandé que l'on recense les résultats obtenus à cet égard : plus de 400 millions de francs ont été consacrés à des investissements en ' 1976, 1977 et 1978 cela correspon"
"5_cri_1973-1974-ordinaire1_032.txt";"1973";"394200000";"francs";"394200000 F";"5";"moyen";"3";"oui";"er clairement les grandes lignes du projet de budget de l'Imprimerie nationale pour 1974 je l'en remercie vivement. Le montant global des prévisions de recettes et de dépenses pour 1974 s'établit à 394.200.000 francs contre 310 millions l'an- née dernière, soit une augmentation d'environ 25 p . 100."
"7_cri_1981-1982-ordinaire1_070.txt";"1981";"340000000";"millions";"340.0 millions";"5";"moyen";"3";"oui";"fet sur les logements très sociaux la plus grande partie des crédits de la ligne budgétaire unique . Cette dernière, vous avez pu le constater, a été dotée pour 1982 de 420 millions de francs, contre 340 millions de francs dans la loi de finances initiale de 1981, soit une augmentation de près de 25"
"5_cri_1973-1974-ordinaire1_032.txt";"1973";"310000000";"millions";"310.0 millions";"5";"moyen";"3";"oui";"lignes du projet de budget de l'Imprimerie nationale pour 1974 je l'en remercie vivement. Le montant global des prévisions de recettes et de dépenses pour 1974 s'établit à 394.200.000 francs contre 310 millions l'an- née dernière, soit une augmentation d'environ 25 p . 100. Cette progression tient à"
"5_cri_1974-1975-ordinaire1_046.txt";"1974";"309000000";"millions";"309.0 millions";"5";"moyen";"8";"oui";"ar départements, réunions auxquelles participent les représentants de tous ces ministères techniques, ce qui permet d'accroître enznrc notre efficacité. Ces 412 millions de francs sont à comparer aux 309 millions de francs qui, en 1974, avaient représenté l'aide des ministères techniques. Cet accroi"
"6_cri_1978-1979-ordinaire2_017.txt";"1978";"300000000";"millions";"300.0 millions";"5";"moyen";"3";"oui";"agricole privé. L'application de cette loi qui prévoyait l'agrément des établisse- ments devait être étalée sur cinq ans, à compter du 1"" janvier 1979, grâce à l'octroi d'un crédit supplémentaire de 300 millions de francs. Or, à l'heure actuelle, les décrets d'application ne sont pas parus et les ta"
"7_cri_1982-1983-ordinaire1_057.txt";"1982";"300000000";"millions";"300.0 millions";"5";"moyen";"5";"oui";"de la fonction publique — c 'est le fameux rapport constant — mais elles n'ont rien à voir avec le fonctionnement de l 'administration d'autre part, les subventions à l 'enseignement privé, soit 15 300 millions de francs, dont l 'apparentement à la fonction publique, avant même le vote d'un grand se"
"7_cri_1982-1983-ordinaire1_057.txt";"1982";"300000000";"millions";"300.0 millions";"5";"moyen";"5";"oui";"t actionnaire a versé 600 millions de francs, ce qui constitue quand même une somme considérable. Certes, cela ne résorbe peut-être pas l'endettement de la société Le Nickel pour lequel vous réclamez 300 millions de francs supplémentaires, mais c'est loin d'être négligeable dans cette période qui n'"
"7_cri_1984-1985-ordinaire1_039.txt";"1984";"300000000";"millions";"300.0 millions";"5";"moyen";"2";"oui";"t, est encore victime de l'indice des prix et lié à l'augmentation prochaine du fret maritime. Les prévisions font état d'une perte de vente en fin d'année de 20000 tonnes non exportées, aggravant de 300 millions de francs l'endettement global de la profession qui compte beaucoup de petits planteurs"
"4_cri_1970-1971-ordinaire1_023.txt";"1970";"290503088";"francs";"290503088 F";"5";"moyen";"4";"oui";"ocrates pour la République.) M. le président. La parole est à M . Ilélène. M. Léopold Hélène. Mesdames, messieurs, l'analyse du fasci- cule budgétaire montre que le montant total des crédits passe de 290.503.088 francs à 306 .940.877 francs, soit une augmentation de 6 p. 100, inférieure à l'accroiss"
"4_cri_1968-1969-ordinaire1_050.txt";"1968";"260000000";"millions";"260.0 millions";"5";"moyen";"16";"oui";"partements d'outre-mer, par une progression globale de 11 p. 100, qui confirme les progrès des années 1964 à 1966. Malheureusement, pour cette même année 1967, le déficit atteint un niveau record, 1 .260 millions de francs, donc très supérieur à celui des quatre années précédentes et le taux de couv"
"7_cri_1982-1983-ordinaire1_057.txt";"1982";"250000000";"millions";"250.0 millions";"5";"moyen";"5";"oui";"r cette analyse, je donnerai deux exem- ples : d'une part, les pensions d'anciens combattants et victimes civiles de la guerre, dont le poids sur le budget de l'Etat, en 1982 par exemple, était de 21 250 millions de francs, sont effec- tivement indexées sur les traitements de la fonction publique — "
"6_cri_1979-1980-ordinaire1_045.txt";"1979";"242875000";"francs";"242875000 F";"5";"moyen";"0";"oui";"'ETAT e Autorisations de programme : 40 millions de francs «Crédits de paiement : 28 millions de francs.» TITRE VI . — SUBVENTIONS D'INVESTISSEMENT ACCORDÉES PAR L'ETAT e Autorisations de programme : 242 875 000 francs e Crédits de paiement : 125 660 000 francs .» Sur le titré III, je suis saisi de "
"5_qst_5-qst-1975-07-19.txt";"1975";"208000000";"millions";"208.0 millions";"5";"moyen";"1";"oui";"se confirme l 'atté- nuation des pressions démographiques prévues depuis quelques années. Cependant, les autorisations de programme inscrites en faveur de l'enseignement pré-scolaire, d'un montant de 208 millions de francs, permettront de financer la construction de 2 290 nouvelles classes. L'inscri"
"7_cri_1984-1985-ordinaire1_080.txt";"1984";"205000000";"millions";"205.0 millions";"5";"moyen";"1";"oui";"e coût des par ailleurs. En fait, le minerai et la filière fonte de Lorraine charges de retraites normales ou anticipées . Une somme de seraient compétitifs si Ibn créait une grande cokerie utilisant 205 millions de francs est prévue en 1985 sur le chapit re 46 .93, au moins, 50 p . 100 de charbon à"
"6_cri_1978-1979-ordinaire2_017.txt";"1978";"200000000";"millions";"200.0 millions";"5";"moyen";"3";"oui";", enfin, quelle est sa politique pour l'armement de ligne et surtout publie : la Compagnie générale maritime. Il demande enfin à M . le ministre des transports s'il compte lui verser d'ici à 1981 les 200 millions de dotations annuelles qui lui sont dues pour résorber ces énormes charges financières "
"7_cri_1982-1983-ordinaire1_057.txt";"1982";"180700000";"millions";"180.7 millions";"5";"moyen";"5";"oui";"ment très rapide puisque, pour le premier semestre de 1982, le montant des allocations a déjà atteint — et même dépassé dans deux départements — la totalité des allocations versées en 1981. Au total, 180,7 millions de francs ont été versés au cours des six premiers mois de cette année, contre 183,3 "
"4_cri_1968-1969-ordinaire1_050.txt";"1968";"174000000";"millions";"174.0 millions";"5";"moyen";"16";"oui";"d'outre-mer n'a pas échappé à la règle. Cela est particulièrement frappant pour les dotations du fonds d'investissement des départements d'outre-mer, où les crédits normalement prévisibles étaient de 174 millions de francs, alors que les autorisations de programme prévues ne s'élèvent qu'à 158.400.0"
"4_cri_1968-1969-ordinaire1_050.txt";"1968";"158400000";"francs";"158400000 F";"5";"moyen";"16";"oui";"ns du fonds d'investissement des départements d'outre-mer, où les crédits normalement prévisibles étaient de 174 millions de francs, alors que les autorisations de programme prévues ne s'élèvent qu'à 158.400.000 francs. Cette situation est aussi très remarquable dans le fait que vos initiatives en f"
"6_cri_1979-1980-ordinaire1_045.txt";"1979";"125660000";"francs";"125660000 F";"5";"moyen";"0";"oui";"ons de francs «Crédits de paiement : 28 millions de francs.» TITRE VI . — SUBVENTIONS D'INVESTISSEMENT ACCORDÉES PAR L'ETAT e Autorisations de programme : 242 875 000 francs e Crédits de paiement : 125 660 000 francs .» Sur le titré III, je suis saisi de deux amendements identiques, n"" 358 et 368. L"
"7_cri_1982-1983-ordinaire1_057.txt";"1982";"125000000";"millions";"125.0 millions";"5";"moyen";"5";"oui";"n point est acquis en 1982, pour un coût de 770 millions de francs. La fixation à 60 p. 100 et à 66 p. 100 de la pension de reversion due aux veuves coûterait, pour passer de 50 p. 100 à 60 p. 100, 2 125 millions de francs, et, pour passer de 60 p. 100 à 66,6 p. 100, 3 527 millions de francs supplém"
"4_cri_1969-1970-ordinaire1_050.txt";"1969";"113900000";"millions";"113.9 millions";"5";"moyen";"4";"oui";"ent de la situation économique et sociale dans les départements d'outre-mer, d'au- tant plus que le déséquilibre des années précédentes s'accentue, en 1970, entre les crédits de la section centrale — 113,9 millions — et ceux de la section locale du F. I. D. O. M. — 26,7 millions . Pour ce qui a trai"
"7_cri_1982-1983-ordinaire1_057.txt";"1982";"100000000";"millions";"100.0 millions";"5";"moyen";"5";"oui";"ncernera seulement les retraités des départements couverts par les centres d'Ajaccio, de Saint-Pierre-et-Miquelon, et de la Réunion. Le coût de cette extension de la mensualisation peut être estimé à 100 millions de francs. Tout en étant pleinement consciente des contraintes budgé- taires qui pèsent"
"4_cri_1971-1972-ordinaire1_024.txt";"1971";"96000000";"millions";"96.0 millions";"5";"moyen";"13";"oui";"nt exprimées sur ce point à plusieurs bable concrétisera bien la priorité aux actions économiques reprises au cours des dernières années, je ne peux donner sans décidées par le Plan. En effet, plus de 96 millions de francs, réserves ma caution à la continuation de cette politique, car le soit 70 p. "
"7_cri_1984-1985-ordinaire1_039.txt";"1984";"85000000";"millions";"85.0 millions";"5";"moyen";"2";"oui";"est pas le moment de s'appesantir sur le contentieux fini acier opposent l'assemblée départementale à l'Etat, lequel diffère le remboursement de ses dettes au département : 66 mil- lions peur 1964 et 85 millions pour 1983, avec décision unila- térale de remboursement en douze ans sans intérêt. En re"
"7_cri_1983-1984-ordinaire1_076.txt";"1983";"84000000";"millions";"84.0 millions";"5";"moyen";"2";"oui";"he ce territoire au cours de l'hiver et du printemps der- nier et qui a fait, outre des victimes, plus de un milliard de francs de dégâts, alors que l'aide de l'Etat a été limitée, jusqu'à présent, à 84 millions de francs. La même observation me semble s'imposer pour les crédits d'équipement destiné"
"7_cri_1984-1985-ordinaire1_039.txt";"1984";"80000000";"millions";"80.0 millions";"5";"moyen";"2";"oui";"r le centre d'essais du Pacifique . Cette année, vous a été proposée une somme de 40 millions de francs. plus une participation à la formation et à des actions économiques. Nous crrivons ainsi à plus 80 millions de francs. l: Etat a donc fait depuis deux ans un réel effort, qu'il serait injuste de c"
"7_cri_1981-1982-ordinaire1_070.txt";"1981";"78000000";"millions";"78.0 millions";"5";"moyen";"3";"oui";"e prend le Gouverne- ment et que d'autres s'évertuent à voir disparaître. Au budget primitif du ministère du travail en 1981 était prévue à ce titre une somme de 32 millions de francs . Mais en fait, 78 millions de francs ont été versés en cours d'année grâce à un apport de 46 millions de francs pré"
"2_cri_1964-1965-ordinaire1_021.txt";"1964";"76500000";"millions";"76.5 millions";"5";"moyen";"0";"oui";"des trois étapes prévues, c'est-à-dire au 1"" jan- vier 1965, la mise en oeuvre de la parité permettra à l'ensemble des quatre départements d'outre-mer de disposer d'un volume budgétaire de l'ordre de 76,5 millions de francs devant s'ajou- ter au budget normal de la section a allocations familiales »"
"7_cri_1984-1985-ordinaire1_080.txt";"1984";"72000000";"millions";"72.0 millions";"5";"moyen";"1";"oui";"l 'importance laies les déparlenu•nt, d'outremer pennon . 7.5 millions de frames sont inscrits u cet 1'81 . 1 dans le budget pour 1905 J 'ajoute que. des celte :ornée . Huns acons dégagé un crédit de 72 millions pour la mise en pla gie de mesures partirulierrs . s 'inspirant de celles prévu es dais "
"5_qst_5-qst-1975-07-19.txt";"1975";"60000000";"millions";"60.0 millions";"5";"moyen";"1";"oui";"e en fin de cinquième. Réponse. — 1"" Afin de réaliser, dès la rentrée 1974, une première étape dans l 'aide apportée aux parents d 'élèves en matière de dépenses d 'enseignement, un crédit spécial de 60 millions de francs a été ouvert dans le budget de 1974 à la suite d 'un amen- dement déposé lors "
"5_qst_5-qst-1975-07-19.txt";"1975";"60000000";"millions";"60.0 millions";"5";"moyen";"1";"oui";"de ce crédit . Il convenait en effet d'éviter l 'achat d 'ouvrages que l'application de la réforme de l 'enseignement du second degré rendrait inutilisables. Aussi, a-t-il été décidé de consacrer ces 60 millions de francs pour moitié à l 'achat de manuels et de fournitures scolaires et pour moitié à"
"7_cri_1982-1983-ordinaire1_057.txt";"1982";"60000000";"millions";"60.0 millions";"5";"moyen";"5";"oui";"choix du Gabon. Je rappelle une nouvelle rois ici ce que j 'ai déjà dit en Martinique il y a peu de Temps lorsque l'on m'a expliqué que la remise en état de l'usine du Lercinty devait coûter plus de 60 millions de francs. J'ai alors envoyé sur place un expert qui est revenu avec un devis d'environ 2"
"7_cri_1982-1983-ordinaire1_057.txt";"1982";"55500000";"millions";"55.5 millions";"5";"moyen";"5";"oui";"s' révélé extrêmement faible, en dépit du coût très élevé des mesures incitatrices à la création d'emplois . Alors que le total des primes d'équipement et des primes d'emplois versées en 1980 atteint 55,5 millions de francs, le nombre d'em- plois créés est voisin du millier. Une telle disproportion "
"5_cri_1975-1976-ordinaire2_035.txt";"1975";"54000000";"millions";"54.0 millions";"5";"moyen";"2";"oui";"nombre de chantiers de travaux publics, d'autres se sont ouverts ou vont s'ouvrir, les seules interventions de l'Etat en 1976 devant s'élever à 114 mil- lions de francs dans le secteur du bâtiment et 54 millions dans celui des travaux publics, dont le lancement du barrage de Saint-Pierre-la-Manzo. P"
"6_cri_1979-1980-ordinaire1_032.txt";"1979";"53000000";"millions";"53.0 millions";"5";"moyen";"1";"oui";"git d'un amendement incitatif, comme nous le disions mais, étant donné que les 10,5 centimes d'aide au carburant qui sont accordés à nos pêcheurs — somme au demeurant ridicule — représentent au total 53 millions de francs, on peut se demander à quoi rime cet amendement de diminution des crédits d'un"
"7_cri_1981-1982-ordinaire1_070.txt";"1981";"46000000";"millions";"46.0 millions";"5";"moyen";"3";"oui";"u budget primitif du ministère du travail en 1981 était prévue à ce titre une somme de 32 millions de francs . Mais en fait, 78 millions de francs ont été versés en cours d'année grâce à un apport de 46 millions de francs prévu au collectif de juillet 1981. Au budget de 1982, la dépense prévisionnel"
"2_cri_1964-1965-ordinaire1_021.txt";"1964";"42500000";"millions";"42.5 millions";"5";"moyen";"0";"oui";"ns de francs devant s'ajou- ter au budget normal de la section a allocations familiales » des caisses générales. En 1963 et 1964 les dotations ont été respectivement de l'ordre de 17,5 millions et de 42,5 millions de francs. Grâce à ce transfert très important de crédits de la métro- pole vers les d"
"6_cri_1978-1979-ordinaire1_056.txt";"1978";"41465000";"francs";"41465000 F";"5";"moyen";"0";"oui";"TAT « Autorisations de programme : 37 792 000 francs e Crédits de paiement : 21 500 000 francs . u TITRE VI . — SUD'VENTIONS D ' INVESTISSEMENT ACCORDÉES PAR L ' ETAT « Autorisations de programme : 41 465 000 francs « Crédits de paiement : 10 200 000 francs. Personne ne demande la parole sur le titr"
"6_cri_1979-1980-ordinaire1_032.txt";"1979";"41000000";"millions";"41.0 millions";"5";"moyen";"1";"oui";"ficit de notre commerce extérieur. Vous allez me rétorquer que les crédits d'incitation à l'inves- tissement vont tripler en 1980 . Mais pas grand-chose : 13 mil- lions multiplié par trois — à savoir 41 millions — cela ne fait toujours pas grand-chose . Ce n'est méme pas le prix de trois chalutiers "
"6_cri_1979-1980-ordinaire1_045.txt";"1979";"40000000";"millions";"40.0 millions";"5";"moyen";"0";"oui";"ns de programme et des crédits de paiement applicables aux dépenses 'en capital des services civils (mesures nouvelles). TITRE V. — INVESTISSEMENTS EXÉCUTÉS PAR L 'ETAT e Autorisations de programme : 40 millions de francs «Crédits de paiement : 28 millions de francs.» TITRE VI . — SUBVENTIONS D'INVE"
"7_cri_1984-1985-ordinaire1_039.txt";"1984";"40000000";"millions";"40.0 millions";"5";"moyen";"2";"oui";"ll conviendrait d'y ajouter aussi les quelque 30 millions venant des négociations avec le ministère de la défense pour le centre d'essais du Pacifique . Cette année, vous a été proposée une somme de 40 millions de francs. plus une participation à la formation et à des actions économiques. Nous crriv"
"6_cri_1978-1979-ordinaire1_056.txt";"1978";"39000000";"millions";"39.0 millions";"5";"moyen";"0";"oui";"re budget l'incongruité du système avec lequel vous romprez bientôt. Je défendrai donc tout à l'heure, au nom de la commission des lois, un amendement tendant à faire rapahicr au titre IV la somme de 39 millions de francs aciuellemeil inscrite au titre VI, alors même qu'elle est destinée à financer "
"6_cri_1979-1980-ordinaire1_045.txt";"1979";"38766593";"francs";"38766593 F";"5";"moyen";"0";"oui";"ligne e Dépar- tements d'outre-mer e . ETAT B Répartition des crédits applicables aux dépenses ordinaires des services civils (mesures nouvelles). e Titre III : 5 364 830 francs e Titre IV : moins 38 766 593 francs . s ETAT C Répartition des autorisations de programme et des crédits de paiement appl"
"6_cri_1978-1979-ordinaire1_056.txt";"1978";"37792000";"francs";"37792000 F";"5";"moyen";"0";"oui";"e programme et des crédits de paiement applicables atcr dépenses en capital des services civils . (Mesures nouvelles .) TITRE V . — INVESTISSEMENTS EXÉCUTÉS PAR L 'ETAT « Autorisations de programme : 37 792 000 francs e Crédits de paiement : 21 500 000 francs . u TITRE VI . — SUD'VENTIONS D ' INVEST"
"5_cri_1976-1977-ordinaire1_062.txt";"1976";"37000000";"millions";"37.0 millions";"5";"moyen";"2";"oui";"plois et de crédits relatifs à la mise en place des nouveaux départements d'outre-mer. Les crédits prévus au titre de l'action sociale — assistance et solidarité — subissent une réduction, passant de 37 millions 100 000 francs à 36 millions et demi. Les budgets des ministères des transports et de l'"
"5_cri_1976-1977-ordinaire1_062.txt";"1976";"36000000";"millions";"36.0 millions";"5";"moyen";"2";"oui";"à la mise en place des nouveaux départements d'outre-mer. Les crédits prévus au titre de l'action sociale — assistance et solidarité — subissent une réduction, passant de 37 millions 100 000 francs à 36 millions et demi. Les budgets des ministères des transports et de l'équipe- ment relatifs aux dép"
"6_cri_1979-1980-ordinaire1_045.txt";"1979";"35000000";"millions";"35.0 millions";"5";"moyen";"0";"oui";"ester contre l'insuffisante progression des crédits destinés aux migrations. Votre budget, je le sais, n'est pas le seul à alimenter le BUMIDOM, mais les crédits inscrits au chapitre 46-91 — moins de 35 millions de francs — ne progressent que de 4.66 p. 100. Leur montant devrait être revalorisé . En"
"7_cri_1983-1984-ordinaire1_076.txt";"1983";"35000000";"millions";"35.0 millions";"5";"moyen";"2";"oui";"ement, et des crédits de fonctionnement pour les trois offices nouvellement créés sur ce territoire, soit 20 millions de francs. Par leur importance, ces mesures en faveur de la Nouvelle- Calédonie — 35 millions de francs en dépenses ordinaires — expliquent la croissance de 15 p . 100 des crédits in"
"7_cri_1981-1982-ordinaire1_070.txt";"1981";"32000000";"millions";"32.0 millions";"5";"moyen";"3";"oui";"le qui imprègne chacune des mesures que prend le Gouverne- ment et que d'autres s'évertuent à voir disparaître. Au budget primitif du ministère du travail en 1981 était prévue à ce titre une somme de 32 millions de francs . Mais en fait, 78 millions de francs ont été versés en cours d'année grâce à "
"5_qst_5-qst-1975-07-19.txt";"1975";"30000000";"millions";"30.0 millions";"5";"moyen";"1";"oui";"ransports scolaires, cette mesure répon- dant également au souci d'alléger l'ensemble des charges scolaires supportées par les parents d 'élèves. Depuis 1974, la somme consacrée à l'achat de manuels (30 millions de francs) a permis de porter la dotation de base pour les élèves de sixième de 45 franc"
"7_cri_1984-1985-ordinaire1_039.txt";"1984";"30000000";"millions";"30.0 millions";"5";"moyen";"2";"oui";"l faut ajouter Il millions le francs du F .1. D.E.S. territorial, soit, au total, plus de 40 millions de flancs pour un territoire de 140000 habi- tants. ll conviendrait d'y ajouter aussi les quelque 30 millions venant des négociations avec le ministère de la défense pour le centre d'essais du Pacif"
"6_cri_1979-1980-ordinaire1_045.txt";"1979";"28000000";"millions";"28.0 millions";"5";"moyen";"0";"oui";"plicables aux dépenses 'en capital des services civils (mesures nouvelles). TITRE V. — INVESTISSEMENTS EXÉCUTÉS PAR L 'ETAT e Autorisations de programme : 40 millions de francs «Crédits de paiement : 28 millions de francs.» TITRE VI . — SUBVENTIONS D'INVESTISSEMENT ACCORDÉES PAR L'ETAT e Autorisatio"
"4_cri_1969-1970-ordinaire1_050.txt";"1969";"26700000";"millions";"26.7 millions";"5";"moyen";"4";"oui";"outre-mer, d'au- tant plus que le déséquilibre des années précédentes s'accentue, en 1970, entre les crédits de la section centrale — 113,9 millions — et ceux de la section locale du F. I. D. O. M. — 26,7 millions . Pour ce qui a trait plus particulièrement au département de la Guadeloupe, la crise "
"4_cri_1971-1972-ordinaire1_024.txt";"1971";"26500000";"millions";"26.5 millions";"5";"moyen";"13";"oui";"e chômeurs, nous aurions lions de francs demandés, 31,3 millions sont destinés à la police sur le pavé 4 à 5 millions de travailleurs. Vous devinez, monsieur 2letionale des départements d'outre-mer et 26,5 millions au le ministre, mes chers collègues, les conséquences politiques service militaire ad"
"6_cri_1978-1979-extraordinaire2_006.txt";"1978";"25000000";"millions";"25.0 millions";"5";"moyen";"1";"oui";"aines. Quand on sait que l'Etat est prêt à accorder deux milliards de francs de subvention à Ford pour l'implantation en Lorraine d'une usine offrant 8000 emplois — je n'y trouve rien à redire — soit 25 millions de centimes par emploi créé, on demeure stupéfait (levant certaines réticences : l'Etat "
"7_cri_1982-1983-ordinaire1_057.txt";"1982";"25000000";"millions";"25.0 millions";"5";"moyen";"5";"oui";"Temps lorsque l'on m'a expliqué que la remise en état de l'usine du Lercinty devait coûter plus de 60 millions de francs. J'ai alors envoyé sur place un expert qui est revenu avec un devis d'environ 25 millions de francs. Mais, sauf erreur de ma part — et je ne crois pas nue tromper sur le sujet — j"
"7_cri_1984-1985-ordinaire1_039.txt";"1984";"24000000";"millions";"24.0 millions";"5";"moyen";"2";"oui";"ent de droite -- 2 600 000 francs pour l'ensemble des équipements scolaires, premier et second degrés . Nous sommes passés en 1982 à 6 millions de francs, en 1983 à 1l millions de francs et en 1984 à 24 millions de francs. M. Manuel Eseutia et M. Jacquet, Mahéas. Voilà la vérité! M . Elie Castor . V"
"6_cri_1978-1979-ordinaire1_056.txt";"1978";"21500000";"francs";"21500000 F";"5";"moyen";"0";"oui";"cables atcr dépenses en capital des services civils . (Mesures nouvelles .) TITRE V . — INVESTISSEMENTS EXÉCUTÉS PAR L 'ETAT « Autorisations de programme : 37 792 000 francs e Crédits de paiement : 21 500 000 francs . u TITRE VI . — SUD'VENTIONS D ' INVESTISSEMENT ACCORDÉES PAR L ' ETAT « Autorisati"
"4_cri_1971-1972-ordinaire1_024.txt";"1971";"21000000";"millions";"21.0 millions";"5";"moyen";"13";"oui";"s minis- Elle appelle trois remarques. tères techniques, est la croissance des effectifs de l'éducation D'abord, son augmentation en valeur absolue — près de nationale, qui passent de 14.360 à 15.211. 21 millions de francs — doit permettre la réalisation de l'hypo- Quant aux transferts publics, s'il"
"4_cri_1969-1970-ordinaire1_050.txt";"1969";"20000000";"millions";"20.0 millions";"5";"moyen";"4";"oui";"ntation des prix d 'environ 6 p. 100, il aurait fallu une augmentation minimum de 16 millions de francs pour rester au même niveau qu'en 1969 . C'est donc, finalement, une diminution réelle d'environ 20 millions de francs qui est proposée pour le budget des départements d'outre-mer par rapport à 196"
"7_cri_1983-1984-ordinaire1_076.txt";"1983";"20000000";"millions";"20.0 millions";"5";"moyen";"2";"oui";"ur 15 millions de francs en' dépenses ordi- naires et 7 millions de francs en dépenses d'équipement, et des crédits de fonctionnement pour les trois offices nouvellement créés sur ce territoire, soit 20 millions de francs. Par leur importance, ces mesures en faveur de la Nouvelle- Calédonie — 35 mil"
"7_cri_1982-1983-ordinaire1_057.txt";"1982";"18800000";"millions";"18.8 millions";"5";"moyen";"5";"oui";"lier de musique tradition . Ile. En 1983 et 1984, les aides dégagées par l'Etat, au titre de la préparation du qua- trième festival des arts du Pacifique représenteront 9,8 millions de francs sur les 18,8 millions du coût total de l'opération . Elles s'ajouteront à la contribution pour la mise en pl"
"2_cri_1964-1965-ordinaire1_021.txt";"1964";"17500000";"millions";"17.5 millions";"5";"moyen";"0";"oui";"ordre de 76,5 millions de francs devant s'ajou- ter au budget normal de la section a allocations familiales » des caisses générales. En 1963 et 1964 les dotations ont été respectivement de l'ordre de 17,5 millions et de 42,5 millions de francs. Grâce à ce transfert très important de crédits de la mé"
"5_cri_1976-1977-ordinaire1_062.txt";"1976";"17000000";"millions";"17.0 millions";"5";"moyen";"2";"oui";"6 Dans le domaine du tourisme, et malgré la crise économique, le volume des investissements ne s'est pas ralenti . Pour les deux dernières années, les subventions du F . I. D. O. M. se sont élevées à 17 millions 400 000 francs pour la Martinique, à 27 mil- lions 700 000 francs pour la Guadeloupe . M"
"4_cri_1969-1970-ordinaire1_050.txt";"1969";"16068000";"francs";"16068000 F";"5";"moyen";"4";"oui";"rès mes collègues qui ont si brillamment et si pertinemment rapporté votre budget, que vous avez affaire à un budget étriqué en diminution excessive : 13.385.000 francs en autorisations de programme, 16.068.000 francs en crédits de paiement. c Certes, les dépenses ordinaires sont en augmentation . I"
"4_cri_1969-1970-ordinaire1_050.txt";"1969";"16000000";"millions";"16.0 millions";"5";"moyen";"4";"oui";"agit là que d'une valeur absolue. En réalité, si l'on tient compte de l'érosion monétaire et, de ce fait, d 'une augmentation des prix d 'environ 6 p. 100, il aurait fallu une augmentation minimum de 16 millions de francs pour rester au même niveau qu'en 1969 . C'est donc, finalement, une diminution"
"4_cri_1971-1972-ordinaire1_024.txt";"1971";"15000000";"millions";"15.0 millions";"5";"moyen";"13";"oui";"'équipement et de primes d'emploi. de promotion sociale. Pour le reste, 27.500.000 francs pourraient aller à l'infra- La migration, dont la nécessité n'est pas contestable, ne structure économique et 15 millions au développement de la devrait avoir qu'un but: former des professionnels qualiiiés cons"
"5_cri_1973-1974-ordinaire1_032.txt";"1973";"15000000";"millions";"15.0 millions";"5";"moyen";"3";"oui";"ions, soit un pourcentage supé- rieur, en moyenne, à celui qui est atteint en métropole. C'est la première année que le montant des crédits supplémen- taires inscrits au F. I. D. O. M. sera d'environ 15 millions de francs. Cette dotation permettre la poursuite des nombreux pro- grammes en cours de r"
"7_cri_1983-1984-ordinaire1_076.txt";"1983";"15000000";"millions";"15.0 millions";"5";"moyen";"2";"oui";"stes redéploiements, surtout si l'on considère que votre budget contient deux mesures nouvelles très impor- tantes en faveur de la Nouvelle-Calédonie : la création d'un service militaire adapté, pour 15 millions de francs en' dépenses ordi- naires et 7 millions de francs en dépenses d'équipement, et"
"4_cri_1969-1970-ordinaire1_050.txt";"1969";"13385000";"francs";"13385000 F";"5";"moyen";"4";"oui";"s de me rendre à l'évidence quand je constate, après mes collègues qui ont si brillamment et si pertinemment rapporté votre budget, que vous avez affaire à un budget étriqué en diminution excessive : 13.385.000 francs en autorisations de programme, 16.068.000 francs en crédits de paiement. c Certes,"
"6_qst_6-qst-1980-09-08.txt";"1980";"13000000";"millions";"13.0 millions";"5";"moyen";"1";"oui";"ait escompter. Outre ses retombées sur la fiscalité locale. le licenciement de ces 700 sala- riés représenterait un gaspillage considérab le pour la collectivité puisque les Assedic auraient à verser 13 millions de francs d ' in- demnités. Aussi. il lui demande s'il entend intervenir pour favoriser "
"7_cri_1982-1983-ordinaire1_057.txt";"1982";"13000000";"millions";"13.0 millions";"5";"moyen";"5";"oui";"z que la question, pour intéressante qu'elle soit, concerne aussi le ministre de la recherche et de l'industrie. En tant que secrétaire d'Etat, je vous signale que nous avons néanmoins engagé près de 13 millions de francs dans la pour- suite des travaux de recherches engagées par le B .R.G .M. La so"
"7_cri_1982-1983-ordinaire1_057.txt";"1982";"11000000";"millions";"11.0 millions";"5";"moyen";"5";"oui";"abilité. J'espère que ce bref échange de vues permettra de faire avancer ces dossiers importants. Nous avons aussi pris des dispositions dans le domaine mari- time qui, vous le savez, constitue, avec 11 millions de kilomètres carrés, une richesse considérable dont nous entendons encore améliorer l'e"
"6_cri_1978-1979-ordinaire1_056.txt";"1978";"10200000";"francs";"10200000 F";"5";"moyen";"0";"oui";"0 francs e Crédits de paiement : 21 500 000 francs . u TITRE VI . — SUD'VENTIONS D ' INVESTISSEMENT ACCORDÉES PAR L ' ETAT « Autorisations de programme : 41 465 000 francs « Crédits de paiement : 10 200 000 francs. Personne ne demande la parole sur le titre III'? . .. Je le mets aux voix. M. Vincent"
"7_cri_1984-1985-ordinaire1_039.txt";"1984";"10000000";"millions";"10.0 millions";"5";"moyen";"2";"oui";"laissées les différents gouvernements de droite. Eh bien ! dans le cadre (lu contrat de flan qui sera signé avec la région, l'Etat a accepté de reconstruire un hôpital à Cayenne pour un montant de 2(10 millions de francs. Voilà ce clac nous devons avoir l'honnêteté de dire sur les crédite qui ont ét"
"4_cri_1969-1970-ordinaire1_050.txt";"1969";"9800000";"millions";"9.8 millions";"5";"moyen";"4";"oui";"vient de l'accroissement des crédits consacrés à la sûreté nationale qui absorbe, à elle seule, la moitié de cette augmentation. En revanche, les crédits d'investissement subissent une réduc- tion de 9,8 millions sur la section centrale du F. I. D . O. M. et de 2,9 millions sur la section locale pou"
"7_cri_1982-1983-ordinaire1_057.txt";"1982";"9800000";"millions";"9.8 millions";"5";"moyen";"5";"oui";"que et à la créa- tion d'un atelier de musique tradition . Ile. En 1983 et 1984, les aides dégagées par l'Etat, au titre de la préparation du qua- trième festival des arts du Pacifique représenteront 9,8 millions de francs sur les 18,8 millions du coût total de l'opération . Elles s'ajouteront à la "
"7_cri_1984-1985-ordinaire1_080.txt";"1984";"7500000";"millions";"7.5 millions";"5";"moyen";"1";"oui";"rtn,re d'Elal . Il faut rappeler que nolis avons pre•tii Ir• maintien, l ':mnre prochaine, des charters de développement dont ton, connaissez l 'importance laies les déparlenu•nt, d'outremer pennon . 7.5 millions de frames sont inscrits u cet 1'81 . 1 dans le budget pour 1905 J 'ajoute que. des celt"
"7_cri_1983-1984-ordinaire1_076.txt";"1983";"7000000";"millions";"7.0 millions";"5";"moyen";"2";"oui";"votre budget contient deux mesures nouvelles très impor- tantes en faveur de la Nouvelle-Calédonie : la création d'un service militaire adapté, pour 15 millions de francs en' dépenses ordi- naires et 7 millions de francs en dépenses d'équipement, et des crédits de fonctionnement pour les trois offic"
"6_cri_1978-1979-ordinaire1_056.txt";"1978";"6314568";"francs";"6314568 F";"5";"moyen";"0";"oui";"inscrits à la ligne s Jeunesse, sports et loisirs . — II. -- Tourisme a. E1'A'l' B Répartition des crédits applicables aux dépenses ordinaires des services civils. (Mesures nouvelles .) « Titre III : 6 314 568 francs « 'Pitre IV : 905 494 francs . e ETAT C Répartition des autorisations de programme "
"7_cri_1984-1985-ordinaire1_039.txt";"1984";"6000000";"millions";"6.0 millions";"5";"moyen";"2";"oui";"qui concerne l'éducation, nous avions en 1981 — budget de gouvernement de droite -- 2 600 000 francs pour l'ensemble des équipements scolaires, premier et second degrés . Nous sommes passés en 1982 à 6 millions de francs, en 1983 à 1l millions de francs et en 1984 à 24 millions de francs. M. Manuel "
"7_cri_1983-1984-ordinaire1_076.txt";"1983";"5400000";"millions";"5.4 millions";"5";"moyen";"2";"oui";"édonie — 35 millions de francs en dépenses ordinaires — expliquent la croissance de 15 p . 100 des crédits inscrits à la section commune, laquelle, sans cela et compte tenu de la non- reconduction de 5,4 millions de francs consacrés cette année au recensement de la population dans les territoires d'"
"6_cri_1979-1980-ordinaire1_045.txt";"1979";"5364830";"francs";"5364830 F";"5";"moyen";"0";"oui";"e maintenant les crédits inscrits à la ligne e Dépar- tements d'outre-mer e . ETAT B Répartition des crédits applicables aux dépenses ordinaires des services civils (mesures nouvelles). e Titre III : 5 364 830 francs e Titre IV : moins 38 766 593 francs . s ETAT C Répartition des autorisations de pr"
"7_cri_1982-1983-ordinaire1_057.txt";"1982";"4500000";"millions";"4.5 millions";"5";"moyen";"5";"oui";"re de conventions culturelles entre l'Etat et les régions a permis de consolider le dévelop pement culturel de nos départements d'outre-mer. Le ministère de la culture a ainsi contribué, pour environ 4,5 millions, à des projets concernant le patrimoine, l'aide à la création et à l'animation en zone "
"4_cri_1972-1973-ordinaire1_045.txt";"1972";"3600000";"millions";"3.6 millions";"5";"moyen";"1";"oui";"total des crédits d'équipement relatifs aux départements d'outre- mer. Enfin, les dépenses relatives au fonctionnement des services dépendant du secrétariat général des départements d'outre-mer, soit 3,6 millions de francs, représentent 60 p. 100 environ du coût total de gestion des services métropo"
"4_cri_1969-1970-ordinaire1_050.txt";"1969";"2900000";"millions";"2.9 millions";"5";"moyen";"4";"oui";"ionale qui absorbe, à elle seule, la moitié de cette augmentation. En revanche, les crédits d'investissement subissent une réduc- tion de 9,8 millions sur la section centrale du F. I. D . O. M. et de 2,9 millions sur la section locale pour les autorisations de programme. Je relève une réduction de 9"
"3_cri_1967-1968-ordinaire1_037.txt";"1967";"2240000";"francs";"2240000 F";"5";"moyen";"0";"oui";"d'outre-mer, au chiffre de 6.746 .484 francs. (Ce titre, mis aux voix, est adopté.) M . le pr.sident. Je mets aux voix le titre IV de l'état B concer- nant les départements d'outre-mer, au chiffre de 2.240.000 francs. (Ce titre, mis aux voix, est adopté.) M. le président. Je mets aux voix, pour le t"
"6_cri_1978-1979-ordinaire1_058.txt";"1978";"2000000";"millions";"2.0 millions";"5";"moyen";"2";"oui";"tration rembourse après tin certain laps de temps ledit montant de TVA . C 'est ainsi que la société en cause a dù rechercher il y a quelques mois une cau- tion pour une couvertu re de TVA d 'environ 2 millions de francs, afin d 'obtenir une autorisation permanente d 'achats en franckise. Cette somm"
"6_cri_1978-1979-ordinaire1_056.txt";"1978";"905494";"francs";"905494 F";"5";"moyen";"0";"non";"ports et loisirs . — II. -- Tourisme a. E1'A'l' B Répartition des crédits applicables aux dépenses ordinaires des services civils. (Mesures nouvelles .) « Titre III : 6 314 568 francs « 'Pitre IV : 905 494 francs . e ETAT C Répartition des autorisations de programme et des crédits de paiement applic"
"5_cri_1976-1977-ordinaire1_062.txt";"1976";"700000";"francs";"700000 F";"5";"moyen";"2";"non";"e volume des investissements ne s'est pas ralenti . Pour les deux dernières années, les subventions du F . I. D. O. M. se sont élevées à 17 millions 400 000 francs pour la Martinique, à 27 mil- lions 700 000 francs pour la Guadeloupe . Mais la conception qui a prévalu, privilégiant les hôtels de hau"
"7_cri_1982-1983-ordinaire1_057.txt";"1982";"600000";"francs";"600000 F";"5";"moyen";"5";"non";"e prenne une fois pour toutes position sur ce sujet. Une remarque identique vaut pour M . Jalton auquel je confirme que l'Elat ne renie en rien l'engagement qu'il a pris de parti- ciper, à hauteur de 600 000 francs, au capital de la société d'éco- nomie mixte . Mais je constate, là aussi, que de ter"
"7_cri_1982-1983-ordinaire1_057.txt";"1982";"600000";"francs";"600000 F";"5";"moyen";"5";"non";"de cette situation . Je n'ai pas changé d'avis : je suis toujours prêt à acquiescer au choix du conseil général de la Martinique, lorsque je saurai enfin ce qu'il est . Je suis toujours prêt à verser 600 000 francs au capital de la société d'économie mixte de l'usine de Beauport lorsque l'on me dira"
"6_cri_1979-1980-ordinaire1_045.txt";"1979";"432834";"francs";"432834 F";"5";"moyen";"0";"non";"ploitations agricoles dans les départements d'outremer. Enfin, la commission de la production, à l'initiative de Didier Julia, a adopté un amendement réduisant le montant des mesures nouvelles — soit 432 834 francs — la dotation du chapitre 31-01, relatif aux rémunérations principales de la directio"
"6_cri_1979-1980-ordinaire1_045.txt";"1979";"432834";"francs";"432834 F";"5";"moyen";"0";"non";"Julia l'amendement n° 368 est présenté par M. Claude Martin, rap- porteur pour avis de la commission de la production et des échanges. Ces amendements sont ainsi rédigés : a Réduire les crédits de 432 834 francs .» La parole est à M. Didier Julia poar soutenir l 'amendement n° 358. M. Didier Julia. "
"5_cri_1976-1977-ordinaire1_062.txt";"1976";"400000";"francs";"400000 F";"5";"moyen";"2";"non";"maine du tourisme, et malgré la crise économique, le volume des investissements ne s'est pas ralenti . Pour les deux dernières années, les subventions du F . I. D. O. M. se sont élevées à 17 millions 400 000 francs pour la Martinique, à 27 mil- lions 700 000 francs pour la Guadeloupe . Mais la conce"
"6_cri_1979-1980-ordinaire1_045.txt";"1979";"200000";"francs";"200000 F";"5";"moyen";"0";"non";"en vigueur en métropole, et donc renoncer à l'article 77, soit la mettre en oeuvre tout de suite. Sur le plan financier, l'opération n'est pas considérable puis- qu'elle ne représente, je crois, que 200 000 francs la charge n'est donc pas très lourde. Mais lorsque l'article 77 viendra en discus- sio"
"5_cri_1974-1975-ordinaire1_046.txt";"1974";"100000";"francs";"100000 F";"5";"moyen";"8";"non";"er seront légèrement supérieures à celles de 1974 . C'est bien la l'essentiel. Parmi les mesures nouvelles, figure une économie de 50000 francs sur les frais de déplacement du corps préfectoral et de 100 000 francs sur ceux des services des préfectures . La commission s'en est étonnée et cette réduc"
"5_cri_1976-1977-ordinaire1_062.txt";"1976";"100000";"francs";"100000 F";"5";"moyen";"2";"non";"crédits relatifs à la mise en place des nouveaux départements d'outre-mer. Les crédits prévus au titre de l'action sociale — assistance et solidarité — subissent une réduction, passant de 37 millions 100 000 francs à 36 millions et demi. Les budgets des ministères des transports et de l'équipe- ment"
"8_cri_1985-1986-ordinaire2_049.txt";"1985";"100000";"francs";"100000 F";"5";"moyen";"1";"non";"contribuables assujettis à l'impôt sur le revenu n'étaient déductibles du revenu impo- sable que pour le montant égal au quart, avec un plafond de 25 000 francs pour les revenus égaux ou supérieurs à 100 000 francs. C 'est donc constamment que la loi a favorisé les gros investisseurs et les sociétés"
"5_cri_1974-1975-ordinaire1_046.txt";"1974";"50000";"francs";"50000 F";"5";"moyen";"8";"non";"es que la nation consacrera en 1975 aux quatre départements d'outre-mer seront légèrement supérieures à celles de 1974 . C'est bien la l'essentiel. Parmi les mesures nouvelles, figure une économie de 50000 francs sur les frais de déplacement du corps préfectoral et de 100 000 francs sur ceux des ser"
"8_cri_1985-1986-ordinaire2_049.txt";"1985";"25000";"francs";"25000 F";"5";"moyen";"1";"non";"mpter du l « jan- vier 1983, les investissements des contribuables assujettis à l'impôt sur le revenu n'étaient déductibles du revenu impo- sable que pour le montant égal au quart, avec un plafond de 25 000 francs pour les revenus égaux ou supérieurs à 100 000 francs. C 'est donc constamment que la "
"6_cri_1978-1979-ordinaire1_050.txt";"1978";"7900";"francs";"7900 F";"5";"moyen";"1";"non";"salue au passage voire honnêteté intellectuelle — que l'on ne peut pas établir de moyenne tant les situations sont diverses. Qu'en est-il aujourd'hui ? Vous avez prétendu que le tarif de base fixé à 7 900 francs, aller et retour, n'était pas souvent utilise. Je me permets de vous f,:re remarquer qu'"
"6_cri_1978-1979-ordinaire1_025.txt";"1978";"5330";"francs";"5330 F";"5";"moyen";"1";"non";"les coûts d'exploitation d 'un Boeing 747 n 'excèdent pas 2 000 francs alors que les voyages programmés par les compagnies de navigation aérienne aboutissent à une réalité qui oscille entre 7 900 et 5 330 francs. Il faut ajouter que la compa- gnie Air France a programmé pour des Mauriciens un voyage"
"6_cri_1978-1979-ordinaire1_050.txt";"1978";"5330";"francs";"5330 F";"5";"moyen";"1";"non";"s souvent utilise. Je me permets de vous f,:re remarquer qu'il concerne tout de même 10 p . 100 des usagers, selon des renseignements fournis par Air France. Il existe aussi un tarif promotionnel (le 5 330 francs pour un séjour compris entre quinze et quarante-cinq jours. Vous affir- mez qu'à destin"
"5_cri_1975-1976-ordinaire1_058.txt";"1975";"5140";"francs";"5140 F";"5";"moyen";"2";"non";"n fonds d'action sociale obligatoire, ce qui sert à pallier les insuffisances du budget de l'Etat en matière d'équipements sociaux. C'est ainsi qu'en 1973 une famille métropolitaine a reçu en moyenne 5 140 francs au titre des allocations familiales alors qu'une famille antillaise ou réunionkaise a t"
"6_cri_1978-1979-ordinaire1_025.txt";"1978";"3180";"francs";"3180 F";"5";"moyen";"1";"non";"gnies de navigation aérienne aboutissent à une réalité qui oscille entre 7 900 et 5 330 francs. Il faut ajouter que la compa- gnie Air France a programmé pour des Mauriciens un voyage aller- retour à 3 180 francs, ce qui démontre indiscutablement les possibi- lités d'arriver à une programmation qui "
"6_cri_1978-1979-ordinaire1_025.txt";"1978";"2000";"francs";"2000 F";"5";"moyen";"1";"non";"nomiques, culturels, humains . Il lui précise encore que, d 'après des études récentes concrétisées dans un rapport américain du 22 mai 1978, les coûts d'exploitation d 'un Boeing 747 n 'excèdent pas 2 000 francs alors que les voyages programmés par les compagnies de navigation aérienne aboutissent "
"6_cri_1978-1979-ordinaire1_050.txt";"1978";"2000";"francs";"2000 F";"5";"moyen";"1";"non";"remplissage des vols à destination de la Réunion était supé- rieur. Si donc nous appliquions ce prix de revient aux liaisons entre la Réunion et la métropole, le billet d'avion serait vendu moins de 2 000 francs, sans aide de . I'Etat. Si la compagnie Air France connaît certaines difficultés, je con"
"6_cri_1978-1979-ordinaire1_025.txt";"1978";"1850";"francs";"1850 F";"5";"moyen";"1";"non";", aucune venti- lation réelle n 'est installée. Ce'st pour travailler 40 heures par semaine dans ces conditions que les soixante ouvrières et les ouvriers de Kiwi-France perçoivent un salaire brut de 1 850 francs par mois. Les revendications de cette partie du personnel sont donc l'amélioration des "
"5_cri_1975-1976-ordinaire1_058.txt";"1975";"1716";"francs";"1716 F";"5";"moyen";"2";"non";"re d'équipements sociaux. C'est ainsi qu'en 1973 une famille métropolitaine a reçu en moyenne 5 140 francs au titre des allocations familiales alors qu'une famille antillaise ou réunionkaise a touché 1 716 francs. Sur le plan sanitaire, la situation est médiocre et se carat térise par une mortalité "
"5_qst_5-qst-1974-04-27.txt";"1974";"1700";"francs";"1700 F";"5";"moyen";"1";"non";"n de positif en ce qui concerne les tarifs et que Air Maurice, qui n 'utilise pas le Boeing 747 a annoncé en novembre 1973 la mise en application d'un tarif spécial ile Maurice—Londres et retour pour 1 700 francs. Il insiste donc à nouveau auprès de lui pour que les tarifs la Réunion—Paris soient ha"
"4_cri_1970-1971-ordinaire1_023.txt";"1970";"940";"francs";"940 F";"5";"moyen";"4";"non";".) M. le président. La parole est à M . Ilélène. M. Léopold Hélène. Mesdames, messieurs, l'analyse du fasci- cule budgétaire montre que le montant total des crédits passe de 290.503.088 francs à 306 .940.877 francs, soit une augmentation de 6 p. 100, inférieure à l'accroissement des crédits du budge"
"4_cri_1970-1971-ordinaire1_065.txt";"1970";"910";"F";"910 F";"5";"moyen";"5";"non";"ons permettant l'exportation vers ce pays de contingents, modiques il est vrai, de pommes et de pêches . SEANCE DU 19 NOVEMBRE 1970 pour une valeur finale de 403 .801.800 F, soit 45 p. 100, et à 169 .910.386 F pour les autres cultures pour une valeur finale de 308 .451.800 francs, soit 57 p. 100, pe"
"5_cri_1973-1974-ordinaire1_032.txt";"1973";"860";"francs";"860 F";"5";"moyen";"3";"non";"oir rappelé les grands services qui sont rendus par le service militaire adapté, aussi bien pour l'équipement des communes que pour la formation des jeunes appelés. En troisième lieu, un crédit de 1 .860.000 francs permettra de porter à plus de cinq mille le nombre des migrants volon- taires en prov"
"4_cri_1970-1971-ordinaire1_065.txt";"1970";"801";"F";"801 F";"5";"moyen";"5";"non";"s des dernières années, des dispositions permettant l'exportation vers ce pays de contingents, modiques il est vrai, de pommes et de pêches . SEANCE DU 19 NOVEMBRE 1970 pour une valeur finale de 403 .801.800 F, soit 45 p. 100, et à 169 .910.386 F pour les autres cultures pour une valeur finale de 30"
"4_cri_1970-1971-ordinaire1_060.txt";"1970";"750";"francs";"750 F";"5";"moyen";"1";"non";"e prise de conscience est nécessaire, socialement et humainement, pour résoudre ce problème posé par la réticence de nombreux employeurs à occuper des travailleurs handicapés. Certes, un crédit de 4 .750.000 francs avait été ouvert dans le budget de 1970, pour l'attribution de primes d'équipement au"
"5_cri_1973-1974-ordinaire1_032.txt";"1973";"750";"francs";"750 F";"5";"moyen";"3";"non";"veloppement des actions entreprises pour la for- mation de la jeunesse et pour la poursuite d'activités culturelles nouvelles dans les départements d'outre-mer représentera une dépense nouvelle de 1 .750.000 francs. Je veux insister sur l'importance toute particulière que j'atta- che aux actions men"
"3_cri_1967-1968-ordinaire1_037.txt";"1967";"600";"francs";"600 F";"5";"moyen";"0";"non";"risations de programme, mises aux voix, sont adop- tées.) M. le président. Je mets aux voix, pour le titre V de l'état C concernant les départements d'outre-mer, les crédits de paiement au chiffre de 600.000 francs. (Les crédits de paiement, mis aux voir, sont adoptés.) M. le président. Je mets aux "
"2_cri_1964-1965-ordinaire1_021.txt";"1964";"500";"francs";"500 F";"5";"moyen";"0";"non";"enant du ministère des armées ? J 'en arrive donc au titre IV, concernant les interventions publiques. Le ministère d'Etat chargé des départements d'outre-mer dispo- sera, en 1965, d'une somme de 14 .500.000 francs pour sa politique de migration, qui sera développée. J 'ai indiqué, en temps voulu, c"
"4_cri_1970-1971-ordinaire1_065.txt";"1970";"451";"francs";"451 F";"5";"moyen";"5";"non";"il est vrai, de pommes et de pêches . SEANCE DU 19 NOVEMBRE 1970 pour une valeur finale de 403 .801.800 F, soit 45 p. 100, et à 169 .910.386 F pour les autres cultures pour une valeur finale de 308 .451.800 francs, soit 57 p. 100, permettant de mesurer les efforts réalisés dans le département, qu'il"
"3_cri_1967-1968-ordinaire1_037.txt";"1967";"400";"francs";"400 F";"5";"moyen";"0";"non";"ts de paiement, mis aux voir, sont adoptés.) M. le président. Je mets aux voix, pour le titre VI de l'état C concernant les départements d'outre-mer, les autorisations de programme au chiffre de 165 .400.000 francs. (Les autorisations de programme, mises aux voix, sont adop- tées.) M . le président."
"2_cri_1964-1965-ordinaire1_021.txt";"1964";"381";"francs";"381 F";"5";"moyen";"0";"non";"e personnel et de matériel du service militaire adapté peut à première vue paraître minime, mais un chapitre nouveau comporte, au titre du personnel et du fonctionnement, des crédits d'un total de 4 .381.779 francs pour la création de centres militaires professionnels. Si l'on compare les sommes con"
"5_cri_1973-1974-ordinaire1_032.txt";"1973";"380";"francs";"380 F";"5";"moyen";"3";"non";"S . M. A. — à un niveau comparable à celui des Antilles sera complété par la création de quarante-quatre postes et par l'achat de matériel complémentaire . Cette mesure repré- sente une dépense de 1 .380.000 francs. Je remercie MM. de Rocca-Serra et Sablé d'avoir rappelé les grands services qui sont"
"4_cri_1968-1969-ordinaire1_050.txt";"1968";"250";"francs";"250 F";"5";"moyen";"16";"non";"tion . la mission d'aménagement du littoral Languedoc-Roussilon . Elle dispose, pour douze ans, de 800 mil- lions de francs, dont 350 environ auront été engagés à la fin de 1969. Nous sommes loin des 250.000 francs de la mission « Antilles .. Cet effort financier a porté ses fruits . On peut discute"
"5_cri_1973-1974-ordinaire1_032.txt";"1973";"210";"francs";"210 F";"5";"moyen";"3";"non";"ectifs de la police nationale, qu'exige le développement de l'urbanisation, dans les départements d'outre-mer comme en métropole. Ces différentes mesures représentent une dépense supplémentaire de 1 .210.000 francs. En deuxième lieu, l'effort entrepris depuis trois ans pour porter, à la Réunion l'ef"
"4_cri_1972-1973-ordinaire1_045.txt";"1972";"102";"francs";"102 F";"5";"moyen";"1";"non";"ca-Serra la date à laquelle pourra paraître ce document. Je ne mentionnerai que quelques données simples concernant ce projet de budget. Les crédits pour dépenses ordinaires qui y sont inscrits, soit 102.857 francs, ne représentent que 4 p . 100 seulement du total des crédits de ce type recensés dan"
"3_cri_1967-1968-ordinaire1_037.txt";"1967";"100";"francs";"100 F";"5";"moyen";"0";"non";"ons de programme, mises aux voix, sont adop- tées.) M . le président. Je mets aux voix, pour le titre VI de l'état C concernant les départements d'outre-mer, les crédits de paiement au chiffre de 99 .100.000 francs. (Les crédits de paiement, mis aux voix, sont adoptés.) M. Louis Odru . Le groupe com"
"6_qst_6-qst-1980-08-25.txt";"1980";"1500000000";"milliard";"1.5 milliard";"4";"moyen";"2";"non";"xtérieur sur le déficit du commerce extérieur des trois premiers mois de 1980 qui s'élève à 14,7 milliards de francs. Il lui ,appelle qu'à pareille époque l'an dernier, on enregistrait un excédent de 1,5 milliard de francs . En conséquence, il lui demande les mesures qu'il entend prendre pour remédi"
"7_cri_1983-1984-ordinaire1_076.txt";"1983";"1000000000";"milliard";"1.0 milliard";"4";"moyen";"2";"non";"érables causés à ce territoire par le déferlement de six cyclones qui se sont succédé en moins de six mois, entre décembre 1982 et avril 1983. Sans revenir sur le bilan chiffré des dommages — plus de 1 milliard de francs --- je tiens à saluer les conditions dans lesquelles le Gouvernement a su mettr"
"7_cri_1981-1982-ordinaire1_070.txt";"1981";"420000000";"millions";"420.0 millions";"4";"moyen";"3";"oui";"an des logements, de gros besoins existent . En effet, 60 000 d'entre eux sur 103 000 sont ou bien vétustes ou bien insuffisants au regard des normes. C'est donc avec inquié- tude que nous notons que 420 millions de francs seulement sont prévus dans le projet de budget pour 1982 pour l'ensemble des "
"4_cri_1968-1969-ordinaire1_050.txt";"1968";"400000000";"millions";"400.0 millions";"4";"moyen";"16";"oui";"f mil- lions de francs et ont permis la création d 'environ 480 emplois. En résumé, ont peut dire que les . objectifs du V° Plan qui prévoyaient, en hypothèse forte, des investissements de l'ordre de 400 millions de francs devraient être sensiblement atteints mais que, par contre, les prévisions de "
"7_cri_1981-1982-ordinaire1_070.txt";"1981";"340000000";"millions";"340.0 millions";"4";"moyen";"3";"oui";"à encore, une action énergique de votre part devrait permettre le relèvement des crédits aux logements dans les départements d'outre-mer, fixé pour 1982 au même niveau qu'en 1981, année où il y avait 340 millions inscrits au budget primitif et 80 millions au collectif voté en juillet Vous savez égal"
"7_cri_1981-1982-ordinaire1_070.txt";"1981";"250000000";"millions";"250.0 millions";"4";"moyen";"3";"oui";"re unique. La dotation minimale nécessaire devrait être de 500 mil- lions et la Réunion, sous peine d'entraîner une révision pro- fonde de sa politique en faveur de l'habitat social, doit disposer de 250 millions de francs. Là encore, une action énergique de votre part devrait permettre le relèvemen"
"6_cri_1979-1980-ordinaire1_032.txt";"1979";"200000000";"millions";"200.0 millions";"4";"moyen";"1";"oui";"ur ce qui concerne l'avant-port, le cercle d'évitement et le poste pétrolier. Les études sont maintenant terminées et le montant de l'investissement, qui sera étalé sur plusieurs années, est estimé à 200 millions de francs . Ces travaux devraient débuter dans moins de deux ans si nous ne voulons pas"
"4_cri_1968-1969-ordinaire1_050.txt";"1968";"148000000";"millions";"148.0 millions";"4";"moyen";"16";"oui";"les, deux usines de broyage de clinkers, l'une en Guadeloupe et l'autre en Martinique, et une usine d'engrais, Au 31 août 1968, huit entreprises industrielles représentant un investissement global de 148 millions de francs ont bénéficié de primes d'équipement pour un montant de près de neuf mil- lio"
"4_cri_1970-1971-ordinaire1_023.txt";"1970";"122000000";"millions";"122.0 millions";"4";"moyen";"4";"oui";"exportations de sucre à un montant inférieur à celui de 1968. La production bananière, mal adaptée aux besoins du marché, n'a permis que des exportations d'une valeur de 99 millions de francs contre 122 millions de francs en 1968. De même, à la Guadeloupe, la production de sucre et de bananes, qui a"
"5_cri_1975-1976-ordinaire2_086.txt";"1975";"114000000";"millions";"114.0 millions";"4";"moyen";"2";"oui";"reprises bénéficiaires de ces contrats s'étaient élevées à 53,8 millions de francs pour les deux années précédant l 'O .P.A. Pour les deux années suivant l 'O .P.A . ce chiffre d'exportations passe à 114 millions de francs . Les indemnités versées par la Coface représentent moins de 2,5 p . 100 de c"
"6_cri_1978-1979-ordinaire2_017.txt";"1978";"100000000";"millions";"100.0 millions";"4";"moyen";"3";"oui";"on. Ii se permet de rappeler à M. le Premier ministre que la plaine de l'Ain a été aménagée à la suite d 'incitations de cette même D. A. T. A. R. et qu'elle représente à ce jour un investissement de 100 millions constitué par les diverses collectivités locales et régionales, alors que cette zone in"
"4_cri_1970-1971-ordinaire1_023.txt";"1970";"99000000";"millions";"99.0 millions";"4";"moyen";"4";"oui";"a réduit à la Martinique les exportations de sucre à un montant inférieur à celui de 1968. La production bananière, mal adaptée aux besoins du marché, n'a permis que des exportations d'une valeur de 99 millions de francs contre 122 millions de francs en 1968. De même, à la Guadeloupe, la production "
"4_cri_1970-1971-ordinaire1_023.txt";"1970";"94000000";"millions";"94.0 millions";"4";"moyen";"4";"oui";"ons climatiques ont entraîné une diminution de la richesse en sucre des cannes et les bananeraies,' mal soignées, ont donné une récolte médiocre. Les exportations sont passées, pour le sucre, de 98 à 94 millions de francs et pour les bananes de 66 à 59 millions de francs. Durement touchée par le cyc"
"7_cri_1981-1982-ordinaire1_070.txt";"1981";"80000000";"millions";"80.0 millions";"4";"moyen";"3";"oui";"devrait permettre le relèvement des crédits aux logements dans les départements d'outre-mer, fixé pour 1982 au même niveau qu'en 1981, année où il y avait 340 millions inscrits au budget primitif et 80 millions au collectif voté en juillet Vous savez également que plus de 100 000 Réunionnais, soit l"
"4_cri_1968-1969-ordinaire1_050.txt";"1968";"78000000";"millions";"78.0 millions";"4";"moyen";"16";"oui";"sation du port de la Pointe des Galets, poursuivis depuis un certain nombre d 'années, il faut signaler la mise en service de la centrale hydroélectrique de Takamaka, d'une productibilité annuelle de 78 millions de Kwa, et l'achèvement, fin 1968, malgré des diffi- cultés techniques importantes, de l"
"4_cri_1970-1971-ordinaire1_023.txt";"1970";"59000000";"millions";"59.0 millions";"4";"moyen";"4";"oui";"richesse en sucre des cannes et les bananeraies,' mal soignées, ont donné une récolte médiocre. Les exportations sont passées, pour le sucre, de 98 à 94 millions de francs et pour les bananes de 66 à 59 millions de francs. Durement touchée par le cyclone Dorothée, d'août dernier, les plantations de "
"5_cri_1975-1976-ordinaire2_086.txt";"1975";"53800000";"millions";"53.8 millions";"4";"moyen";"2";"oui";"ique par le fait que ces reversements n'étaient assis que sur une part très limitée des chiffres d'affaires obtenus. Les exportations des entreprises bénéficiaires de ces contrats s'étaient élevées à 53,8 millions de francs pour les deux années précédant l 'O .P.A. Pour les deux années suivant l 'O "
"7_cri_1982-1983-ordinaire1_057.txt";"1982";"30000000";"millions";"30.0 millions";"4";"moyen";"5";"oui";", chargée de réaliser des G .F .A. qui loueront les terres acquises auprès de la S . A. F . E . R., et l'Etat, monsieur Esdras, dans le cas où vous ne vous en seriez pas aperçu, s'est engagé à mettre 30 millions de francs. Alors, quand vous dites qu'on va s'en remettre au départe- ment, ne cachez pa"
"4_cri_1970-1971-ordinaire1_023.txt";"1970";"23000000";"millions";"23.0 millions";"4";"moyen";"4";"oui";"nvient de noter que, pour les (oit premiers mois de l'année 1970, ASSEMBLEE NATIONALE — 2' SEANCE DU 26 OCTOBRE 1970 4721 les projets industriels primés comportent des investissements de l'ordre de 23 millions de francs et la création de 308 emplois nouveaux. Dans ces chiffres sont inclus des invest"
"4_cri_1970-1971-ordinaire1_023.txt";"1970";"10000000";"millions";"10.0 millions";"4";"moyen";"4";"oui";"riculture, la Réunion est en meilleure posture que les départements antillais — M. Fontaine l'a d'ailleurs signalé dans son avis. Si, en 1969, les exportations de la Réunion ont' progressé de prés de 10 millions de francs, en revanche la crise du secteur sucrier a réduit à la Martinique les exportat"
"4_cri_1970-1971-ordinaire1_065.txt";"1970";"5000000";"millions";"5.0 millions";"4";"moyen";"5";"oui";": vendus à 0,35 franc le kilogramme à la pro- duction sont vendus à 3,20 francs au détail, soit neuf fois plus cher. Après les destructions de 300 .000 tonnes de pommes depuis le début de l'année, de 5 millions de têtes de choux-fleurs ce prin- temps, ce sont 10.000 tonnes de pêches, poires, tomates"
"7_cri_1981-1982-ordinaire1_070.txt";"1981";"4426936";"francs";"4426936 F";"4";"moyen";"3";"oui";"notre territoire en août dernier. Vous avez pris en considération les requêtes qui vous ont été adressées. Vous avez reconnu la nécessité des subventions suivantes au budget local : crédits votés de 4 426 936 francs, soit une augmentation de 533 600 francs par rapport à 1981. J'ajoute que j'ai appré"
"5_cri_1975-1976-ordinaire2_035.txt";"1975";"4000000";"millions";"4.0 millions";"4";"moyen";"2";"oui";"source de profits pour le secteur commercial, alors que vous refusez aux associa- tions les moyens d'accomplir une mission d'intérêt général que toute démocratie doit privilégier? Et l'évocation des 4 millions de francs supplémentaires qui a donné lieu, de votre part, à une déclaration d'autosatisfa"
"4_cri_1970-1971-ordinaire1_023.txt";"1970";"2400000";"millions";"2.4 millions";"4";"moyen";"4";"oui";"diminution, notamment à la Martinique : 720.000 tonnes en 1966, 420 .000 en 1969. Le seul département où cette culture accuse un léger progrès est celui de la Réunion : 2 millions de tonnes en 1966, 2,4 millions environ en 1969. On constate la même évolution défavorable pour la banane. Seule la prod"
"4_cri_1970-1971-ordinaire1_023.txt";"1970";"2000000";"millions";"2.0 millions";"4";"moyen";"4";"oui";"a production accuse une légère diminution, notamment à la Martinique : 720.000 tonnes en 1966, 420 .000 en 1969. Le seul département où cette culture accuse un léger progrès est celui de la Réunion : 2 millions de tonnes en 1966, 2,4 millions environ en 1969. On constate la même évolution défavorabl"
"7_cri_1982-1983-ordinaire1_057.txt";"1982";"600000";"francs";"600000 F";"4";"moyen";"5";"non";"Esdras, et ma lettre du 15 septembre, vous ne l'avez pas reçue ? M. Marcel Esdras. Si M. Henri Emmanuelli, secrétaire d'Etat . Et les lettres que j'ai faites avant pour vous dire que, oui, il y avait 600 000 francs à disposition pour la société d'économie mixte de Beaufort ? Mais où est la réponse d"
"7_cri_1982-1983-ordinaire1_057.txt";"1982";"600000";"francs";"600000 F";"4";"moyen";"5";"non";"c l 'autorisation de M. le secrétaire d'Etat. M. Marcel Esdras. Monsieur le secrétaire d'Etat, vous vous êtes étonné au sujet de votre lettre du 15 septembre . Je l'ai, mais je n'y vois pas trace des 600 000 francs auxquels vous venez de faire allusion. M. Henri Emmanuelli, secrétaire d'Etat . Il en"
"7_cri_1982-1983-ordinaire1_057.txt";"1982";"600000";"francs";"600000 F";"4";"moyen";"5";"non";". M. Marcel Esdras . Mais je le suis ! M. Henri Emmanuelli, secrétaire d'Etat . ... ou vous ne les _ .rivez pas, et ce n'est pas ma faute. M. Marcel Esdras. En tout cas, il n'est pas fait mention des 600 000 francs dans votre lettre ! 6812 ASSEMBLEE NATIONALE — 3"" M. Henri Emmanuelli, secrétaire d'E"
"7_cri_1981-1982-ordinaire1_070.txt";"1981";"533600";"francs";"533600 F";"4";"moyen";"3";"non";"z pris en considération les requêtes qui vous ont été adressées. Vous avez reconnu la nécessité des subventions suivantes au budget local : crédits votés de 4 426 936 francs, soit une augmentation de 533 600 francs par rapport à 1981. J'ajoute que j'ai apprécié l'intérêt que vous avez porté récem- m"
"7_cri_1982-1983-ordinaire1_057.txt";"1982";"250000";"francs";"250000 F";"4";"moyen";"5";"non";"e action de clarification . D'ailleurs, vous le savez, les directives qu'il m'a données à propos de la politique sala- riale pour 1983 prévoient le gel de la fraction des rémunéra- tions supérieure à 250 000 francs. C'est une manière de lutter contre les inégalités et — bien que te soit indirectemen"
"7_cri_1981-1982-ordinaire1_070.txt";"1981";"201176";"F";"201176 F";"4";"moyen";"3";"non";"6, rue Desaix, 75727 Paris CEDEX 15 Renseignements : 5754241 Débats : Compte rendu Questions . . . . . . . . . . . .. . . . . . . . . . . . . .. Documents I Administrations 57K1 .39 Sénat: Débats 201176 F DIRJO • PARIS Documents N'effectuer aucun règlement avant d'avoir reçu one facture. — En cas de"
"5_cri_1975-1976-ordinaire2_086.txt";"1975";"70663";"francs";"70663 F";"4";"moyen";"2";"non";"Intéressées au seul marché des Etats-Unis mais ont également visité le Canada. La Coface a délivré 282 contrats d 'assurance. Elle a versé 1444 382 francs d'indemnités et a perçu des reversements de 70 663 francs. Ce faible montant s 'explique par le fait que ces reversements n'étaient assis que sur"
"6_cri_1978-1979-ordinaire1_025.txt";"1978";"7900";"francs";"7900 F";"4";"moyen";"1";"non";"ix pratiqués par la Compagnie Air France, qui a le monopole de la ligne, sont particulièrement élevés et, pour la majo- rité des cas, absolument hors de proportion avec les revenus de ces personnes : 7 900 francs aller-retour pour la classe économique et 5330 francs pour le 15 - 45 jours . L 'associ"
"6_cri_1978-1979-ordinaire1_025.txt";"1978";"5330";"francs";"5330 F";"4";"moyen";"1";"non";"pole de la ligne, sont particulièrement élevés et, pour la majo- rité des cas, absolument hors de proportion avec les revenus de ces personnes : 7 900 francs aller-retour pour la classe économique et 5330 francs pour le 15 - 45 jours . L 'association Echanges sans frontières regroupant les habitants"
"6_cri_1978-1979-ordinaire1_025.txt";"1978";"2400";"francs";"2400 F";"4";"moyen";"1";"non";"sont donc l'amélioration des conditions de travail et de sécurité, la création d'une prime de vacances égale au SMIC une valeur uni- forme du point de 18 francs, ce qui porterait le salaire mensuel à 2400 francs. La direction de l'entreprise refuse pour le moment de négocier, d 'investir dans le dom"
"6_cri_1978-1979-ordinaire1_025.txt";"1978";"2000";"francs";"2000 F";"4";"moyen";"1";"non";"rontières regroupant les habitants du département de la Réunion ayant estimé d 'après les coûts d 'exploitation d'un Boeing 747 que le «prix vérité » pour la liaison métropole—Réunion n 'excédait pas 2 000 francs aller-retour, il lui demande quelles mesures il compte prendre pour permettre aux Réuni"
"6_cri_1978-1979-ordinaire1_025.txt";"1978";"2000";"francs";"2000 F";"4";"moyen";"1";"non";"et 1973. Par rapport aux autres professions, les salaires accusent un décalage d 'environ 33 p. 100 inférieur à la moyenne générale des autres branches, 63 p . 100 des travailleuses gagnent moins de 2000 francs par mois . Le nombre de classifica- tions ne correspond plus aux conditions actuelles de "
"7_cri_1984-1985-ordinaire1_039.txt";"1984";"1927";"francs";"1927 F";"4";"moyen";"2";"non";"e belle situation ! M. Albert Pen. Peut-être pas, mais je parle ici de mon archipel. Pour faire passer la pilule et elle est dure à avaler, puisque la journée d'hôpital passerait ainsi de 60 francs à 1927 francs, alors que n'existe là-bas aucune mutuelle — on nous dit que la sécurité sociale métropo"
"6_cri_1978-1979-ordinaire1_025.txt";"1978";"1500";"francs";"1500 F";"4";"moyen";"1";"non";"ditions de travail. Un accord a pu finalement être conclu, reposant principalement sur des aug- mentations de salaires au 1 avril et au 1°'' juin 1978 et sur l 'octroi d 'une prime de fin d'anisée de 1 500 francs, liée à la libération des prix . Enfin la direction s 'est engagée à achever avant la f"
"5_cri_1975-1976-ordinaire1_058.txt";"1975";"1233";"francs";"1233 F";"4";"moyen";"2";"non";"ans la métropole : à Pointe-à-Pitre et à Fort-de-France la différence, par rapport à Paris, dépasse 18 p. 100. Le S. M. I. C. vient d'être fixé à 1 092 francs par mois à la Guadeloupe quand il est de 1 233 francs en France. La disparité des situations en matière sociale joue un grand rôle dans la di"
"5_cri_1975-1976-ordinaire1_058.txt";"1975";"1092";"francs";"1092 F";"4";"moyen";"2";"non";"revanche. le coût de la vie est bien plus élevé que dans la métropole : à Pointe-à-Pitre et à Fort-de-France la différence, par rapport à Paris, dépasse 18 p. 100. Le S. M. I. C. vient d'être fixé à 1 092 francs par mois à la Guadeloupe quand il est de 1 233 francs en France. La disparité des situat"
"4_cri_1968-1969-ordinaire1_050.txt";"1968";"500";"francs";"500 F";"4";"moyen";"16";"non";"conomie et des finances que sont placés sous le régime du forfait les contribuables dont le chiffre d'affaires n'excède pas, au cours de chacune des deux années pour lesquelles le forfait est fixé, à 500.000 francs s'il s 'agit de personnes dont le commerce principal est de vendre des marchandises, "
"7_cri_1982-1983-ordinaire1_057.txt";"1982";"770000000";"millions";"770.0 millions";"3";"large";"5";"non";"qui l'arrivée de la 'gauche au pouvoir avait suscité beaucoup d'espoirs. En ce qui concerne l'intégration totale de l'indemnité de résidence, j'indique qu'un point est acquis en 1982, pour un coût de 770 millions de francs. La fixation à 60 p. 100 et à 66 p. 100 de la pension de reversion due aux ve"
"7_cri_1983-1984-ordinaire1_076.txt";"1983";"600000000";"millions";"600.0 millions";"3";"large";"2";"non";"ppé qu'à rester au sein des nations modernes et industrialisées. Certes, le renouvellement de la convention qui lie dix Etats de. la Communauté à soixante-trots Etats A . C. P., représentant ensemble 600 millions d'habitants, va donner lieu à des négo- ciations délicates. Par lettre du 13 octobre de"
"8_cri_1986-1987-ordinaire1_085.txt";"1986";"600000000";"millions";"600.0 millions";"3";"large";"1";"non";"ce d'une volonté de rattrapage d'une telle ampleur. Le projet de loi de programme qui nous est soumis fera bénéficier les départements d'outre-mer, Saint-Pierre-et- Miquelon et Mayotte de 3 milliards 600 millions de francs de crédits supplémentaires, dont près de 3 milliards dans les cinq années à v"
"8_cri_1986-1987-ordinaire1_085.txt";"1986";"600000000";"millions";"600.0 millions";"3";"large";"1";"non";"ance constitue un des points forts de ce projet puisque plus de deux milliards de francs lui seront consacrés - auxquels s'ajoutent les crédits inscrits dans le budget de cette année. Grâce à plus de 600 millions de crédits supplémentaires, les opérations spécifiques de développement permettront de "
"5_cri_1975-1976-ordinaire1_058.txt";"1975";"560000000";"millions";"560.0 millions";"3";"large";"2";"non";"ce sont souvent les équipements publics qui assurent l'emploi et le développement économique. L'effort des ministères techniques, y compris celui des postes et télécommunications, sera cette année de 560 millions de francs. Vous avez ensuite, monsieur Vivien, évoqué le problème des prix. Pourtant, j"
"4_cri_1968-1969-ordinaire1_050.txt";"1968";"500000000";"millions";"500.0 millions";"3";"large";"16";"oui";". F. A., soit 5.000 francs, ce qui, vous en convien- drez, n'est pas excessif, la consommation totale des Réunionnais devrait être, pour les 430 .000 habitants, de 2 .150 millions de francs, soit 107.500 millions de francs C.F.A. Or, elle n 'est que de l'ordre de 50 milliards . Le décalage est donc "
"6_cri_1978-1979-extraordinaire2_006.txt";"1978";"450000000";"millions";"450.0 millions";"3";"large";"1";"oui";"e quoi subsister à une famille. Or, voilà quelques jours, éciatait la nouvelle que la direction de la firme allemande, prétextant l'arrêt de ses ventes en Iran et trouvant sans doute insuffisants les 450 millions de béné- fices qu'elle a annoncés, pour 1978, en ce qui concerne l'unité de Fleurance, "
"4_qst_4-qst-1969-08-23.txt";"1969";"400000000";"millions";"400.0 millions";"3";"large";"1";"oui";"sor de plus d 'un million de francs depuis janvier 1969 . L'épizootie, en dépit des mesures prises jusqu 'ici, menace une production régionale de l'ordré de 1.600.000 porcs par an et d 'une valeur de 400 millions de francs alors même que notre production nationale est déficitaire . Un plan de séro-v"
"7_cri_1982-1983-ordinaire1_057.txt";"1982";"338000000";"millions";"338.0 millions";"3";"large";"5";"oui";"aité que le projet de loi de finances pour 1983 comporte l'achève- ment de la mensualisation de l'ensemble des retraités de la fonction publique. Le coût d'une telle mesure est aujourd'hui estimé à 3 338 millions de francs. Compte tenu des contraintes financières actuelles, la poursuite de la mensua"
"8_cri_1986-1987-ordinaire1_085.txt";"1986";"275000000";"millions";"275.0 millions";"3";"large";"1";"oui";"on des finances que le Gouvernement présentera au cours de ce débat, en faveur de Mayotte, un amendement qui aura pour effet d'augmenter de 208 millions de francs les autorisations de programme et de 275 millions de francs les dépenses ordinaires et les crédits de paiement dans le cadre' des finance"
"8_cri_1986-1987-ordinaire1_085.txt";"1986";"208000000";"millions";"208.0 millions";"3";"large";"1";"oui";"j'ai l'honneur d'indiquer à M. le rapporteur de la commission des finances que le Gouvernement présentera au cours de ce débat, en faveur de Mayotte, un amendement qui aura pour effet d'augmenter de 208 millions de francs les autorisations de programme et de 275 millions de francs les dépenses ordin"
"4_cri_1968-1969-ordinaire1_050.txt";"1968";"150000000";"millions";"150.0 millions";"3";"large";"16";"oui";"par habitant de 250.000 francs C . F. A., soit 5.000 francs, ce qui, vous en convien- drez, n'est pas excessif, la consommation totale des Réunionnais devrait être, pour les 430 .000 habitants, de 2 .150 millions de francs, soit 107.500 millions de francs C.F.A. Or, elle n 'est que de l'ordre de 50 "
"5_cri_1977-1978-ordinaire1_035.txt";"1977";"140000000";"millions";"140.0 millions";"3";"large";"4";"oui";"mie, dont on a pu dire qu'elle est de « régression assistée n. Dans un premier plan quinquennal de modernisation de l'in- dustrie sucrière à la Guadeloupe, arrivé à terme en 1975, l'Etat a distribué 140 millions de francs aux usiniers. Paradoxalement, cette importante incitation au développement de "
"8_cri_1986-1987-ordinaire1_085.txt";"1986";"140000000";"millions";"140.0 millions";"3";"large";"1";"oui";"nnées ! M. Aimé Césaire. Le mot est plaisant, mais il est faux . La vérité, monsieur le ministre, est que cette générosité est très relative, et, de plus, conditionnelle. Voyez les chiffres . Environ 140 millions de francs de plus pour les Antilles - quand en les décompose, car vous donnez des somme"
"5_cri_1973-1974-ordinaire1_032.txt";"1973";"87600000";"millions";"87.6 millions";"3";"large";"3";"oui";"nctionne depuis le 3 septembre 1973 . Elle sera en mesure de fabriquer 1 .000 tonnes de flans en 1974, et 1 .500 tonnes les années suivantes . Cette nouvelle usine emploie 275 personnes et aura coûté 87,6 millions de francs. Comme je l'ai fait en commission, j'appelle l'attention sur les profondes t"
"7_cri_1984-1985-ordinaire1_080.txt";"1984";"72000000";"millions";"72.0 millions";"3";"large";"1";"oui";"e dix huit à vingt cinq ans dans lo ., départements d'outremer Ainsi, Pi rata( a Béja nais à la disposition de- départements d 'outremer 75 tonnions de 17rune, pote' les eh:mlers de dite loppemenl et 72 millions pour le, titi aux (l 'utilité collective. En effet, notre objectif est ,nant tout la for"
"8_cri_1986-1987-ordinaire1_085.txt";"1986";"70000000";"millions";"70.0 millions";"3";"large";"1";"oui";"très relative, et, de plus, conditionnelle. Voyez les chiffres . Environ 140 millions de francs de plus pour les Antilles - quand en les décompose, car vous donnez des sommes globales - soit environ 70 millions de plus par an pour chacun des deux départements : ce n'est pas négli- geable, mais ce n'"
"8_cri_1986-1987-ordinaire1_085.txt";"1986";"50000000";"millions";"50.0 millions";"3";"large";"1";"oui";"on effort financier en faveur de la construction et de la mise en service de nouveaux établis- sements de formation, ainsi que de la création de nouvelles filières. Ainsi, un crédit supplémentaire de 50 millions de francs sera inscrit au projet de budget pour 1987 et reconduit chaque année pendant t"
"6_qst_6-qst-1980-09-08.txt";"1980";"40000000";"millions";"40.0 millions";"3";"large";"1";"oui";"se de bois consommés en France . Il estime que la politique forestière devrai privilégier la production, la transforma- tion et la commercialisation du bois d'ceuvre, avec pour objectif d'atteindre 40 millions de mètres cubes par an en 1985 . C'est en améliorant la qualité des forêts que l'on pourra"
"6_qst_6-qst-1980-09-08.txt";"1980";"30000000";"millions";"30.0 millions";"3";"large";"1";"oui";"cs par an, ce qui est difficilement compréhensible pour un pays qui a le plus grand patrimoine forestier d 'Europe. Le volume des récoltes de bois commercialisé annuellement n 'est que de l 'ordre de 30 millions de mètres cubes soit environ 75 p. 100 de la quantité qui serait nécessaire pour fabriqu"
"8_cri_1986-1987-ordinaire1_085.txt";"1986";"16000000";"millions";"16.0 millions";"3";"large";"1";"oui";"c vitale. Nier cette évidence aboutirait à laisser ces dépar- tements, et notamment la Réunion, face à des tensions sociales qu 'il serait impossible dé maîtriser. Vous avez donc bien fait de dégager 16 millions de francs, dès le budget 1987, en faveur d'une reprise de l'aide à la mobilité, inconsid"
"7_cri_1984-1985-ordinaire1_080.txt";"1984";"14000000";"millions";"14.0 millions";"3";"large";"1";"oui";"rai lorrain, aucune négociation phase fonte pour une production d 'acier inchangée . La pro- sérieuse n'a été e•ngagi'e et seule une séance de travail tri doction de minerai, qui atteint actucliement 14 millions de partite s'est ternie le 12 juillet : mais elle n 'a pas connu de tonnes, se situera à"
"7_cri_1984-1985-ordinaire1_080.txt";"1984";"11000000";"millions";"11.0 millions";"3";"large";"1";"oui";"n'a été e•ngagi'e et seule une séance de travail tri doction de minerai, qui atteint actucliement 14 millions de partite s'est ternie le 12 juillet : mais elle n 'a pas connu de tonnes, se situera à 11 millions de tondes à l 'horizon 1987-1988 . d i te . Le, mineur,, les élus, les populations exigen"
"8_cri_1986-1987-ordinaire1_090.txt";"1986";"10000000";"millions";"10.0 millions";"3";"large";"9";"oui";"ière fonte en Lorraine ? M . le Premier ministre peut-il confirmer que les investissemen ts seront effectués à Gandrange-Rombas et selon quel calendrier ? Pour la politique charbonnière, le seuil des 10 millions de tonnes serait abandonné pour 1987 et il en résulterait 1 700 suppressions d'emplois ."
"7_cri_1984-1985-ordinaire1_080.txt";"1984";"7700000";"millions";"7.7 millions";"3";"large";"1";"oui";"des Cinquièmement, les eaux d'cxhaure des mines . investissements liés au transport du minerai de fer lorrain. Déjà se pose le problème des eaux d'exhaure dont les La production n'atteindra plus que 7,7 millions de tonnes en communes vont devoir supporter la charge après l'arrêt de 1987. Cette dimin"
"7_cri_1984-1985-ordinaire1_080.txt";"1984";"6800000";"millions";"6.8 millions";"3";"large";"1";"oui";". de fer soit ouvert : pour que l'on débatte sérieusement du plan Dans sa structure technique actuelle, la sidérurgie française fonte avec• les mineurs et les sidérurgistes concernés et que, consomme 6,8 millions de tonnes de ferrailles . La récupération ce faisant, les fermetures de puits et d 'ins"
"7_cri_1981-1982-extraordinaire4_014.txt";"1981";"40000";"francs";"40000 F";"3";"large";"1";"non";"raisons valables et non pour des raisons de circonstance. Le coût de la promotion et de la publicité des médicaments en France représente 5 milliards de francs, soit, puisqu'il y a 105 000 médecins, 40 000 francs par mois et par médecin ! Je ne pense pas que cela soit sain . Nous voulons donc corrig"
"7_cri_1984-1985-ordinaire1_039.txt";"1984";"8000";"francs";"8000 F";"3";"large";"2";"non";"seront bientôt enfermés dans leur Be, désespérés, sans travail et sans avenir . Ils ne pourront même plus prendre l'avion . Figurez-vous qu 'actuelle- ment le voyage, selon le tarif V . P. T., coûte 8 000 francs et, pour un pauvre type qui est au chômage, vous voyez ce que repré- sente une telle som"
"7_cri_1982-1983-ordinaire1_057.txt";"1982";"4500";"francs";"4500 F";"3";"large";"5";"non";"p. 100 est une amputation du pouvoir d'achat cumulative avec les effets du blocage. Bien que la cotisation de solidarité ne soit, à notre initiative, prélevée que sur les traitements nets à partir de 4 500 francs, et non pas sur les traitements bruts, nous sommes inquiets de l'effort demandé aux cin"
"7_cri_1982-1983-ordinaire1_057.txt";"1982";"4000";"francs";"4000 F";"3";"large";"5";"non";"ation des bas salaires et la transparence des traitements. A ce titre, il est nécessaire de fixer un minimum de rému- nération dont le montant reste à déterminer, mais qui ne saurait être inférieur a 4 000 francs mensuels . Il convient (le prévoir un mécanisme d'indexation, de déterminer une hiérarc"
"7_cri_1984-1985-ordinaire1_080.txt";"1984";"2400";"francs";"2400 F";"3";"large";"1";"non";"siri a 512 p 11 .1 à Mite Cresson quelques i'!t'u•nts d 'analyse et quelque, pro- de la pension vieillesse. Leur retenu nu,yen Iohal , rtah!ii positions sur le plan industriel et sur le plan social . 2 400 francs par mois . 1 .' indenutiti' de c4rauffa_c reste Premièrement . l'emploi . depuis le 1 j"
"5_cri_1976-1977-ordinaire1_062.txt";"1976";"1500";"francs";"1500 F";"3";"large";"2";"non";"é de l'économie, dont la reprise d'activité contribuerait à rétablir l'équilibre de nos échanges et à résorber en grande partie le chômage dans le monde rural. En attendant, je rappelle que l'aide de 1 500 francs à la plantation, promise au titre de 1975, n'a pas encore été versée aux agriculteurs m"
"7_cri_1984-1985-ordinaire1_080.txt";"1984";"1320";"francs";"1320 F";"3";"large";"1";"non";"dù être fermées — Bazailtes, Rochunvillers-la-Pais, 8assompiere, 288 francs par tonne de fonte en Lorraine contre 315 francs à Longwy, Jarny -- et les plans de production de fonte de Sollac' et Fus c•1 320 francs à Dunkerque . d'Uniniétal conduisent les groupes sidérurgiques a envisager la fermetu r"
"4_cri_1968-1969-ordinaire1_050.txt";"1968";"250";"francs";"250 F";"3";"large";"16";"non";"omporte, et dont la misère, qui sévit à l'état endémique, n'est pas la moindre. « A ce sujet, et pour vous fixer les idées, précisons qu'en adoptant une consommation moyenne par an et par habitant de 250.000 francs C . F. A., soit 5.000 francs, ce qui, vous en convien- drez, n'est pas excessif, la c"
"8_cri_1986-1987-ordinaire1_065.txt";"1986";"2000000000";"milliards";"2.0 milliards";"2";"large";"0";"non";"là-bas . L'effort à consentir est suffisamment énorme pour qu'on en réserve le bénéfice aux Français. Les besoins étant considérables, je me félicite que l'essen- tiel du projet de loi de programme - 2 milliards de francs de crédits de paiement sur 3,6 milliards - soit affecté au loge- ment. Si l 'o"
"8_cri_1987-1988-ordinaire1_025.txt";"1987";"1800000000";"milliard";"1.8 milliard";"2";"large";"0";"non";"ré- sente à lui seul 2,9 milliards de francs des dépenses de l'Etat. En termes d'impact direct sur l'économie locale, les dépenses globales du C.E.P.-C.E.A. et des armées utilisées localement sont de 1,8 milliard de francs, soit 15 p. 100 du produit intérieur brut du territoire . Il conviendra de ve"
"8_cri_1986-1987-ordinaire1_065.txt";"1986";"955000000";"millions";"955.0 millions";"2";"large";"0";"non";"de paiement et près de 50 p . 100 en autorisations de programme. En ce qui concerne plus particulièrement les départements et collectivités territoriales d'outre-mer, les crédits de paie- ment, avec 955 millions, progressent de plus de 17 p, 100 et les autorisations de programme, avec 586 millions, "
"2_cri_1964-1965-ordinaire1_021.txt";"1964";"926000000";"millions";"926.0 millions";"2";"large";"0";"non";"u. Dans le secteur de l 'habitat, le plan prévoyait pour la Réunion, au titre des travaux d 'édilité qui conditionnent la construction d 'un certain nombre de logements, des subventions de l'ordre de 926 millions de francs C . F. A . En fait, les subventions ouvertes à la section centrale du F . I. "
"6_cri_1978-1979-ordinaire1_056.txt";"1978";"876000000";"millions";"876.0 millions";"2";"large";"0";"non";"marquera une étape significative dans ce domaine. En réalité, le volume des seuls crédits d'équipement prévus en 1979 par les divers ministères techniques s'établit en autorisa- tions de programme à 876 millions de francs contre 825 millions de francs en 1978, en augmentation, par conséquent, de 6,1"
"6_cri_1978-1979-ordinaire1_056.txt";"1978";"825000000";"millions";"825.0 millions";"2";"large";"0";"non";"ive dans ce domaine. En réalité, le volume des seuls crédits d'équipement prévus en 1979 par les divers ministères techniques s'établit en autorisa- tions de programme à 876 millions de francs contre 825 millions de francs en 1978, en augmentation, par conséquent, de 6,1 p . 100. L'effort global du "
"8_cri_1987-1988-ordinaire1_025.txt";"1987";"750000000";"millions";"750.0 millions";"2";"large";"0";"non";"onté de rester française, sont considérables. C'est à juste titre que vous vous êtes donné les moyens de les combler grâce à une dotation spéciale au sein de la loi de programme qui engage dEtat pour 750 millions, soit environ 10 000 francs par habi- tant, d'ici à 1992 . Il était de première importa"
"6_cri_1979-1980-ordinaire1_045.txt";"1979";"720000000";"millions";"720.0 millions";"2";"large";"0";"non";"en veux pour exemple que les résultats obtenus par l'insti- tution de la dotation globale de fonctionnement. A ce titre, en 1980, les collectivités locales des départements d'outre-mer se partageront 720 millions de francs d'aides . Par conséquent, on ne saurait contester que l'effort de solidarité "
"8_cri_1987-1988-ordinaire1_025.txt";"1987";"681000000";"millions";"681.0 millions";"2";"large";"0";"non";"ale, les crédits destinés aux départements d'outre-mer évoluent plus favora- blement que ceux réservés au territoires d'outre-mer. Les crédits consacrés aux territoires d'outre-mer, qui s'élè- vent à 681 millions de francs, sont en diminution de 0,7 p. 100, et la part des territoires d'outre-mer est"
"6_cri_1979-1980-ordinaire1_045.txt";"1979";"597000000";"millions";"597.0 millions";"2";"large";"0";"non";"pas d'avoir avec vous, monsieur le secrétaire t'Etat, mais aussi avec l'ensemble des ministres concernés, un débat complet sur les interventions de l'Etat dans les D. 0. M ., puisque, aussi bien, les 597 millions dont nous discutons sont peu de chose par rapport aux 9 milliards 000 millions que les "
"8_cri_1986-1987-ordinaire1_065.txt";"1986";"586000000";"millions";"586.0 millions";"2";"large";"0";"non";"us particulièrement les départements et collectivités territoriales d'outre-mer, les crédits de paie- ment, avec 955 millions, progressent de plus de 17 p, 100 et les autorisations de programme, avec 586 millions, de plus de 50 p. 100. Il s'agit là d'un effort extrêmement important et d 'autant plus"
"6_cri_1978-1979-ordinaire1_056.txt";"1978";"530000000";"millions";"530.0 millions";"2";"large";"0";"non";"dotations que nous aurons à exprimer nos votes cet après-midi. Ce projet de budget, s'il comporte quelques mesures positives, n'en présente pas moins un profil d'ensemble peu encourageant. Réduits à 530 millions de francs sous l'effet de transferLs vers d'autres budgets, les crédits tic la direction"
"6_cri_1978-1979-ordinaire1_056.txt";"1978";"530000000";"millions";"530.0 millions";"2";"large";"0";"non";"t et le progrès de nos départements d'outre-nier. Comme vous l'avez tous souligné, messieurs les rapporteurs, le budget des départements d'outre-mer, au sens strict, est modeste en chiffres absolus : 530 millions de flancs, ce qui est peu de chose. Mais vous savez — et c'est la règle du jeu que le G"
"6_cri_1978-1979-ordinaire1_056.txt";"1978";"526000000";"millions";"526.0 millions";"2";"large";"0";"non";"ts d'outre-mer apparaît bien mesurée par rapport à l'expansion de ses charges générales, puisqu'elle se limitera — toutes dépenses confondues — à 10,8 p. 100. Certes, appréciées dans leur volume -- 8 526 millions — ces interventions restent importantes : elles représenteront près de 2 p. 100 des dép"
"6_cri_1978-1979-ordinaire1_056.txt";"1978";"526000000";"millions";"526.0 millions";"2";"large";"0";"non";"en 1978, en augmentation, par conséquent, de 6,1 p . 100. L'effort global du budget de l'Etat, en équipement et en fonctionnement, tous ministères confondus, passera de 7 645 mil- lions de francs à 8 526 millions de francs, soit une progression de 11,5 p . 100. Dans les conditions difficiles que tra"
"2_cri_1964-1965-ordinaire1_021.txt";"1964";"460000000";"millions";"460.0 millions";"2";"large";"0";"oui";"al ne doivent pas être interprétés comme constituant une diminution de notre effort d'investissement. Le projet de loi portant approbation du IV' plan avait fixé — tous les orateurs l'ont rappelé — à 460 millions de francs le montant des ressources à allouer au fonds d 'investissement des départemen"
"6_cri_1978-1979-ordinaire1_056.txt";"1978";"389000000";"millions";"389.0 millions";"2";"large";"0";"oui";"d'investissement. L'évolution des programmes en principe prioritaires retenus par le ViI"" Plan marquera même le pas en 1979, puisque les dotations du programme d'action consacré aux DOM fléchiront de 389 millions de francs à 342 millions. Si clans certains domaines l'exécution des actions planifiées"
"6_cri_1978-1979-ordinaire1_056.txt";"1978";"342000000";"millions";"342.0 millions";"2";"large";"0";"oui";"tion des programmes en principe prioritaires retenus par le ViI"" Plan marquera même le pas en 1979, puisque les dotations du programme d'action consacré aux DOM fléchiront de 389 millions de francs à 342 millions. Si clans certains domaines l'exécution des actions planifiées aboutit à une réalisatio"
"2_cri_1964-1965-ordinaire1_021.txt";"1964";"322000000";"millions";"322.0 millions";"2";"large";"0";"oui";"rtain nombre de logements, des subventions de l'ordre de 926 millions de francs C . F. A . En fait, les subventions ouvertes à la section centrale du F . I. D. O. M. depuis 1962 s'élèvent seulement à 322 millions de francs C. F. A., ce qui représente environ 34 p . 100 seulement des ressources annon"
"2_cri_1964-1965-ordinaire1_021.txt";"1964";"270000000";"millions";"270.0 millions";"2";"large";"0";"oui";"ands et graves problèmes qui préoccupent très justement les populations des départements d'outre-mer. A la Martinique, le déficit commercial va en s'accentuant dangereusement. En 1958, il était de 5 .270 millions de francs, en 1963 il passait à 19 milliards de francs. Ainsi ce déficit, qui a été mul"
"8_cri_1987-1988-ordinaire1_025.txt";"1987";"250000000";"millions";"250.0 millions";"2";"large";"0";"oui";"ont été votés en 1986, 149 millions en 1987, et que 125 millions d'autorisations de programme ont été dégagés pour 1988. Le Gouvernement a accordé en 1986 une subvention d'équilibre exceptionnelle de 250 millions de francs en faveur du budget territorial et il participe aux charges de fonction- neme"
"6_cri_1978-1979-ordinaire1_056.txt";"1978";"245000000";"millions";"245.0 millions";"2";"large";"0";"oui";"'aura disposé que de 22,5 p . 100 des ressources d'engagement. Parallèlement, les disponibilités du Fonds sont accrues de 30 millions de francs et s'établiront . toutes sections confondues, à près de 245 millions de francs d'autorisations de programme en 1979 : la revalorisation est donc effectuée, "
"6_cri_1978-1979-ordinaire1_056.txt";"1978";"244500000";"millions";"244.5 millions";"2";"large";"0";"oui";"ons de francs. Mesdames, messieurs, ce projet de budget contient tout de même des éléments positifs que je vous serais reconnaissant de bien vouloir noter. Globalement, la dotation du FIDOM s'élève à 244,5 millions de francs, ce qui représente une sensible augmentation de 14 p . 100 par rapport à 19"
"6_cri_1978-1979-ordinaire1_056.txt";"1978";"244000000";"millions";"244.0 millions";"2";"large";"0";"oui";"orientation des aides de lEtat vers le financement des legements sociaux sera nettement accentuée. A cet effet, les dotations budgétaires de l'ensemble des départements d'outre- mer seront portées de 244 millions de francs en 1978 à 274 mil- lions de francs en 1979 . Il s'agit, là aussi, d'un effort"
"2_cri_1964-1965-ordinaire1_021.txt";"1964";"200000000";"millions";"200.0 millions";"2";"large";"0";"oui";"ntes à une répartition du marché français réalisée sur des bases équitables, permettront de maintenir la production d'ananas qui représente une part importante des recettes de la Martinique — plus de 200 millions de francs et 12 p. 100 des exportations. Une enquête approfondie sur les conditions de "
"2_cri_1964-1965-ordinaire1_021.txt";"1964";"195000000";"millions";"195.0 millions";"2";"large";"0";"oui";"des ressources à allouer au fonds d 'investissement des départements d'outre-mer pour la période quadriennale 1962-1965. Au cours des années 1962 et 1963, la dotation du F. I. D. O. M. s'est élevée à 195 millions — 95 millions en 1962 et 100 mil- lions en 1963. La dotation s'est élevée en 1964 à 113"
"2_cri_1966-1967-ordinaire1_021.txt";"1966";"185000000";"millions";"185.0 millions";"2";"large";"0";"oui";"us importante des investissements publics dans ces départements est prise en charge par le budget des diffé- rents ministères techniques intéressés et ne figure pas dans ce budget. Or, c'est plus de. 185 millions de francs que l'en- semble des ministères techniques investira dans les départe- ments "
"8_cri_1986-1987-ordinaire1_065.txt";"1986";"184000000";"millions";"184.0 millions";"2";"large";"0";"oui";"les concernées sur l'application de la loi de programme. Le ministère des départements et des territoires d'outre-mer devrait donc financer la tranche 1987 du projet de loi de pro- gramme à raison de 184 millions de francs en autorisations de programme et de 96 millions de francs en crédits de paie-"
"8_cri_1986-1987-ordinaire1_065.txt";"1986";"183700000";"millions";"183.7 millions";"2";"large";"0";"oui";"es, au titre des mesures sociales : Il s'agit du supplément de crédits accordé à l'Agence nationale pour l'insertion et la promotion des travailleurs d'outre-mer, par rapport à 1986. D'un autre côté, 183,7 millions de francs en autorisations de programme et 80 mi llions de francs en crédits de paie-"
"6_cri_1979-1980-ordinaire1_045.txt";"1979";"182000000";"millions";"182.0 millions";"2";"large";"0";"oui";"a déjà été accompli depuis que le plan existe et je me contenterai d'indiquer que la réalisation effec- tive du programme d'infrastructure débutera le 1"" . janvier 1980. En cinq ans, nous dépenserons 182 millions de francs dans ce seul domaine, ce qui permettra à la Guyane de changer de visage. Notr"
"6_cri_1978-1979-ordinaire1_106.txt";"1978";"160000000";"millions";"160.0 millions";"2";"large";"0";"oui";"importante . Les exonérations de redevance se cumulant d'année en année, la moins-value de recettes s 'élèverait, au terme de la quatrième année d'application de la mesure au rythme actuel, à environ 160 millions de francs par an. Compte tenu des difficiles problèmes de financement que pose la réali"
"2_cri_1964-1965-ordinaire1_021.txt";"1964";"150000000";"millions";"150.0 millions";"2";"large";"0";"oui";": Les engagements pris par la caisse centrale de coopération économique dans les différents secteurs de l'économie en 1964 atteindront vraisemblablement, à la fin de l'année, un montant de l'ordre de 150 millions, dont 18 millions pour les programmes de production d'énergie électrique, 89 millions p"
"2_cri_1966-1967-ordinaire1_021.txt";"1966";"150000000";"millions";"150.0 millions";"2";"large";"0";"oui";"ter cette migration, de faire en sorte qu'elle se traduise les dépenses des prestations familiales sont passées de 45 mil- par une promotion sociale et professionnelle, de veiller aux lions à plus de 150 millions de francs. Surtout, la mise en oeuvre conditions de vie en métropole des travailleurs o"
"8_cri_1987-1988-ordinaire1_025.txt";"1987";"149000000";"millions";"149.0 millions";"2";"large";"0";"oui";"lture. Les interventions du fonds d 'aide et de développement pour la Nouvelle-Calédonie restent impor- tantes et influent sur l'économie : rappelons que 117 millions de francs ont été votés en 1986, 149 millions en 1987, et que 125 millions d'autorisations de programme ont été dégagés pour 1988. Le"
"2_cri_1966-1967-ordinaire1_021.txt";"1966";"148100000";"francs";"148100000 F";"2";"large";"0";"oui";"1966, si l'augmenta- tion est encore plus sensible pour les dépenses en capital, puisque leur montant passe de 120 millions de francs à 129.750.000 francs en crédits de paiement et de 130 millions à 148.100.000 francs en autorisations de programme, ces chiffres ne reflètent qu'imparfaitement l'accro"
"2_cri_1966-1967-ordinaire1_021.txt";"1966";"140000000";"millions";"140.0 millions";"2";"large";"0";"oui";"r lesquelles je reviendrai — M. Bas y a déjà parfaitement répondu — mais, tel qu'il est, il a rendu et rend toujours de signalés services. Quant au F. I. D. O. M., sa dotation passe de 120 millions à 140 millions de francs. Compte tenu de l'intervention croissante des minis- tères techniques, deux m"
"6_cri_1978-1979-ordinaire1_106.txt";"1978";"140000000";"MF";"140.0 MF";"2";"large";"0";"oui";". D appartient en effet à ce département ministériel d'assu- rer l 'ensemble des charges qui lui permettent d 'accroître sa clientèle, notamment auprès des personnes âgées. Par ailleurs, la somme de 140 MF qui représente, selon le ministère, la moins-value de recettes en 1978, ne tient vraisemblable"
"2_cri_1966-1967-ordinaire1_021.txt";"1966";"130000000";"millions";"130.0 millions";"2";"large";"0";"oui";"rt au budget de 1966, si l'augmenta- tion est encore plus sensible pour les dépenses en capital, puisque leur montant passe de 120 millions de francs à 129.750.000 francs en crédits de paiement et de 130 millions à 148.100.000 francs en autorisations de programme, ces chiffres ne reflètent qu'imparf"
"2_cri_1966-1967-ordinaire1_021.txt";"1966";"129750000";"francs";"129750000 F";"2";"large";"0";"oui";"e une augmentation de 4.828,989 francs par rapport au budget de 1966, si l'augmenta- tion est encore plus sensible pour les dépenses en capital, puisque leur montant passe de 120 millions de francs à 129.750.000 francs en crédits de paiement et de 130 millions à 148.100.000 francs en autorisations d"
"2_cri_1964-1965-ordinaire1_021.txt";"1964";"126800000";"millions";"126.8 millions";"2";"large";"0";"oui";"s passent de 65,4 millions à 74,1 mil- lions de francs les interventions publiques passent de 33,1 mil- lions à 35 millions, et les investissements publics passent, en autorisations de programme de 126,8 millions à 126,35 millions, et en crédits de paiement de 140 à 119,6 millions. Ainsi, comme on l"
"2_cri_1964-1965-ordinaire1_021.txt";"1964";"126350000";"millions";"126.35 millions";"2";"large";"0";"oui";"millions à 74,1 mil- lions de francs les interventions publiques passent de 33,1 mil- lions à 35 millions, et les investissements publics passent, en autorisations de programme de 126,8 millions à 126,35 millions, et en crédits de paiement de 140 à 119,6 millions. Ainsi, comme on l 'a souligné à dif"
"8_cri_1987-1988-ordinaire1_025.txt";"1987";"125000000";"millions";"125.0 millions";"2";"large";"0";"oui";"onds d 'aide et de développement pour la Nouvelle-Calédonie restent impor- tantes et influent sur l'économie : rappelons que 117 millions de francs ont été votés en 1986, 149 millions en 1987, et que 125 millions d'autorisations de programme ont été dégagés pour 1988. Le Gouvernement a accordé en 19"
"2_cri_1966-1967-ordinaire1_021.txt";"1966";"120000000";"millions";"120.0 millions";"2";"large";"0";"oui";"francs, ce qui représente une augmentation de 4.828,989 francs par rapport au budget de 1966, si l'augmenta- tion est encore plus sensible pour les dépenses en capital, puisque leur montant passe de 120 millions de francs à 129.750.000 francs en crédits de paiement et de 130 millions à 148.100.000 f"
"2_cri_1966-1967-ordinaire1_021.txt";"1966";"120000000";"millions";"120.0 millions";"2";"large";"0";"oui";"es critiques sur lesquelles je reviendrai — M. Bas y a déjà parfaitement répondu — mais, tel qu'il est, il a rendu et rend toujours de signalés services. Quant au F. I. D. O. M., sa dotation passe de 120 millions à 140 millions de francs. Compte tenu de l'intervention croissante des minis- tères tec"
"2_cri_1964-1965-ordinaire1_021.txt";"1964";"119600000";"millions";"119.6 millions";"2";"large";"0";"oui";"tions publiques passent de 33,1 mil- lions à 35 millions, et les investissements publics passent, en autorisations de programme de 126,8 millions à 126,35 millions, et en crédits de paiement de 140 à 119,6 millions. Ainsi, comme on l 'a souligné à différentes reprises, les dépenses ordinaires sont e"
"8_cri_1987-1988-ordinaire1_025.txt";"1987";"117000000";"millions";"117.0 millions";"2";"large";"0";"oui";"ier, du bâtiment, du tou- risme et de l'agriculture. Les interventions du fonds d 'aide et de développement pour la Nouvelle-Calédonie restent impor- tantes et influent sur l'économie : rappelons que 117 millions de francs ont été votés en 1986, 149 millions en 1987, et que 125 millions d'autorisati"
"2_cri_1964-1965-ordinaire1_021.txt";"1964";"116350000";"francs";"116350000 F";"2";"large";"0";"oui";"0 mil- lions en 1963. La dotation s'est élevée en 1964 à 113 millions. Dans le projet de loi de finances qui vous est soumis, le montant de la dotation inscrite pour le F. I. D. O. M. en 1965 passe à 116.350.000 francs, auxquels il faut ajouter 2 mil- lions au titre des charges d'annuités de l'indem"
"2_cri_1964-1965-ordinaire1_021.txt";"1964";"113000000";"millions";"113.0 millions";"2";"large";"0";"oui";"quadriennale 1962-1965. Au cours des années 1962 et 1963, la dotation du F. I. D. O. M. s'est élevée à 195 millions — 95 millions en 1962 et 100 mil- lions en 1963. La dotation s'est élevée en 1964 à 113 millions. Dans le projet de loi de finances qui vous est soumis, le montant de la dotation inscr"
"2_cri_1964-1965-ordinaire1_021.txt";"1964";"110000000";"millions";"110.0 millions";"2";"large";"0";"oui";"enant à sa charge le financement de travaux d'infrastructure importants. Les ressources complémentaires ainsi apportées par le fonds au titre des travaux terminés ou en cours sont de l'ordre de 100 à 110 millions de francs. L'intervention du F. I. D. O. M. permet ainsi d'accélérer le « rattrapage du"
"2_cri_1966-1967-ordinaire1_021.txt";"1966";"107267863";"francs";"107267863 F";"2";"large";"0";"oui";"nt de leur rôle comme relais de notre rayonnement et de notre influence. Mesdames, messieurs, si le budget des départements d'outré- nier s'élève, en ce qui concerne les dépenses de fonctionnement, à 107.267.863 francs, ce qui représente une augmentation de 4.828,989 francs par rapport au budget de "
"6_cri_1978-1979-ordinaire1_056.txt";"1978";"102500000";"millions";"102.5 millions";"2";"large";"0";"oui";"directives données par le Président de la République, les crédits affectés aux opérations mises en oeuvre par l'Elat et ceux qui seront mis à la disposition des assemblées locales seront identiques : 102,5 millions de francs dans chaque cas. Ainsi la dotation globale que les conseils généraux répart"
"2_cri_1964-1965-ordinaire1_021.txt";"1964";"100000000";"millions";"100.0 millions";"2";"large";"0";"oui";"remière atteinte par le cyclone Edith du 25 septembre 1963 . Neuf mille hectares de bananiers furent dévastés ainsi que toute l'infrastructure des installations, cau- sant une perte estimée à plus de 100 millions de francs. A la suite de ce premier cyclone, des mesures d'aide aux planteurs sinistrés"
"8_cri_1986-1987-ordinaire1_065.txt";"1986";"96000000";"millions";"96.0 millions";"2";"large";"0";"oui";"ministère des départements et des territoires d'outre-mer devrait donc financer la tranche 1987 du projet de loi de pro- gramme à raison de 184 millions de francs en autorisations de programme et de 96 millions de francs en crédits de paie- ment. Ainsi, il financerait sensiblement 38 p . 100 des aut"
"2_cri_1964-1965-ordinaire1_021.txt";"1964";"95000000";"millions";"95.0 millions";"2";"large";"0";"oui";"à allouer au fonds d 'investissement des départements d'outre-mer pour la période quadriennale 1962-1965. Au cours des années 1962 et 1963, la dotation du F. I. D. O. M. s'est élevée à 195 millions — 95 millions en 1962 et 100 mil- lions en 1963. La dotation s'est élevée en 1964 à 113 millions. Dans"
"2_cri_1964-1965-ordinaire1_021.txt";"1964";"95000000";"millions";"95.0 millions";"2";"large";"0";"oui";"ismes interviennent, tels que la caisse des dépôts et consignations et surtout dans le secteur agricole, la caisse nationale de crédit agricole qui a accordé en 1964 de nombreux prêts d'un montant de 95 millions et qui va consentir au cours des prochains mois un effort exceptionnel pour la remise en"
"2_cri_1964-1965-ordinaire1_021.txt";"1964";"89000000";"millions";"89.0 millions";"2";"large";"0";"oui";"ents secteurs de l'économie en 1964 atteindront vraisemblablement, à la fin de l'année, un montant de l'ordre de 150 millions, dont 18 millions pour les programmes de production d'énergie électrique, 89 millions pour les sociétés immobilières, 12 millions pour les crédits aux petits producteurs acco"
"2_cri_1964-1965-ordinaire1_021.txt";"1964";"80000000";"millions";"80.0 millions";"2";"large";"0";"oui";"50 p. 100 en moins de deux années. Pour illustrer l'importance des mesures ainsi mises en place, j'indiquerai que les dépenses d'aide sociale de l'Etat sont passées de 65 millions de francs en 1962 à 80 millions de francs environ en 1963, soit une augmentation de 20 p. 100. Cette somme, n'est-il pas"
"2_cri_1964-1965-ordinaire1_021.txt";"1964";"65400000";"millions";"65.4 millions";"2";"large";"0";"oui";"el qu'il vous est proposé traduit l'évolution suivante par rapport au budget de 1964. Je vais à mon tour, et je m'en excuse, citer des chiffres que vous connaissez. Les moyens des services passent de 65,4 millions à 74,1 mil- lions de francs les interventions publiques passent de 33,1 mil- lions à 3"
"2_cri_1964-1965-ordinaire1_021.txt";"1964";"65000000";"millions";"65.0 millions";"2";"large";"0";"oui";"it une augmentation de plus de 550 p. 100 en moins de deux années. Pour illustrer l'importance des mesures ainsi mises en place, j'indiquerai que les dépenses d'aide sociale de l'Etat sont passées de 65 millions de francs en 1962 à 80 millions de francs environ en 1963, soit une augmentation de 20 p"
"6_cri_1979-1980-ordinaire1_045.txt";"1979";"61000000";"millions";"61.0 millions";"2";"large";"0";"oui";"de francs, dont 7,5 millions de francs ont déjà été délégués par le ministère des transports le reliquat, soit 33,5 millions, sera versé au début de 1980 Routes départementales et communales : sur 61 millions de francs, le ministère de l'intérieur a déjà délégué 4 millions là aussi, le versement du "
"6_cri_1978-1979-ordinaire1_106.txt";"1978";"60000000";"millions";"60.0 millions";"2";"large";"0";"oui";"nces d'abonnement et des taxes des communications télépho- niques auprès de 100 000 bénéficiaires de la mesure d 'exonération des frais d 'accès au réseau, peut ètre estimée en année pleine à environ 60 millions de francs . La mesure complémentaire visant à exonérer de la redevance d 'abonnement les"
"2_cri_1964-1965-ordinaire1_021.txt";"1964";"58000000";"millions";"58.0 millions";"2";"large";"0";"oui";"degré, du second degré et du technique, entièrement financées par les crédits du budget de l'éducation nationale, qui a consacré à l'exécution des projets réalisés en 1964 des crédits d'un montant de 58 millions de francs. De même la remise en état et la modernisation du réseau des télécommunication"
"2_cri_1964-1965-ordinaire1_021.txt";"1964";"45200000";"francs";"45200000 F";"2";"large";"0";"oui";"ose une répartition indicative des crédits englobant dans une seule et même rubrique et pour ainsi dire pêle-mêle l'agriculture, l'artisanat, le tourisme et l'industrie, le tout pour une prévision de 45.200.000 francs. Ne ,serait-il pas plus correct de distinguer les formes d'aide apportées à ces di"
"5_cri_1977-1978-ordinaire1_035.txt";"1977";"43800000";"millions";"43.8 millions";"2";"large";"4";"oui";"t la lutte contre les parasitoses qui, avec les opérations d'hydraulique agricole, constituaient l'essentiel du programme d'actions prioritaire n"" 7. Le ministre de la santé avait prévu d'y consacrer 43,8 millions de francs valeur 1975. Or, à l'issue de la deuxième année d'exécution du Plan, aucune "
"6_cri_1979-1980-ordinaire1_045.txt";"1979";"41000000";"millions";"41.0 millions";"2";"large";"0";"oui";"francs ont été délégués Allocations aux travailleurs privés d'emploi : 700 francs par mois pendant trois mois les crédits sont délégués et le décret d'application est publié Routes nationales : 41 millions de francs, dont 7,5 millions de francs ont déjà été délégués par le ministère des transports l"
"6_cri_1978-1979-ordinaire1_056.txt";"1978";"40000000";"millions";"40.0 millions";"2";"large";"0";"oui";"cond lieu, les crédits de l'aide au sucre — qui sont liés aux mécanismes de garantie des prix et à l'aide sociale aux petits planteurs — continueront de relever du FIDOM, dont ils absorberont près de 40 millions de francs en 1979. Certes, ces crédits seront désormais individualisés dans une ligne sp"
"2_cri_1964-1965-ordinaire1_021.txt";"1964";"35000000";"millions";"35.0 millions";"2";"large";"0";"oui";"our, et je m'en excuse, citer des chiffres que vous connaissez. Les moyens des services passent de 65,4 millions à 74,1 mil- lions de francs les interventions publiques passent de 33,1 mil- lions à 35 millions, et les investissements publics passent, en autorisations de programme de 126,8 millions à"
"6_cri_1979-1980-ordinaire1_045.txt";"1979";"35000000";"millions";"35.0 millions";"2";"large";"0";"oui";"e Infrastructures portuaires : 8 millions de francs et 1,9 million pour l'E. P. R. de la Guadeloupe ont déjà été délégués par dEtat, lequel prend en charge 80 p. 100 des dépenses, ce qui représente 35 millions de francs Eau potable : 50 p. 100 des crédits seront délégués en novembre Irrigation : c'e"
"6_cri_1979-1980-ordinaire1_045.txt";"1979";"33500000";"millions";"33.5 millions";"2";"large";"0";"oui";"sont délégués et le décret d'application est publié Routes nationales : 41 millions de francs, dont 7,5 millions de francs ont déjà été délégués par le ministère des transports le reliquat, soit 33,5 millions, sera versé au début de 1980 Routes départementales et communales : sur 61 millions de fran"
"2_cri_1964-1965-ordinaire1_021.txt";"1964";"31000000";"millions";"31.0 millions";"2";"large";"0";"oui";"t à sa charge les dépenses relatives aux bases aériennes et aux phares et balises, et notamment l'allongement de la piste de Fort-de-France. Le ministère de l'agriculture a prévu en 1964 un crédit de 31 millions de francs au titre des investissements. On peut esti- mer qu'en 1965 des ressources de m"
"6_cri_1979-1980-ordinaire1_045.txt";"1979";"31000000";"millions";"31.0 millions";"2";"large";"0";"oui";"Les voici : Crédits de première urgence : 15 millions de francs ont été délégués Crédits de fonds de secours : un premier acompte de 50 mil- lions a été versé Ligne unique pour la construction : 31 millions de francs ont été délégués pour les logements sociaux Agriculture : pour la production banani"
"2_cri_1964-1965-ordinaire1_021.txt";"1964";"30000000";"millions";"30.0 millions";"2";"large";"0";"oui";"teurs réunionnais est restée lettre morte au cours de ce IV° plan . Seuls des crédits d'aide, d 'inci- tation très faible, je dirai dérisoires, y ont été affectés depuis 1962. Ils oscillent autour de 30 millions d'anciens francs par an et n'atteindraient même pas ce montant en 1965 selon toute vrais"
"2_cri_1964-1965-ordinaire1_021.txt";"1964";"30000000";"millions";"30.0 millions";"2";"large";"0";"oui";"sociales des familles enfin, dévelop- pement de la formation professionnelle. Entre le 1"" juillet 1933 et le 1"" janvier 1965, le crédit consacré aux cantines scolaires représente approximativement 30 millions de francs, se répartissant comme suit : Guadeloupe, huit millions de francs Martinique, 7.6"
"2_cri_1964-1965-ordinaire1_021.txt";"1964";"30000000";"millions";"30.0 millions";"2";"large";"0";"oui";"mparable à celui de la Martinique et, durant une dizaine de mois, la Guadeloupe sera privée d'une ressource essentielle. D'ores et déjà le Gouvernement a décidé d'allouer des prêts pour un montant de 30 millions de francs. Le Crédit agricole assurera la distribution de ces prêts à 3 p . 100, rembour"
"6_cri_1978-1979-ordinaire1_056.txt";"1978";"30000000";"millions";"30.0 millions";"2";"large";"0";"oui";"autorisations de programme du Fonds, alors que la section locale, en 1978 . n'aura disposé que de 22,5 p . 100 des ressources d'engagement. Parallèlement, les disponibilités du Fonds sont accrues de 30 millions de francs et s'établiront . toutes sections confondues, à près de 245 millions de francs "
"8_cri_1986-1987-ordinaire1_065.txt";"1986";"30000000";"millions";"30.0 millions";"2";"large";"0";"oui";"ont été pérennisées pour dix ans et étendues à la quasi-totalité de l'activité économique, la procédure de l 'agrément ayant, dans le méme temps, été supprimée pour les investissements infé- rieùrs à 30 millions. De mème, sans attendre, vous avez fait en sorte de désen- claver les départements d'out"
"2_cri_1964-1965-ordinaire1_021.txt";"1964";"21000000";"millions";"21.0 millions";"2";"large";"0";"oui";"électrique, 89 millions pour les sociétés immobilières, 12 millions pour les crédits aux petits producteurs accordés par la SATEC, 10 millions au titre des prêts spéciaux, aux entreprises privées et 21 millions aux collectivités publiques. En 1965, des crédits d'un montant au moins équivalent seront"
"2_cri_1964-1965-ordinaire1_021.txt";"1964";"20000000";"millions";"20.0 millions";"2";"large";"0";"oui";"l .l•:I•: N \'lluN.\l .1•: — sl•::\SCi : IUI 22 t1CTuIIIIE IP11ï nière. Ainsi, bien que les dépenses ordinaires soient en légère augmentation, les dépenses en capital sont en diminution d'envi- ron 20 millions de francs. Je ne doute pas que dans un instant M . le ministre d'Etat nous fournira des ex"
"2_cri_1964-1965-ordinaire1_021.txt";"1964";"18000000";"millions";"18.0 millions";"2";"large";"0";"oui";"ris par la caisse centrale de coopération économique dans les différents secteurs de l'économie en 1964 atteindront vraisemblablement, à la fin de l'année, un montant de l'ordre de 150 millions, dont 18 millions pour les programmes de production d'énergie électrique, 89 millions pour les sociétés im"
"8_cri_1986-1987-ordinaire1_065.txt";"1986";"16000000";"millions";"16.0 millions";"2";"large";"0";"oui";"qu'accordait jusqu'en 1981 le BUMIDOM, le bureau pour le développement des migrations intéressant les départe- ments d'outre-mer. II est, a cet égard, particulièrement heu- reux que vous ayez inscrit 16 millions au budget de l'A .N.T., l 'Agence nationale pour l'insertion et la promotion des tra- va"
"8_cri_1986-1987-ordinaire1_065.txt";"1986";"16000000";"millions";"16.0 millions";"2";"large";"0";"oui";"nsports. L'apport du ministère des départements et des territoires d 'outre-mer à la réalisation de la première tranche du projet de loi de programme se décompose de la manière suivante . D'un côté . 16 millions de francs en dépenses ordinaires, au titre des mesures sociales : Il s'agit du supplémen"
"6_cri_1978-1979-ordinaire1_056.txt";"1978";"15000000";"millions";"15.0 millions";"2";"large";"0";"oui";"uelle s'ajoutera une subvention de même montant de la caisse d'allocations familiales du département concerné. Pour répondre à l'afflux des demandes, j'ai décidé de porter en 1979 les crédits de 10 à 15 millions de francs. J'espère ainsi répondre à la préoccupation qui a été exprimée par tous les me"
"6_cri_1979-1980-ordinaire1_045.txt";"1979";"15000000";"millions";"15.0 millions";"2";"large";"0";"oui";"u des propos qui ne reposaient sur aucune information réelle. Je m'étais engagé à donner, dès mon retour, des précisions concernant l'action du Gouvernement. Les voici : Crédits de première urgence : 15 millions de francs ont été délégués Crédits de fonds de secours : un premier acompte de 50 mil- l"
"2_cri_1964-1965-ordinaire1_021.txt";"1964";"14500000";"millions";"14.5 millions";"2";"large";"0";"oui";"ur le budget de l'intérieur. L'accroissement des interventions de la puissance publique portera essentiellement cette année sur les migrations, puisque les crédits prévus à cette fin passeront de 9 à 14,5 millions de francs. Cette augmentation doit permettre de porter, à partir de 1965, le rythme an"
"2_cri_1964-1965-ordinaire1_021.txt";"1964";"14000000";"millions";"14.0 millions";"2";"large";"0";"oui";"açonner en faveur des négriers modernes. Dans le même esprit, les crédits prévus pour la migration hors de leur pays de nombreux jeunes gens et jeunes filles passent de 9 millions de francs à plus de 14 millions de francs. Ainsi près de 80 p. 100 du budget dit a d'action sociale n se trouvent mainte"
"2_cri_1964-1965-ordinaire1_021.txt";"1964";"14000000";"millions";"14.0 millions";"2";"large";"0";"oui";"e crédit consacré aux cantines scolaires représente approximativement 30 millions de francs, se répartissant comme suit : Guadeloupe, huit millions de francs Martinique, 7.650.000 francs Réunion, 14 millions de francs, et Guyane, 350 .000 francs. Entre 1963 et 1964, le nombre des rationnaires est pa"
"2_cri_1964-1965-ordinaire1_021.txt";"1964";"13500000";"francs";"13500000 F";"2";"large";"0";"oui";"de la Guadeloupe . A cet égard, je me permets, monsieur le ministre, au nom de la commission, de vous rappeler que, sur la subvention de 25 mil- lions de francs accordée à ce département, un soïde de 13.500.000 francs lui reste dû. M. le ministre d'Etat chargé des départements et territoires d'outre"
"2_cri_1964-1965-ordinaire1_021.txt";"1964";"12000000";"millions";"12.0 millions";"2";"large";"0";"oui";"ont vraisemblablement, à la fin de l'année, un montant de l'ordre de 150 millions, dont 18 millions pour les programmes de production d'énergie électrique, 89 millions pour les sociétés immobilières, 12 millions pour les crédits aux petits producteurs accordés par la SATEC, 10 millions au titre des "
"2_cri_1964-1965-ordinaire1_021.txt";"1964";"10000000";"millions";"10.0 millions";"2";"large";"0";"oui";"inistration de prévoir deux réunions annuelles au comité directeur du F. I. D. O. M. au lieu d'une seule séance de deux heures où l 'on engage, au vu de documents tardivement distribués, pour plus de 10 millions de crédits, car nous pourrions alors réparer ensemble les erreurs et les omissions et év"
"2_cri_1964-1965-ordinaire1_021.txt";"1964";"10000000";"millions";"10.0 millions";"2";"large";"0";"oui";"llions, dont 18 millions pour les programmes de production d'énergie électrique, 89 millions pour les sociétés immobilières, 12 millions pour les crédits aux petits producteurs accordés par la SATEC, 10 millions au titre des prêts spéciaux, aux entreprises privées et 21 millions aux collectivités pu"
"5_cri_1977-1978-ordinaire1_035.txt";"1977";"10000000";"millions";"10.0 millions";"2";"large";"4";"oui";"e. Une participation du fonds national des calamités publiques a été sollicitée en vue de permettre l'indemnisation partielle des agriculteurs sinistrés. Les dommages totaux ont été estimés à plus de 10 millions de francs pour le géranium et à plus de 1 million de francs pour la pomme de terre. Des "
"2_cri_1964-1965-ordinaire1_021.txt";"1964";"9800000";"francs";"9800000 F";"2";"large";"0";"oui";"eux, pour permettre au Parlement d'apprécier l'ordre de priorité adopté ? La même observation s'ap plique à la rubrique a construction et rénovation urbaine », confondues en un seul et même crédit de 9.800.000 francs. Par ailleurs rien n'est prévu, cette année encore, mon col- lègue M. Cerneau l'a d"
"2_cri_1964-1965-ordinaire1_021.txt";"1964";"9000000";"millions";"9.0 millions";"2";"large";"0";"oui";"ur encadrer la jeunesse et la façonner en faveur des négriers modernes. Dans le même esprit, les crédits prévus pour la migration hors de leur pays de nombreux jeunes gens et jeunes filles passent de 9 millions de francs à plus de 14 millions de francs. Ainsi près de 80 p. 100 du budget dit a d'acti"
"5_cri_1977-1978-ordinaire1_035.txt";"1977";"9000000";"millions";"9.0 millions";"2";"large";"4";"oui";"dirigées vers la métropole. Ainsi, la Martinique a vu partir 54500 personnes en dix ans, soit 17 p. 100 de la popula- tion du pays, ce qui, ramené à la population totale de la France, représenterait 9 millions et demi d'expatriés. M. Jean Fontaine. II ne s'agit pas d'expatrier ! M. Claude Weber. Ima"
"6_cri_1979-1980-ordinaire1_045.txt";"1979";"9000000";"millions";"9.0 millions";"2";"large";"0";"oui";"gne unique pour la construction : 31 millions de francs ont été délégués pour les logements sociaux Agriculture : pour la production bananière, en Martinique, 71 prêts ont été accordés représentant 9 millions de francs, mais d'autres sont attribués jour après jour et, en Guadeloupe, 297 dossiers ont"
"6_cri_1979-1980-ordinaire1_045.txt";"1979";"8000000";"millions";"8.0 millions";"2";"large";"0";"oui";"e versement du reliquat interviendra au début de l'année 1980 Voirie rurale et forestière : 1 million de francs ont déjà été délégués par le ministère de l'agriculture Infrastructures portuaires : 8 millions de francs et 1,9 million pour l'E. P. R. de la Guadeloupe ont déjà été délégués par dEtat, l"
"2_cri_1964-1965-ordinaire1_021.txt";"1964";"7650000";"francs";"7650000 F";"2";"large";"0";"oui";"933 et le 1"" janvier 1965, le crédit consacré aux cantines scolaires représente approximativement 30 millions de francs, se répartissant comme suit : Guadeloupe, huit millions de francs Martinique, 7.650.000 francs Réunion, 14 millions de francs, et Guyane, 350 .000 francs. Entre 1963 et 1964, le no"
"6_cri_1979-1980-ordinaire1_045.txt";"1979";"7500000";"millions";"7.5 millions";"2";"large";"0";"oui";"locations aux travailleurs privés d'emploi : 700 francs par mois pendant trois mois les crédits sont délégués et le décret d'application est publié Routes nationales : 41 millions de francs, dont 7,5 millions de francs ont déjà été délégués par le ministère des transports le reliquat, soit 33,5 mill"
"6_cri_1979-1980-ordinaire1_045.txt";"1979";"6600000";"millions";"6.6 millions";"2";"large";"0";"oui";"millions de francs, mais d'autres sont attribués jour après jour et, en Guadeloupe, 297 dossiers ont été déposés, le chiffre moyen de l'aide à l'hectare étant de 8 000 francs Plages artificielles : 6,6 millions de francs ont été délégués Allocations aux travailleurs privés d'emploi : 700 francs par "
"6_cri_1979-1980-ordinaire1_045.txt";"1979";"6500000";"millions";"6.5 millions";"2";"large";"0";"oui";"résente 35 millions de francs Eau potable : 50 p. 100 des crédits seront délégués en novembre Irrigation : c'est le ministère de l'agriculture qui est concerné, avec le F.E.O. G. A: orientation 6,5 millions de francs seront délégués avant la mi-décembre . Il était, à mon avis, difficile d'aller plus"
"2_cri_1964-1965-ordinaire1_021.txt";"1964";"5500000";"francs";"5500000 F";"2";"large";"0";"oui";"es postes et télécommunications sont consacrés aux départements d'outre-mer et ne paraissent pas, de ce fait, au budget spécial des départements d'outre-mer . Il en est ainsi également d'une somme de 5.500.000 francs consacrée au développement de la politique de migration. Votre commission a examiné"
"2_cri_1964-1965-ordinaire1_021.txt";"1964";"4000000";"millions";"4.0 millions";"2";"large";"0";"oui";"r la réalisation des impo rtations de bananes, en provenance soit de la zone franc, soit de pays tiers. Ces opérations furent effectuées de façon satisfaisante et dégagèrent des ressources de plus de 4 millions de francs, qui contribuèrent singulièrement à aider la profession sinistrée. Actuellement"
"6_cri_1978-1979-ordinaire1_056.txt";"1978";"2400000";"millions";"2.4 millions";"2";"large";"0";"oui";"Le bureau pour le développement des migrations intéres- sant les départements d'outre-mer renforcera donc ses struc- tures d'aide sociale et de formation professionnelle . Un crédit supplémentaire de 2,4 millions de francs lui permettra de déve- lopper ses actions. Mais l'amélioration des mécanismes"
"2_cri_1964-1965-ordinaire1_021.txt";"1964";"2000000";"millions";"2.0 millions";"2";"large";"0";"oui";"e distribution d'énergie élec- trique. Ce dernier chiffre figurait au F. I. D. O. M. Il n'y figure plus désormais, mais il en fait toujours partie. Autrement dit, on a retranché du F. I. D. O. M. ces 2 millions qui ont été inscrits par ailleurs sur une ligne budgétaire. Ce chiffre représente par con"
"6_cri_1979-1980-ordinaire1_045.txt";"1979";"1900000";"million";"1.9 million";"2";"large";"0";"oui";"interviendra au début de l'année 1980 Voirie rurale et forestière : 1 million de francs ont déjà été délégués par le ministère de l'agriculture Infrastructures portuaires : 8 millions de francs et 1,9 million pour l'E. P. R. de la Guadeloupe ont déjà été délégués par dEtat, lequel prend en charge 80"
"6_cri_1978-1979-ordinaire1_056.txt";"1978";"1400000";"million";"1.4 million";"2";"large";"0";"oui";"ilitaire adapté, clans sa vocation de formation professionnelle et de réalisation de travaux pour les collectivités locales, verra ses moyens renforcés et perfec- tionnés. Un crédit supplémentaire de 1,4 million de francs doit permettre une orientation nouvelle de la formation vers les secteurs agri"
"5_cri_1977-1978-ordinaire1_035.txt";"1977";"1000000";"million";"1.0 million";"2";"large";"4";"oui";"publiques a été sollicitée en vue de permettre l'indemnisation partielle des agriculteurs sinistrés. Les dommages totaux ont été estimés à plus de 10 millions de francs pour le géranium et à plus de 1 million de francs pour la pomme de terre. Des dossiers d'indemnisation ont été présentés . A ce jou"
"6_cri_1979-1980-ordinaire1_045.txt";"1979";"1000000";"million";"1.0 million";"2";"large";"0";"oui";"communales : sur 61 millions de francs, le ministère de l'intérieur a déjà délégué 4 millions là aussi, le versement du reliquat interviendra au début de l'année 1980 Voirie rurale et forestière : 1 million de francs ont déjà été délégués par le ministère de l'agriculture Infrastructures portuaires "
"5_cri_1977-1978-ordinaire1_048.txt";"1977";"30000";"francs";"30000 F";"2";"large";"0";"non";"ndes réitérées des maires. Ainsi, cette année, les communes d'Abymes, de Petit-Canal, et de Port-Lou's, à la Guadeloupe, pour ne citer que ces trois-là, n'ont rien reçu . En revanche, le préfet a mis 30000 francs à la disposition du maire de Saint-François, commune de 6 000 habitants, et 5 000 franc"
"8_cri_1987-1988-ordinaire1_025.txt";"1987";"10000";"francs";"10000 F";"2";"large";"0";"non";"ont considérables. C'est à juste titre que vous vous êtes donné les moyens de les combler grâce à une dotation spéciale au sein de la loi de programme qui engage dEtat pour 750 millions, soit environ 10 000 francs par habi- tant, d'ici à 1992 . Il était de première importance de tenir les engagement"
"6_cri_1979-1980-ordinaire1_045.txt";"1979";"8000";"francs";"8000 F";"2";"large";"0";"non";"prêts ont été accordés représentant 9 millions de francs, mais d'autres sont attribués jour après jour et, en Guadeloupe, 297 dossiers ont été déposés, le chiffre moyen de l'aide à l'hectare étant de 8 000 francs Plages artificielles : 6,6 millions de francs ont été délégués Allocations aux travaill"
"2_cri_1964-1965-ordinaire1_021.txt";"1964";"500";"francs";"500 F";"2";"large";"0";"non";"e même la remise en état et la modernisation du réseau des télécommunications sont entièrement supportées par le budget des P. T. T. qui a consacré aux D . O. M. en 1964 des crédits de l'ordre de 16 .500.000 francs. De même, le ministère des travaux publics a pris entièrement à sa charge les dépense"
"2_cri_1964-1965-ordinaire1_021.txt";"1964";"350";"francs";"350 F";"2";"large";"0";"non";"or Sablé . Je vous remercie de cette assurance, mon- sieur le ministre et je m'en réjouis. Le F. I. D. O. M. a déjà fait ici et ailleurs l'objet de bien des critiques. Je note que sur un total de 86 .350.000 francs affectés à la section centrale, le budget propose une répartition indicative des créd"
"2_cri_1964-1965-ordinaire1_021.txt";"1964";"120000000";"millions";"120.0 millions";"0";"large";"0";"oui";"général. Je me bornerai donc à préciser qu'en raison même des dispo- sitions prises en 1960, 1961 et 1962, le volume des prestations d'assurances sociales est passé de 90 millions de francs en 1962 à 120 millions en 1963 . Celui des prestations accidents du travail, de 7,5 à 10 millions. Quant aux r"
"8_cri_1987-1988-ordinaire1_025.txt";"1987";"100000000";"millions";"100.0 millions";"0";"large";"0";"oui";"ication à Wallis et Futuna et l'amélioration de ia desserte aérienne, Les Terres antarctiques et australes françaises recevront bientôt la piste d'atterrissage de la Terre-Adélie, d'un coût global de 100 millions de francs. Vous avez su, monsieur le ministre, en prendre la décision dès octobre 1986 "
"2_cri_1964-1965-ordinaire1_021.txt";"1964";"90000000";"millions";"90.0 millions";"0";"large";"0";"oui";"nt aux ressortissants du régime général. Je me bornerai donc à préciser qu'en raison même des dispo- sitions prises en 1960, 1961 et 1962, le volume des prestations d'assurances sociales est passé de 90 millions de francs en 1962 à 120 millions en 1963 . Celui des prestations accidents du travail, d"
"8_cri_1987-1988-ordinaire1_025.txt";"1987";"46000000";"millions";"46.0 millions";"0";"large";"0";"oui";"allis et Futuna, le plan d'urgence décidé par le Pre- mier ministre au mois de septembre 1986 s'est exécuté nor- malement et les conséquences du cyclone « Raja » sont en voie d'être effacées. Près de 46 millions de francs ont été dégagés pour les sinistrés de Futuna. Parmi 'es équipements importants"
"6_cri_1978-1979-ordinaire1_056.txt";"1978";"39500000";"millions";"39.5 millions";"0";"large";"0";"oui";"voit l'irrigation de 9 000 hectares à la Guadeloupe, à la Martinique et à la Réunion et qui organise le développement de l'agriculture de la Guyane, sera sensiblement accéléré, puisqu'il sera doté de 39,5 millions de francs au lieu de 21,7 millions en 1973, soit tue augmentation de 81 p. 100. En out"
"6_cri_1978-1979-ordinaire1_056.txt";"1978";"21700000";"millions";"21.7 millions";"0";"large";"0";"oui";"à la Guadeloupe, à la Martinique et à la Réunion et qui organise le développement de l'agriculture de la Guyane, sera sensiblement accéléré, puisqu'il sera doté de 39,5 millions de francs au lieu de 21,7 millions en 1973, soit tue augmentation de 81 p. 100. En outre, l'action de réno- vation rurale "
"5_cri_1977-1978-ordinaire1_048.txt";"1977";"12000000";"millions";"12.0 millions";"0";"large";"0";"oui";"oulevée. Chaque année, des fonds destinés 7366 ASSEMBLEE NATIONALE — SEANCE DU 14 NOVEMBRE 1977 à ouvrir des chantiers de chômage sont mis à la disposition des préfets des départements d'outre-mer : 12 millions de francs, il y a deux ans à la Réunion, 7 millions de francs à la Guadeloupe et autant à"
"2_cri_1964-1965-ordinaire1_021.txt";"1964";"10000000";"millions";"10.0 millions";"0";"large";"0";"oui";"prises en 1960, 1961 et 1962, le volume des prestations d'assurances sociales est passé de 90 millions de francs en 1962 à 120 millions en 1963 . Celui des prestations accidents du travail, de 7,5 à 10 millions. Quant aux rentes et pensions vieillesse, leur revalorisation, en 1964, a été de 14 p . 1"
"5_cri_1977-1978-ordinaire1_048.txt";"1977";"7000000";"millions";"7.0 millions";"0";"large";"0";"oui";"BLEE NATIONALE — SEANCE DU 14 NOVEMBRE 1977 à ouvrir des chantiers de chômage sont mis à la disposition des préfets des départements d'outre-mer : 12 millions de francs, il y a deux ans à la Réunion, 7 millions de francs à la Guadeloupe et autant à la Martinique. En principe, ces fonds doivent perme"
"6_cri_1978-1979-ordinaire1_106.txt";"1978";"6000000";"millions";"6.0 millions";"0";"large";"0";"oui";"nsférées aux anciens proprié- taires. Réponse . — Les autorités malgaches se sont engagées, dans le cadre des accords passés avec le Gouvernement français le 23 dé- cembre 1977 à verser .une somme de 6 millions de francs pour la reprise du domaine dit de la Sakay, le premier versement devant être ef"
"6_cri_1979-1980-ordinaire1_045.txt";"1979";"4000000";"millions";"4.0 millions";"0";"large";"0";"oui";"e ministère des transports le reliquat, soit 33,5 millions, sera versé au début de 1980 Routes départementales et communales : sur 61 millions de francs, le ministère de l'intérieur a déjà délégué 4 millions là aussi, le versement du reliquat interviendra au début de l'année 1980 Voirie rurale et fo"
"6_cri_1978-1979-ordinaire1_106.txt";"1978";"1500000";"million";"1.5 million";"0";"large";"0";"oui";"prise du domaine dit de la Sakay, le premier versement devant être effectué avant le 31 décembre 1977, il l'a été effectivement ,.0 début de l'année 1978, et le reliquat en quatre versements egaux de 1,5 million de francs au 31 décembre des années 1978 à 1981. Bien que cette compensation ne concerne"
"6_cri_1979-1980-ordinaire1_045.txt";"1979";"1200000";"million";"1.2 million";"0";"large";"0";"oui";"s du rassem- blement pour la République .) M. Jean Fontaine . Nous n'avons jamais entendu protéger ceux-là ! M. Paul Dijoud, secrétaire d'Etat . Il en est qui gagnent 2 mil- lions de francs, d'autres 1,2 million de francs, ou 900 000 francs. Je vois un contribuable plus modeste qui ne gagne que 520 "
"6_cri_1979-1980-ordinaire1_045.txt";"1979";"900000";"francs";"900000 F";"0";"large";"0";"non";"la République .) M. Jean Fontaine . Nous n'avons jamais entendu protéger ceux-là ! M. Paul Dijoud, secrétaire d'Etat . Il en est qui gagnent 2 mil- lions de francs, d'autres 1,2 million de francs, ou 900 000 francs. Je vois un contribuable plus modeste qui ne gagne que 520 000 francs ! Tels sont les"
"6_cri_1978-1979-ordinaire1_106.txt";"1978";"675912";"francs";"675912 F";"0";"large";"0";"non";"ropole et opérer leur remise à leurs propriétaires. Quant aux exploitants qui ont déposé des sommes auprès de la SPAS ou du BU1TIDOM, ils ont été intégralement remboursés . Ces fonds s 'éle- vaient à 675 912 francs polir la SPAS et à 320 132 francs pour le BUMIDOM . POSTES ET TELECOMMUNICATIONS Télé"
"6_cri_1979-1980-ordinaire1_045.txt";"1979";"520000";"francs";"520000 F";"0";"large";"0";"non";"er ceux-là ! M. Paul Dijoud, secrétaire d'Etat . Il en est qui gagnent 2 mil- lions de francs, d'autres 1,2 million de francs, ou 900 000 francs. Je vois un contribuable plus modeste qui ne gagne que 520 000 francs ! Tels sont les contribuables que nous visons, mesdames, mes- sieurs les députés : le"
"6_cri_1978-1979-ordinaire1_106.txt";"1978";"320132";"francs";"320132 F";"0";"large";"0";"non";"rs propriétaires. Quant aux exploitants qui ont déposé des sommes auprès de la SPAS ou du BU1TIDOM, ils ont été intégralement remboursés . Ces fonds s 'éle- vaient à 675 912 francs polir la SPAS et à 320 132 francs pour le BUMIDOM . POSTES ET TELECOMMUNICATIONS Téléphone (redevance). 8787. — 18 nove"
"5_cri_1977-1978-ordinaire1_048.txt";"1977";"5000";"francs";"5000 F";"0";"large";"0";"non";"de Port-Lou's, à la Guadeloupe, pour ne citer que ces trois-là, n'ont rien reçu . En revanche, le préfet a mis 30000 francs à la disposition du maire de Saint-François, commune de 6 000 habitants, et 5 000 francs à celle du maire de Saint-Anne, qui compte plus de 13 000 habitants. Ainsi, plus il y a"
