fichier;position;contexte
2_cri_1964-1965-ordinaire1_021.txt;8765;ressé le bilan d'efforts accomplis en douze mois, qui étaient loin d'être négligeables. Aujourd'hui, nous trouvons une conjoncture économique et sociale sensiblement améliorée grâce, en grande partie, à une série d'importantes mesures gouvernementales . Les perspectives seraient évidemment meilleures si, comme vous le savez, deux cyclones ne s'étaient acharnés en l'espace de quelques mois sur nos Antilles. Les dépenses ordinaires sont en augmentation d'un peu plus de 10 millions de francs dont 8
2_cri_1964-1965-ordinaire1_021.txt;9167;tilles. Les dépenses ordinaires sont en augmentation d'un peu plus de 10 millions de francs dont 8 millions de francs pour le titre III. Cette majoration est due, pour sa plus grande part, au transfert des centres de formation professionnelle de Fonte- nay-le-Comte et d'Alençon. Les autres mesures nouvelles les plus importantes concernent la sûr té nationale et la création d'une sous-préfecture à la Trinité, à la Martinique. Cette dernière opération a été gagée par la suppression d'un certain no
2_cri_1964-1965-ordinaire1_021.txt;9184;ses ordinaires sont en augmentation d'un peu plus de 10 millions de francs dont 8 millions de francs pour le titre III. Cette majoration est due, pour sa plus grande part, au transfert des centres de formation professionnelle de Fonte- nay-le-Comte et d'Alençon. Les autres mesures nouvelles les plus importantes concernent la sûr té nationale et la création d'une sous-préfecture à la Trinité, à la Martinique. Cette dernière opération a été gagée par la suppression d'un certain nombre de postes de
2_cri_1964-1965-ordinaire1_022.txt;6004;En Polynésie, le déficit de la balance commerciale s'est aggravé, compensé par un développement des ressources tou- ristiques et par les transferts financiers consécutifs à l'implan- tation du centre d'expérimentation spatiale . Les exportations continuent à reposer sur les phosphates et le coprah, secondai- rement la nacre. Le nombre des touristes est passé de 1 .472 en 1959 à 14.135 en 1963. A Saint-Pierre et Miquelon, la Société de pêche et de congé- lation connaît de sérieuses difficultés en
2_cri_1964-1965-ordinaire1_022.txt;7245;le manga- nèse, dont les exportations se sont élevées à 23 .157 tonnes. Les majorations des subventions d'équilibre sont consacrées, aux Comores, à l'équipement des services, aux Nouvelles- Hébrides à la scolarisation, aux Terres australes à la moderni- sation et à l'extension des installations nécessaires à nos mis- sion scientifiques. Une aide supplémentaire devra également être envisagée pour Saint-Pierre et Miquelon dont le budget, pour 1963, s'est clos avec un déficit non couvert, et, pour 
2_cri_1964-1965-ordinaire1_022.txt;22820;la dotation du F .I. D . E. S. a progressé par rapport à 1958, elle est encore, en francs constants, inférieure à ce qu'elle fut la meilleure année, en 1953. 3726 ASSESllil.Eli NATIONALE — SEANCE I)I' 22 OCTOBIIE 1961 Heureusement, pour pallier dans toute la mesure du possible ces divers inconvénients, des mesures de tous ordres ont été prises. Nous vous en remercions, monsieur le ministre. Pour Saint-Pierre et Miquelon, vous avez cherché également à diversifier l'économie. La première des mesur
2_cri_1966-1967-ordinaire1_021.txt;101672;l'infrastructure routière. Les travaux de la commission centrale du Plan ont abouti à l'établissement, pour chaque département, d'un pro- gramme des réalisations indispensables en matière de routes nationales. Ces programmes, qui comportent une hypothèse faible et une hypothèse forte, représentent en fait, compte tenu des besoins, le minimum de ce qui devrait être fait. Il semble méme que pour la Martinique les évaluations de la commission centrale aient été largement sous-estimées . Or le finan
2_cri_1966-1967-ordinaire1_021.txt;103014;t les solutions envisagées pour assurer le finan- cement des investissements routiers dans les départements d'outre-mer ? Je voudrais soulever un autre point qui m'a été suggéré par la lecture de l'avis de M. Renouard. Nos collègues de la commis- sion de la défense nationale se sont montrés peu favorables au service militaire adapté, qu'ils jugent trop coûteux, et ils ont demandé le transfert aux Antilles du centre de formation profes- sionnelle de Saint-Jean du Maroni. Nous pensons tout autreme
2_cri_1966-1967-ordinaire1_021.txt;103081;issements routiers dans les départements d'outre-mer ? Je voudrais soulever un autre point qui m'a été suggéré par la lecture de l'avis de M. Renouard. Nos collègues de la commis- sion de la défense nationale se sont montrés peu favorables au service militaire adapté, qu'ils jugent trop coûteux, et ils ont demandé le transfert aux Antilles du centre de formation profes- sionnelle de Saint-Jean du Maroni. Nous pensons tout autrement. Le service militaire adapté est une de ces idées simples dont o
2_qst_2-qst-1964-09-12.txt;240824;"93 de la loi de finances pour 1964 (n"" 63-1241 du 19 décembre 1963) a stipulé qu 'un décret au Conseil d 'Etat fixerait les conditions et limites dans lesquelles les dispositions de l'article 238 bis E du code général des impôts seront étendues aux revenus de toute nature qui sont assujettis à l 'impôt sur le revenu des personnes physiques ou à la taxe complémentaire dans les dépar- tements de la Guadeloupe, de la Guyane, de la Martinique et de la Réunion. En application de cette disposition lég"
2_qst_2-qst-1964-09-12.txt;240842;"nances pour 1964 (n"" 63-1241 du 19 décembre 1963) a stipulé qu 'un décret au Conseil d 'Etat fixerait les conditions et limites dans lesquelles les dispositions de l'article 238 bis E du code général des impôts seront étendues aux revenus de toute nature qui sont assujettis à l 'impôt sur le revenu des personnes physiques ou à la taxe complémentaire dans les dépar- tements de la Guadeloupe, de la Guyane, de la Martinique et de la Réunion. En application de cette disposition législative, a été pu"
2_qst_2-qst-1964-09-12.txt;240856;"64 (n"" 63-1241 du 19 décembre 1963) a stipulé qu 'un décret au Conseil d 'Etat fixerait les conditions et limites dans lesquelles les dispositions de l'article 238 bis E du code général des impôts seront étendues aux revenus de toute nature qui sont assujettis à l 'impôt sur le revenu des personnes physiques ou à la taxe complémentaire dans les dépar- tements de la Guadeloupe, de la Guyane, de la Martinique et de la Réunion. En application de cette disposition législative, a été publié le décret"
3_cri_1967-1968-ordinaire1_037.txt;3788;nnée et 'qui concernent essentielle . ment le personnel et le matériel. La première mesure nouvelle relativement importante — elle porte sur un crédit de 2.980.000 francs — intéresse les services militaires adaptés. Deux millions seront affectés au renforce- ment des effectifs à la Réunion. Le service militaire adapté de la Réunion, homologue de celui qui a été créé quelques années auparavant aux Antilles et en Guyane, accomplit surtout des tâches d'infrastructure, notamment en matière de logeme
3_cri_1967-1968-ordinaire1_037.txt;3803;ncernent essentielle . ment le personnel et le matériel. La première mesure nouvelle relativement importante — elle porte sur un crédit de 2.980.000 francs — intéresse les services militaires adaptés. Deux millions seront affectés au renforce- ment des effectifs à la Réunion. Le service militaire adapté de la Réunion, homologue de celui qui a été créé quelques années auparavant aux Antilles et en Guyane, accomplit surtout des tâches d'infrastructure, notamment en matière de logement. Cette formu
3_cri_1967-1968-ordinaire1_037.txt;3939;de 2.980.000 francs — intéresse les services militaires adaptés. Deux millions seront affectés au renforce- ment des effectifs à la Réunion. Le service militaire adapté de la Réunion, homologue de celui qui a été créé quelques années auparavant aux Antilles et en Guyane, accomplit surtout des tâches d'infrastructure, notamment en matière de logement. Cette formule a largement fait ses preuves aux Antilles. En par. ticulier, le concours apporté par les militaires pour la réparation des dégâts cau
3_tanalytique_1967-1968_tmatieres_AZ.txt;8842;r en priorité . LISTE ALPHABÉTIQUE DES DÉPUTÉS proclamés élus les 5 et 12 mars 1967. A MM. ABDOULKADER MOUSSA ALI, Afars et Issas. ABELIN, Vienne. ACHILLE-FOULD, Gironde. AILLIÈRES (d'), Sarthe. ALDUY, Pyrénées-Orientales. ALLAINMAT, Morbihan. ANDRIEUX, Pas-de-Calais. ANSQUER, Vendée. ANTHONIOZ, Ain. ARRAUT, Hérault. AYME (Léon), Vaucluse. Mme AYMÉ DE LA CHEVRELIÈRE, Deux-Sèvres . B Mme BACLET, Guadeloupe. BAILLOT, Paris. BAILLY, Territoire de Belfort. BALANÇA, Hauts-de-Seine (1). BALLANGER (Rob
3_tanalytique_1967-1968_tmatieres_AZ.txt;12114;constitutionnel . Elu le 24 septembre 1967. (3) Nommé membre du Gouvernement le 7 avril 1967. (4) Nommé membre du Gouvernement le 7 avril 1967• (5) Entré en fonctions le 9 mai 1967 en remplacement de M. Boulin, nommé membre du Gouvernement. (6) Démissionnaire le 21 mai 1968 . MM. CATTIN-BAZIN, Isère. CAZELLES, Var (1). CAZENAVE, Gironde. CERMOLACCE, Bouches-du-Rhône. CERNEAU, La Réunion. CÉSAIRE, Martinique. CHABAN-DELMAS, Gironde. CHALANDON, Hauts-de-Seine. CHAMANT, Yonne (2). CHAMBAZ, Paris. C
3_tanalytique_1967-1968_tmatieres_AZ.txt;17509;vernement le 7 avril 1967. (6) Entré en fonctions le 9 mai 1967, en remplacement de M . Guéna, nommé membre du Gouvernement. (7) Nommé membre du Gouvernement le 7 avril 1967. (8) Décédé le 28 janvier 1968. (9) Entré en fonctions le 9 mai 1967, en remplacement de M . Bourges, nommé membre du Gouvernement . KASPEREIT, Paris. KRIEG, Paris. L LABARRÈRE, Basses-Pyrénées. LABBÉ, Hauts-de-Seine. LACAVÉ, Guadeloupe. LA COMBE, Maine-et-Loire. (1) Entré en fonctions le 9 mai 1967, en remplacement de M. Nu
4_cri_1968-1969-ordinaire1_050.txt;7814;s surtout d'améliorer qualitativement les conditions d'accueil des migrants dans la métropole. On ne peut qu'approu- ver cette nouvelle orientation, mais il est permis de se demander si la parcimonie des crédits inscrits permettra d'atteindre les objectifs que l'on s'est fixés. La seconde action nouvelle intéresse la promotion sociale de la jeunesse. Il s'agit de favoriser la formation des jeunes Antillais de seize à dix-sept ans sur la base de ce qui a été fait à la Réunion, par une action de r
4_cri_1968-1969-ordinaire1_050.txt;10213;nnées. Avec l'inscription d'un crédit de 158.400.000 francs, un nouveau retard est donc pris et, à moins d'un rattrapage en 1970 — hypothèse pour le moins incertaine — les objectifs du Plan ne pourront pas être atteints. Cette perspective est d'autant plus préoccupante que des charges nouvelles et non prévues sont venues grever le F. I. D. O. M. pour 1969. Il s'agit d'abord des investissements de Kourou, en Guyane, pour lesquels 10 millions de francs de plus ont été demandés, et de la réforme fo
4_cri_1968-1969-ordinaire1_050.txt;10224;l'inscription d'un crédit de 158.400.000 francs, un nouveau retard est donc pris et, à moins d'un rattrapage en 1970 — hypothèse pour le moins incertaine — les objectifs du Plan ne pourront pas être atteints. Cette perspective est d'autant plus préoccupante que des charges nouvelles et non prévues sont venues grever le F. I. D. O. M. pour 1969. Il s'agit d'abord des investissements de Kourou, en Guyane, pour lesquels 10 millions de francs de plus ont été demandés, et de la réforme foncière dont 
4_cri_1969-1970-ordinaire1_033.txt;149061;tre- mer les effets actuels du plan de redressement. Ainsi ne sera pas interrompu ni même ralenti notre effort en faveur de ces territoires qui, à travers l'Atlantique nord, l'océan Pacifique et l'océan Indien, témoignent de la présence française et manifestent, malgré l'éloignement, leur attachement à notre pays et leur fidélité à notre civilisation. Votre récente visite, monsieur le ministre, à Saint-Pierre-et-Miquelon, où la population vous a accueilli si chaleureusement, l'a prouvé une fois 
4_cri_1969-1970-ordinaire1_033.txt;149642;"ble des territoires d 'outre-mer, il faut noter d'abord qu'à l'exception de la Nouvelle-Calédonie, grand producteur de nickel, les balances commerciales sont fortement déficitaires du fait de la progression de la consommation intérieure et des inves- tissements réalisés par l'Etat ; ensuite, que la part de la métropole dans le commerce extérieur est de plus en plus prépondérante, à l'exception de Saint-Pierre-et-Miquelon, surtout orienté vers l'Amérique du Nord ; enfin, que la part des Etats- Un"
4_cri_1969-1970-ordinaire1_033.txt;152772;"rri- toires, non pas que leur prospérité soit désormais atteinte ni même assurée, mais parce qu'un élan a pu ètre donné et que des perspectives plus favorables, dans des domaines d'ailleurs divers, paraissent s'affirmer : la Nouvelle-Calédonie en raison du nickel ; la Polynésie, dont la vocation est non seulement le tourisme mais aussi et surtout l'exploitation des richesses immenses de l'Océan ; Saint-Pierre-et-Miquelon, dont le port dans cette zone de pêche est de nature à offrir des avantages"
4_cri_1969-1970-ordinaire1_050.txt;8420;édits de la section locale, qui sont utilisés par des conseils généraux, ont un effet immédiat sur les divers secteurs d'activité que les collectivités locales con- naissent mieux que tous autres. Encore faut-il que ces collecti- vités résistent à la tentation bien connue du s saupoudrage ». Je passe rapidement en revue les opérations qui seront soit interrompues momentanément, soit ralenties. En Guyane, l 'aménagement du secteur routier Pont-des-Cas- cades—Montsinéry est différé. En revanche, l
4_cri_1969-1970-ordinaire1_050.txt;8639;collecti- vités résistent à la tentation bien connue du s saupoudrage ». Je passe rapidement en revue les opérations qui seront soit interrompues momentanément, soit ralenties. En Guyane, l 'aménagement du secteur routier Pont-des-Cas- cades—Montsinéry est différé. En revanche, l'inscription d 'une somme de 5 millions de francs pour la construction du port de Degrard des Cannes est maintenue. En Martinique et à la Guadeloupe, la construction des deux appontements minéraliers qui ont déjà fait l'
4_cri_1969-1970-ordinaire1_050.txt;8658;sistent à la tentation bien connue du s saupoudrage ». Je passe rapidement en revue les opérations qui seront soit interrompues momentanément, soit ralenties. En Guyane, l 'aménagement du secteur routier Pont-des-Cas- cades—Montsinéry est différé. En revanche, l'inscription d 'une somme de 5 millions de francs pour la construction du port de Degrard des Cannes est maintenue. En Martinique et à la Guadeloupe, la construction des deux appontements minéraliers qui ont déjà fait l'objet d'inscrip- t
4_cri_1970-1971-ordinaire1_023.txt;52083;ctifs, ont été atteints et ont abouti parfois à de grandes réalisations. Ainsi, les ASSEMBLEE NATIONALE 2' SEANCE DU 26 OCTOBRE 1970 4715 L'Assemblée trouvera dans mon rapport écrit un tableau récapi- tulant les résultats des cinq dernières récoltes. Il apparait non seulement que la culture de la canne à sucre n'a pas progressé, mais que la production accuse une légère diminution, notamment à la Martinique : 720.000 tonnes en 1966, 420 .000 en 1969. Le seul département où cette culture accuse un
4_cri_1970-1971-ordinaire1_023.txt;52377;e la canne à sucre n'a pas progressé, mais que la production accuse une légère diminution, notamment à la Martinique : 720.000 tonnes en 1966, 420 .000 en 1969. Le seul département où cette culture accuse un léger progrès est celui de la Réunion : 2 millions de tonnes en 1966, 2,4 millions environ en 1969. On constate la même évolution défavorable pour la banane. Seule la production d'ananas à la Martinique a progressé. Mais il est vrai que des dégâts causés par le cyclone Dorothée sont sus- cep
4_cri_1970-1971-ordinaire1_023.txt;60359;porte la preuve du bien-fondé de l'initiative prise il y a quelques années de créer un corps spé- cialisé qui rend les plus grands services, en particulier lorsqu'un cyclone vient dévaster un département. Troisièmement, un crédit supplémentaire de 1 .300.000 francs est proposé pour accroître notre effort en matière de migration. Je précise que l'objectif visé est de trouver des débouchés pour les Antillais au Canada et en Amérique latine notamment. Enfin, un crédit supplémentaire d'environ 800.0
4_cri_1970-1971-ordinaire1_060.txt;171953;gue M. Rivierez, l'honneur de prendre la parole ce soir à cette tribune. S'il est un problème qui retient l'attention des responsables de la France d'outre-mer, comme aimait à le dire le général de Gaulle, c'est bien l'emploi, car l'explosion démographique est, de loin, la question qui nous préoccupe le plus. En treize ans, la population de la Réunion a augmenté de 51 p. 100, tandis que celle des Antilles progressait de 36 p . 100. A l'heure actuelle, les départements d'outre-mer comptent 1.250.
4_cri_1970-1971-ordinaire1_065.txt;49321;"it se réunir, comme le prévoit l'article 91 du règlement ? M. Jean Fontaine, rapporteur. Non, monsieur le présidant. M. le président. Nous abordons donc la discussion de l'ar- ticle 1"" . [Article 1""'.] M. !e président. «Art. 1"" r. — Les articles 146 et 184 du code d'instruction criminelle, tels qu'ils sont applicables aux Comores, aux îles Wallis et Futuna, en Nouvelle-Calédonie et dépendances, à Saint-Pierre-et-Miquelon et dans le territoire français des Afars et des Issas sont remplacés par le"
4_cri_1970-1971-ordinaire1_065.txt;51838;rieure . Cette demande doit être présentée avant toute défense au fond . » « II. — En ce qui concerne les ides Wallis et Futuna : « Art . 146. — Conforme . » « Art . 184. — Conforme . s e III. — En ce qui concerne la Nouvelle-Calédonie et dépen- dances: « Art . 146. — Conforme . » « Art . 184. — Conforme. » 5786 ASSEMBLEE NATIONALE — SEANCE DU 19 NOVEMBRE 1970 « IV. — En ce qui concerne les îles Saint-Pierre-et-Miquelon : « Art. 146. — Conforme. » « Art . 184. — Conforme. « V. — En ce qui concer
4_cri_1970-1971-ordinaire1_065.txt;195128;"r . Cet amendement se justifie par son texte même. M. le président . Quel est l'avis du Gouvernement ? M. le garde des sceaux . Le Gouvernement est d'accord. M. le président. Je mets aux voix l'amendement n"" 46. (L'amendement est adopté.) [Article 14.] M. le président. « Art. 14. — La présente loi est applicable aux territoires d'outre-mer de la Nouvelle-Calédonie, de la Poly- nésie française, de Saint-Pierre-et-Miquelon et de Wallis et Futuna . s M. Marie, rapporteur, a présenté un amendement, "
4_cri_1970-1971-ordinaire2_007.txt;59629;de la convention dont nous discutons comporte une longue énumération des droits politiques, civils, écono- miques, sociaux et culturels qu'il convient de garantir à tout homme, sans distinction de race, de couleur, d'origine natio- nale ou ethnique, pour en finir avec toute discrimination et pour assurer le droit de chacun à l'égalité devant la loi. En regardant avec objectivité le sort fait aux Antillais, Guyanais et Réunionnais vivant en France comme celui qui est réservé à l'ensemble des trav
4_cri_1970-1971-ordinaire2_007.txt;59640;ention dont nous discutons comporte une longue énumération des droits politiques, civils, écono- miques, sociaux et culturels qu'il convient de garantir à tout homme, sans distinction de race, de couleur, d'origine natio- nale ou ethnique, pour en finir avec toute discrimination et pour assurer le droit de chacun à l'égalité devant la loi. En regardant avec objectivité le sort fait aux Antillais, Guyanais et Réunionnais vivant en France comme celui qui est réservé à l'ensemble des travailleurs i
4_cri_1970-1971-ordinaire2_007.txt;62091;"vailleurs immigrés ; proposition n"" 1159 relative à la liquidation des bidonvilles et au relogement des travailleurs immigrés ; proposition n"" 319 tendant à favoriser l'enseigne- ment du français, l'alphabétisation et la promotion sociale pour les travailleurs immigrés et leurs familles, et, enfin, notre proposition de loi n"" 697 tendant à instituer des mesures sociales en faveur des travailleurs antillais, réunionnais et guyanais émigrant en France métropolitaine. Le Gouvernement auquel vous ap"
4_cri_1971-1972-ordinaire1_024.txt;4501;. au-delà de la simple prolongation du V. Plan et de donner un élan nouveau à l'action des pouvoirs publics dans ces dépar- tements. -2— Les mesures nouvelles concernant les dépenses ordinaires offrent peu d'originalité et peuvent être considérées comme des DECLARATION DE L'URGENCE DE PROJETS DE LOI mesures de rattrapage. L'augmentation des effectifs du service militaire adapté à la Réunion et en Guyane a pour but de donner à cette formule originale, qui a largement fait la preuve de M. le prési
4_cri_1971-1972-ordinaire1_024.txt;4708;'originalité et peuvent être considérées comme des DECLARATION DE L'URGENCE DE PROJETS DE LOI mesures de rattrapage. L'augmentation des effectifs du service militaire adapté à la Réunion et en Guyane a pour but de donner à cette formule originale, qui a largement fait la preuve de M. le président. J'ai reçu de M. le Premier ministre la lettre son efficacité, les mêmes possibilités d'action qu'aux Antilles. suivante: « Paris, le 26 ociebre 1971. Les crédits supplémentaires destinés à accentuer no
4_cri_1971-1972-ordinaire1_024.txt;4948;ginale, qui a largement fait la preuve de M. le président. J'ai reçu de M. le Premier ministre la lettre son efficacité, les mêmes possibilités d'action qu'aux Antilles. suivante: « Paris, le 26 ociebre 1971. Les crédits supplémentaires destinés à accentuer notre poli- tique de migrations concernent surtout la Réunion, où elle s Monsieur le président, a été jusqu'à présent moins efficiente qu'aux Antilles, afin « J'ai l'honneur de vous faire connaître qu'en application de de parvenir au chiffre 
4_cri_1971-1972-ordinaire1_067.txt;172918;"I appa- rait donc indispensable que les programmes refusés soient repris en priorité absolue dans le VI. Plan et que soient inscrites dès 1971 le .; 600 chambres qui devaient constituer à Talence le village n"" 6 dont l 'emplacement est depuis longtemps prévu dans le plan de masse du domaine universitaire. On ne peut que regretter également le report d 'année en année des constructions prévues aux Antilles; la lenteur apportée à la construction du troisième restaurant univer- sitaire de Talence a"
4_cri_1971-1972-ordinaire1_067.txt;181219;aboutir . Il lui demande quelles mesures il entend prendre afin qu 'une revendication recon- nue comme fondée par les responsables de l 'aviation civile et de ses services soit prise en considération. Travailleurs d 'outre-mer, 20994. — 19 novembre 1971. — M. Lacavé attire l'attention de M. le ministre du travail, de l 'emploi et de la population sur les conditions de vie et de travail faites aux Antillais et Réu- nionnais venus travailler en France dans une entreprise de Poissy. La plupart de c
4_cri_1971-1972-ordinaire1_067.txt;181793;et leurs salaires sont parmi les plus bas. Cette main-d 'œuvre, qui se trouve à des milliers de kilomètres de son 'pays, ignorant tout de la législation française du travail, est une proie d 'autant facile pour la direction de l 'usine que les organisations syndicales, comme la C . G. T., sont pratiquement interdites dans l 'entreprise. En effet, toute protes- tation de la part d 'un travailleur antillais ou réunionnais se heurte à la menace de licenciement, d 'expulsion du centre d 'hébergement
4_cri_1971-1972-ordinaire2_038.txt;14733;ordres professionnels. La plupart de ces adaptations ne se justifient plus aujourd'hui, du fait de l'augmentation des effectifs des professions médicales dans chacun de ces départements. Désormais, les règles géné- rales s'appliqueront à ces quatre départements sous réserve de deux exceptions. Première exception : le conseil départemental de l'ordre des chirurgiens-dentistes ne sera constitué en Guyane que lorsqu'un effectif minimum de ces chirurgiens-dentistes sera atteint. Jusqu'à cette date, 
4_cri_1971-1972-ordinaire2_038.txt;15429;ional de l'ordre des médecins ou des chirurgiens-dentistes de la région parisienne qui exercera les compétences disciplinaires pour les médecins et les chirurgiens-dentistes du département de la Réunion. Ainsi, toutes les autres dispositions s'appliqueront à ces départements d'outre-mer et la composition du conseil national prévoit deux membres, dont l'un représentera les trois dépar- tements des Antilles et l'autre le département de la Réunion, 2186 ASSEMBI.EE NATIONALE — ainsi que deux suppléa
4_cri_1971-1972-ordinaire2_038.txt;19737;nseil constitu- tionnel, de prendre des dispositions (le nature à permettre la création de nouveaux conseils régionaux des ordres — Nord, Picardie, etc. Enfin, l'évolution constatée dans les départements d'outre- mer au cours des vingt-cinq dernières années impose une reprise des dispositions du code de la santé, élaborées lors SEANCE DU 6 JUIN 1972 de la départementalisation de la Réunion, de la Martinique, de la Guadeloupe et de la Guyane . Elles sont, en effet, sur certains points, dépassées,
4_cri_1972-1973-ordinaire1_045.txt;5013;e originale qui a fait ses preuves pour les travaux d'équipement et la réparation des dommages causés par les cyclones. L'augmentation des crédits consacrés aux migrati-ans concerne les migrants réunionnais dont le nombre devrait être d'environ 4.700 personnes en\1973. Je précise, d'autre part, qu'il a été décidé de ne pas depasser le chiffre annuel de 2 .500 migrants pour chacun des départements antillais. Enfin, deux mesures nouvelles d'une importance financière très limitée doivent être menti
4_cri_1972-1973-ordinaire1_045.txt;5283;"Je précise, d'autre part, qu'il a été décidé de ne pas depasser le chiffre annuel de 2 .500 migrants pour chacun des départements antillais. Enfin, deux mesures nouvelles d'une importance financière très limitée doivent être mentionnées en raison de l'intérêt qu'elles peuvent présenter sur le plan social et culturel. Un crédit de 400.000 francs est inscrit pour l'organisation de voyages de jeunes Antillais et Réunionnais en métropole ; un crédit de 100 .000 francs facilitera les déplacements de "
4_cri_1972-1973-ordinaire1_045.txt;5407;"ments antillais. Enfin, deux mesures nouvelles d'une importance financière très limitée doivent être mentionnées en raison de l'intérêt qu'elles peuvent présenter sur le plan social et culturel. Un crédit de 400.000 francs est inscrit pour l'organisation de voyages de jeunes Antillais et Réunionnais en métropole ; un crédit de 100 .000 francs facilitera les déplacements de troupes artistiques aux Antilles, lesquelles sont trop souvent privées de spectacles que la France donne parfois aux Etats-U"
4_cri_1972-1973-ordinaire1_063.txt;26063;mocratie moderne .) M. Guy Ducoloné . M. Ceyrac a demandé que l'offre soit gon- flée jusqu'en mars. M. le président . Dans la discussion générale, la parole est à M. Helène, premier orateur inscrit. M. Léopold Helène . Monsieur le ministre, ce projet de loi portant création de la prime de mobilité des jeunes sera par- ticulièrement bien accueilli dans les départements d 'outre-mer, notnmment à la Guadeloupe, à la Martinique et à la Réunion, en proie à des problèmes de démographie, de développeme
4_cri_1972-1973-ordinaire1_063.txt;26080;.) M. Guy Ducoloné . M. Ceyrac a demandé que l'offre soit gon- flée jusqu'en mars. M. le président . Dans la discussion générale, la parole est à M. Helène, premier orateur inscrit. M. Léopold Helène . Monsieur le ministre, ce projet de loi portant création de la prime de mobilité des jeunes sera par- ticulièrement bien accueilli dans les départements d 'outre-mer, notnmment à la Guadeloupe, à la Martinique et à la Réunion, en proie à des problèmes de démographie, de développement et d'emploi. L
4_cri_1972-1973-ordinaire1_063.txt;27702;emplois non satisfaites augmente-t-il chaque année. L'amélioration des conditions de vie, l'efficacité de la lutte entreprise contre les maladies, l'application des lois sociales bnt contribué à l'augmentation de la population dont les jeunes représentent près de 60 p. 100. Le nombre des actifs par 'rapport à celui de la population est de 23 p. 100 environ pour la Réunion et de 18 p . 100 pour la Guadeloupe et la Martinique . En conséquence, ce sont les jeunes arrivant sur le marché du travail e
4_qst_4-qst-1969-04-19.txt;41419;fication, par la France, de cette convention . Ces cir- constances qui se rapportaient à la guerre d'Algérie ayant depuis longtemps disparu, il lui demande pour quels motifs le Gouver- nement français n'a toujours pas déposé le projet de loi de ratification. 5467. — 17 avril 1969. — M. Krieg attire l'attention de M. le ministre des affaires étrangères sur l'état dans lequel se trouve la basilique Sainte-Anne, située dans la vieille ville de. Jérusalem, endommagée par le temps et surtout par les 
4_qst_4-qst-1969-04-19.txt;41903;surtout par les opérations militaires de juin 1967. Cet édifice, qui appartient à la France, a fait l'objet 950 ASSEMHI .EE NATIONALE 19 Avril 1969 de travaux de restauration, commencés après juin 1967, mais qui n'ont pas été achevés. A l 'heure actuelle, tous les travaux sont suspendus, sans que l'on puisse savoir la raison exacte de cet état de chose, ni quand ils reprendront. Or, la basilique Sainte-Anne mérite une remise en état soigneuse, souhaitée par tous ceux qui la connaissent et dont o
4_qst_4-qst-1969-04-19.txt;328346;lture que les fonctionnaires chefs de service de son ministère ont droit, lorsqu'ils sont en fonctions dans les départements d'outre-mer, à un congé annuel dans la métropole. Depuis 1984, il est imposé un séjour de douze mois pleins outre-mer à ces fonctionnaires avant qu'ils puissent bénéficier de leur congé de six semaines en métro- pole et ceci bien qu'une décision du tribunal administratif de Cayenne ait condamné cette décision (cas Lodier, 3 mars 1966). Il lui demande sur quel texte est fon
4_qst_4-qst-1969-08-23.txt;47311;"me choisi il y a quelques jours pour la dévaluation du franc (12,5 p. 100) va en effet lourdement peser sur ceux de nos compatriotes qui utilisent les bateaux de cette compagnie afin de se rendre en Espagne, en Algérie et en Tunisie ; et plus encore pour nos compatriotes des départements d 'outre-mer, puisqu'une augmentation analogue est décidée pour les lignes à destination des Etats-Unis et des Antilles . Au moment même où le Gouverne- ment, afin d 'assurer le succès de la dévaluation est amen"
4_qst_4-qst-1969-08-23.txt;251380;"conomie et des finances et des anciens combattants et victimes de guerre. 6713. — M. Fontaine appelle l'attention de M. le ministre d'Etat chargé de la défense nationale sur les dispositions du décret n"" 63.648 du 3 juillet 1963, qui a créé le corps de fonctionnaires administratifs des forces armées en service dans les départements d'outre-mer. En effet, l 'article 1"", s'il prévoit pour le groupe Guyane-Antilles un corps de commis administratifs et un corps d'agents de bureau, se singularise en "
4_qst_4-qst-1969-08-23.txt;251387;"et des finances et des anciens combattants et victimes de guerre. 6713. — M. Fontaine appelle l'attention de M. le ministre d'Etat chargé de la défense nationale sur les dispositions du décret n"" 63.648 du 3 juillet 1963, qui a créé le corps de fonctionnaires administratifs des forces armées en service dans les départements d'outre-mer. En effet, l 'article 1"", s'il prévoit pour le groupe Guyane-Antilles un corps de commis administratifs et un corps d'agents de bureau, se singularise en ne prévo"
4_qst_4-qst-1969-09-27.txt;289837;"choisi il y a quelques jours pour la dévaluation du franc (12,5 p . 100) va en effet lourdement peser sur ceux de nos compatriotes qui utilisent les bateaux de cette compagnie afin de se rendre en Espagne, en Algérie et en Tunisie ; et plus encore pour nos compatriotes des départements d 'outre-mer, puisqu 'une augmentation analogue est décidée pour les lignes à destination des Etats-Unis et des Antilles. Au moment même où le Gouverne- ment, afin d 'assurer le succès de la dévaluation est amené "
4_qst_4-qst-1971-07-10.txt;39398;"e toute autre activité industrielle 4"" quels sont les établissements dont la dispari- tion est prévue. DEPARTEMENTS ET TERRITOIRES D'OUTRE-MER Sucre. 19273. — 8 juillet 1971 . — M . Lacavé expose à M. le ministre d'Etat chargé des départements et territoires d'outre-mer que les U. S . A . achetaient annuellement 60.000 tonnes de sucre de la Guade- loupe. Cela permettait à la seule industrie de la Guadeloupe de broyer une quantité de cannes assez importante provenant des petits planteurs et des c"
4_qst_4-qst-1971-07-10.txt;39657;d'outre-mer que les U. S . A . achetaient annuellement 60.000 tonnes de sucre de la Guade- loupe. Cela permettait à la seule industrie de la Guadeloupe de broyer une quantité de cannes assez importante provenant des petits planteurs et des colons . On fait grand bruit actuellement d'une information selon laquelle le Gouvernement américain ne veut plus continuer à effectuer cet achat de sucre à la Guadeloupe en raison de la politique agricole du Gouvernement français dans le marché commun . Cette
4_qst_4-qst-1971-07-10.txt;39835;cannes assez importante provenant des petits planteurs et des colons . On fait grand bruit actuellement d'une information selon laquelle le Gouvernement américain ne veut plus continuer à effectuer cet achat de sucre à la Guadeloupe en raison de la politique agricole du Gouvernement français dans le marché commun . Cette disposition est de nature à com pliquer encore la situation économique de la Guadeloupe qui est déjà très critique. Il lui demande quelles dispositions le Gouvernement pense pre
4_qst_4-qst-1972-07-15.txt;149826;.740 Var 114 .637 229 .349.709 Vaucluse 56 .982 110 .385.011 Vendée 46 .601 91 .916.219 Vienne 44 .28(1 87 .558.983 Vienne (Haute-) 55 .745 1' 0 .613.725 Vosges 66 .298 107 .582,393 Yonne 51 .913 97.603.727 Essonne 186 .653 431 .623.411 Hauts-de-Seine 472 .345 1 .629 .784.235 Seine-Saint-Denis 334 .458 648 .358.713 Val-de-Marne 330 .975 826 .449 .544 Val-d 'Oise 186 .787 436 .421 .279 Guadeloupe 9 .245 22 .582.124 Guyane 3 .541 7 .710 .041 Martinique 12 .330 28.713.348 Réunion 13 .370 48 .429.02
4_qst_4-qst-1972-07-15.txt;149857;Vaucluse 56 .982 110 .385.011 Vendée 46 .601 91 .916.219 Vienne 44 .28(1 87 .558.983 Vienne (Haute-) 55 .745 1' 0 .613.725 Vosges 66 .298 107 .582,393 Yonne 51 .913 97.603.727 Essonne 186 .653 431 .623.411 Hauts-de-Seine 472 .345 1 .629 .784.235 Seine-Saint-Denis 334 .458 648 .358.713 Val-de-Marne 330 .975 826 .449 .544 Val-d 'Oise 186 .787 436 .421 .279 Guadeloupe 9 .245 22 .582.124 Guyane 3 .541 7 .710 .041 Martinique 12 .330 28.713.348 Réunion 13 .370 48 .429.028 Résultat national 9.899.186 2
4_qst_4-qst-1972-07-15.txt;149884;.011 Vendée 46 .601 91 .916.219 Vienne 44 .28(1 87 .558.983 Vienne (Haute-) 55 .745 1' 0 .613.725 Vosges 66 .298 107 .582,393 Yonne 51 .913 97.603.727 Essonne 186 .653 431 .623.411 Hauts-de-Seine 472 .345 1 .629 .784.235 Seine-Saint-Denis 334 .458 648 .358.713 Val-de-Marne 330 .975 826 .449 .544 Val-d 'Oise 186 .787 436 .421 .279 Guadeloupe 9 .245 22 .582.124 Guyane 3 .541 7 .710 .041 Martinique 12 .330 28.713.348 Réunion 13 .370 48 .429.028 Résultat national 9.899.186 22.458.634.473 Prêt à usag
4_qst_4-qst-1972-07-29.txt;76798;atriement et des funérailles s'élevant à 5.000 francs, le Bumidom vient d 'indiquer que ces sommes seront prélevées sur te capital décès. II lui semble absolument inadmis- sible que le Bumidom fasse supporter les frais de rapatriement d 'un corps par la famille . En conséquence, il lui demande quelles mesures il compte prendre pour que cette officine qui paie le voyage aller en France des émigrés antillais, guyanais et réunion- nais, prenne en charge le rapatriement de leur corps en cas de décès
4_qst_4-qst-1972-07-29.txt;76809;t des funérailles s'élevant à 5.000 francs, le Bumidom vient d 'indiquer que ces sommes seront prélevées sur te capital décès. II lui semble absolument inadmis- sible que le Bumidom fasse supporter les frais de rapatriement d 'un corps par la famille . En conséquence, il lui demande quelles mesures il compte prendre pour que cette officine qui paie le voyage aller en France des émigrés antillais, guyanais et réunion- nais, prenne en charge le rapatriement de leur corps en cas de décès. (Question
4_qst_4-qst-1972-07-29.txt;79669;pport à celles des migrants ayant eux-mêmes assuré le financement de leur voyage et qui sont très nombreux. Toutefois dans le cas d'espèce et à titre tout à fait exceptionnel la société d 'Etat a consenti une avance à la famille et cette décision a été d 'autant plus compréhensive que ce rapatrie- ment n'a été ni demandé ni décidé par la personne qui était léga' lement qualifiée pour le faire. Le Guyane (prêta aux agriculteurs). 24798 . — M. Rivlerer rappelle à M . le Premier ministre (départe. 
4_tnominative_1968-1973_tnominative_IO.txt;37879;"ion du nickel produit intérieur brut des T .O.M . ; évolution des balances extérieures des territoires d'ou- tre-mer ; problème du tourisme ; liens entre la métropole et les territoires ; aménagement des dispositions fiscales et minières en Nou- velle-Calédonie ; rôle des institutions commu- nales ; établissement d'un système communal évolué en Nouvelle-Calédonie ; ses observa- tions sur les îles Saint-Pierre-et-Miquelon prise en charge du cargo postal « L'Ile de Saint-Pierre » ; besoins du serv"
4_tnominative_1968-1973_tnominative_IO.txt;37947;"lances extérieures des territoires d'ou- tre-mer ; problème du tourisme ; liens entre la métropole et les territoires ; aménagement des dispositions fiscales et minières en Nou- velle-Calédonie ; rôle des institutions commu- nales ; établissement d'un système communal évolué en Nouvelle-Calédonie ; ses observa- tions sur les îles Saint-Pierre-et-Miquelon prise en charge du cargo postal « L'Ile de Saint-Pierre » ; besoins du service de santé; formation professionnelle du personnel admi- nistratif"
4_tnominative_1968-1973_tnominative_IO.txt;38642;"les grandes endé- mies ; liaison radio-électrique avec la métro- pole ; ses observations sur les territoires français des Afars et des Issas ; extension du port de Djibouti ; économie de la Polynésie française ; huilerie de Papeete ; hôpital de Man-tao ; expériences de perliculture ; ses observations sur la Nouvelle-Calédonie question des îles Wallis et Futuna ; ses ob- servations sur les îles de Saint-Pierre-et- Miquelon ; société de pêche et de congélation étant dotée d'un nouveau chalutier de"
5_cri_1973-1974-ordinaire1_014.txt;85533;"tutionnel en application de l'article L. 0. 185 du code électoral .) Décision n"" 73-584/593. — Séance du 11 octobre 1973. Réunion. — 3- circonscription. Le Conseil constitutionnel, Vu l'article 59 de la Constitution ; Vu l'ordonnance du 7 novembre 1958 portant loi organique sur le Conseil constitutionnel ; Vu le code électoral ; Vu 1"" La requète présentée par M . Pierre-Raymond Hoarau demeurant à Saint-Pierre, département de la Réunion, ladite requête enregistrée le 9 mars 1973 au secrétariat gé"
5_cri_1973-1974-ordinaire1_014.txt;85955;"ent de la Réunion, ladite requête enregistrée le 9 mars 1973 au secrétariat général du Conseil constitutionnel et tendant à ce qu'il plaise au Conseil statuer sur les opérations électorales auxquelles il a été pro- cédé le 4 mars 1973 dans la troisième circonsetiption de la Réunion pour la désignation d'un député à l'Assemblée nationale ; Vu 2"" La requête présentée par M . Elle Hoarau demeurant à Saint-Pierre, ladite requête enregistrée le 15 mars 1973 à la préfecture de la Réunion ; Vu 3° La re"
5_cri_1973-1974-ordinaire1_014.txt;138965;dans le Sud de la Réunion). 5250. — 13 octobre 1973. — M. Cerneau expose à M. le ministre de la santé publique et de la sécurité sociale que sa circulaire . DGS/2350/PS-2 en date du 20 juin 1973, concernant la pénurie d'infrimières et de puéricultrices intéresse le département de la Réunion et spécialement le Sud de Pile . En effet, le complexe hospitalier de cette région avec le futur hôpital de Saint-Pierre, les hôpitaux publiés de Saint-Joseph et Saint-Louis, le sanatorium du Tampon, l 'hôpit
5_cri_1973-1974-ordinaire1_032.txt;113857;rbanisation. Avant de lui exposer les observations de la commission sur ce budget, je voudrais une fois de plus appeler l'attention de l'Assemblée sur la situation toujours aussi préoccupante de nos départements d'outre-mer. L'importance relative de l'agriculture dans la formation du produit intérieur brut ne cesse de diminuer. De 1965 à 1971, la proportion est passée de 22 p . 100 à 19 p. 100 en Guadeloupe, de 18 p. 100 à 10 p . 100 en Martinique et de 17 p. 100 à 13 p . 100 à la Réunion. Cette
5_cri_1973-1974-ordinaire1_032.txt;113898;ervations de la commission sur ce budget, je voudrais une fois de plus appeler l'attention de l'Assemblée sur la situation toujours aussi préoccupante de nos départements d'outre-mer. L'importance relative de l'agriculture dans la formation du produit intérieur brut ne cesse de diminuer. De 1965 à 1971, la proportion est passée de 22 p . 100 à 19 p. 100 en Guadeloupe, de 18 p. 100 à 10 p . 100 en Martinique et de 17 p. 100 à 13 p . 100 à la Réunion. Cette évolution est inquiétante et les mauvais
5_cri_1973-1974-ordinaire1_032.txt;114338;à la Réunion. Cette évolution est inquiétante et les mauvaises conditions atmosphé:iques de ces dernières années ne suffisent pas à l'expliquer. L'effort prolongé des pouvoirs publics pour moder- niser et diversifier la production, pour mettre en œuvre une réforme foncière n'a pas abouti au résultat escompté . On cherche en vain les heureux effets du plan de relance de l'indus- trie sucrière à la Martinique qui a coûté près de 40 millions de francs en subventions et en prêts. Ses résultats sont 
5_cri_1973-1974-ordinaire1_064.txt;246976;in a été nommé rapporteur pour avis du projet de loi tendant à assurer, en cas de règlement judiciaire ou de liqui- dation des biens le paiement des créances résultant- du contrat de travail (n° 719), dont l'examen au fond a été renvoyé à la commission des affaires culturelles, familiales et sociales. M . Brial a été nommé rapporteur du projet de loi étendant aux territoires des Comores, des îles Saint-Pierre et Miquelon, des îles Wallis et Futuna, de la Nouvelle-Calédonie et dépen- dances, de l
5_cri_1973-1974-ordinaire1_088.txt;116244;ns la limite de 50 p . 100 au maximum du montant de l'encours . » La parole est à M. Sablé. M. Victor Sablé. Tout d'abord, je remercie le Gouvernement d'avoir tenu la promesse faite en octobre dernier, lors de la discussion du budget, en insérant dans le collectif une dispo - sition concernant la réforme foncière dans les départements d'outre-mer. Depuis près de deux ans, les S. A. F. E. R. de la Martinique et de la Guadeloupe ne remplissaient plus leur mission faute de moyens financiers et en r
5_cri_1973-1974-ordinaire1_088.txt;116264;. 100 au maximum du montant de l'encours . » La parole est à M. Sablé. M. Victor Sablé. Tout d'abord, je remercie le Gouvernement d'avoir tenu la promesse faite en octobre dernier, lors de la discussion du budget, en insérant dans le collectif une dispo - sition concernant la réforme foncière dans les départements d'outre-mer. Depuis près de deux ans, les S. A. F. E. R. de la Martinique et de la Guadeloupe ne remplissaient plus leur mission faute de moyens financiers et en raison de la faible ca
5_cri_1973-1974-ordinaire1_088.txt;119257;it. Monsieur le secrétaire d'Etat, .vous avez répondu à M. Sablé à propos de la rétroactivité, mais il vous a aussi posé une question au sujet de la garantie de l'Etat pour les prêts à moyen terme qui sont indispensables aux ouvriers agri- coles qui accèdent à la propriété . En effet, ces prêts leur per- mettent d'assurer l'équipement nécessaire à la rentabilité de leur exploitation. De plus, aux Antilles, un apport initial est exigé, ce qui n'est pas le cas à la Réunion. L'amendement que j'avai
5_cri_1974-1975-ordinaire1_046.txt;132083;démographie, l'éloigne- ment, l'absence de ressources énergétiques constituent des handicaps sévères, mais on peut se demander si, dans nos départements d'outre-mer, les crédits publics sont utilisés à bon escient, dans le meilleur cadre administratif possible. II est inadmissible que les problèmes demeurent ainsi, année après année, dans leur diversité et leur acuité. Mettant à part le cas de la Guyane, dont les caractéristiques spécifiques sont différentes de celles des autres départements, je
5_cri_1974-1975-ordinaire1_046.txt;133683;"bles. de sorte que la main-d'oeuvre se raréfie ; les jeunes sont de moins en moins nombreux à accepter de s'em- ployer dans l'agriculture. En outre. les agriculteurs ne sont pas suffisamment protégés contre certains aléas naturels, tels que la sécheresse et les cyclones, faute d'une garantie efficace ou d'une irrigation suffi- sante. Dès lors. les surfaces plantées régressent. Jamais le sud de la Martinique ne se développera si barrages et irrigation ne pallient pas les carences de la nature. Le"
5_cri_1974-1975-ordinaire1_046.txt;134687;s monde qui ont demandé à lui être associés, n'a pas prévu, pour certaines productions, de protection effficace ou, tout au moins, de garantie équitable contre leur concurrence . Il en est ainsi des produits du Kenya ou de la Tunisie, pays dont les ressortissants ne bénéficient pas des mêmes protections sociales et salariales que les nôtres. On en voit les incidences catastrophiques pour l'ananas martiniquais. Paradoxalement, certaines réglementations européennes desti- nées à protéger les produ
5_cri_1974-1975-ordinaire1_047.txt;5335;s donc que les dépenses civiles des quatre départe- ments d'outre-mer que vous voulez e larguer a, paraît-il, qui ne regroupent pourtant que 800 000 hommes et qui sont loin d'avoir l'importance des Etats auxquels nous apportons notre coopération, se voient affecter un crédit de 2 845 651 000 francs. ,pui, lumière encore cet effort qui a été consenti pour l'infra- structure des îles, notamment, la Guyane étant peut-être moins favorisée en ce domaine. Lumière aussi ce qui a été fait pour nos famil
5_cri_1974-1975-ordinaire1_047.txt;7532;"ennent le lot de ces départements. M. Michel Debré . Très bien ! M . Hector Riviérez. Nos adversaires dans les territoires d'outre- mer, eux, vivront ces lendemains ; ils prennent des risques, pas vous ! Oui ! Relisez Félix Eboué . Vous venez chez nous por ,eur de ce que vous croyez être la bonne parole, et vous vous y présentez en sauveur, peut-être même vous imaginez-vous être dans la lignée de Schoelcher. Il nous aimait aien, lui, et peut- être nous aimez-vous, vous aussi, pour nous-mêmes, et"
5_cri_1974-1975-ordinaire1_047.txt;8305;ufrageurs ! (Applaudissements sur les bancs de l'union des démocrates pour la République et des républicains indépendants.) Il y a, hélas, des ombres, dont la plus inquiétante est l'emploi. Nous sommes angoissés par le nombre de chômeurs qui va en s'accroissant et notre angoisse est d'autant plus grande que, d'après les calculs du livre blanc de l'assemblée permanente des chambres de commerce des Antilles et de la Guyane, nous compterons, en 1985, un million d'hommes et qu'il nous fau- dra trouv
5_cri_1975-1976-ordinaire1_038.txt;194404;.O M . Ce fonctionnaire dont le dossier est cependant excel- lent subit, de ce fait, un préjudice matériel et moral évident en dépit des dispositions de l'article 5 du décret du )7 mars 1957 reproduisant celles de l'article 11 du décret du 6 décembre 1956, concernant le reclassement des fonctionnaires des cadres du Maroc et de Tunisie et du statut voté le 11 août 196i par le Conseil général de la Martinique (art. 5, 8 et 29, approuvé par deux arrêtés ministériels. Il lui demande si, s 'agissant 
5_cri_1975-1976-ordinaire1_038.txt;214045;tembre 1975 par les soins du ministère de la défense. DEPARTEMENTS ET TERRITOIRES D 'OUTRE-MER Pompes funèbres (rapatriement d 'un travailleur décédé originaire des D.O.M.). 23297. — 16 octobre 1975. — M . Claude Weber demande à M. le secrétaire d 'Etat aux départements et territoires d 'outre-mer quelles mesures sont prévues pour le rapatriement éventuel du corps d 'un travailleur réunionnais ou antillais venu en France par l'intermé- diaire du Bumidom et décédé sur le territoire métropolitain 
5_cri_1975-1976-ordinaire1_038.txt;341878;"justifier qu'ils n'ont pas été utilisés avant le 1"" janvier . Il lui demande également quels sont les moyens de' publicité qu 'il compte mettre en oeuvre pour décon- seiller aux agriculteurs toutes dépenses concernant l'entretien ou l'amélioration de la fertilité des sols qu'ils cultivent dans les quel- ques années qui précèdent le passage au bénéfice réel. D. O. M. (procédures d'expropriation en Guadeloupe). 22664. — 27 septembre 1975. — M. Jalton rappelle à M. le ministre de l'économie et des "
5_cri_1975-1976-ordinaire1_057.txt;2589;r le secrétaire d'Etat aux départements et territoires d 'outre-mer, mes chers collègues, si les problèmes spécifiques des départe . 198 8242 ASSEMBLEE NATIONALE — 1 ' SEANCE DU 13 NOVEMBRE 1975 mente d'outre-mer n'ont pas changé fondamentalement depuis l'examen du dernier budget, force est de constater aujourd'hui que s les choses bougent =. Le Président de la République, lors de son séjour aux Antilles, a indiqué avec la plus grande détermination sa volonté de mettre en oeuvre tous les moyens 
5_cri_1975-1976-ordinaire1_057.txt;9852;Gouvernement et par vous-même. Je dois toutefois reconnaire que cette remarque ne vaut que pour le passé. En effet, si l'on examine le projet de budget des départements d'outre-mer pour l'année 1976, on note au contraire un effort tout particulier des ministères techniques, qui semble correspondre, cette fois, à la volonté exprimée par le Président de la République, lors de son dernier séjour aux Antilles, et par le Gouvernement. Les fréquentes visites que vous-mémo et de nombreux ministres avez
5_cri_1975-1976-ordinaire1_057.txt;11132;pour les tarifs des frets maritimes, mais cela l'est également pour les tarifs des transports aériens . Dans ce dernier cas, si les tarifs a bloc de sièges » ont apporté quelques améliorations, nous sommes encore loin des avantages consentis sur les lignes de l'Atlantique Nord par exemple. Or le coefficient de remplis- sage des avions, pour autant que ceux-ci s'arrêtent dans nos trois régions des Antilles, est tout à fait suffisant pour que de tels avantages soient obtenus, et il parait injuste 
5_cri_1975-1976-ordinaire1_058.txt;11334;"tif et dans l'ordre social, se résume tout naturellement en un terme très simple : l'emploi. C'est pourquoi le premier point de la politique des prochaines années, je dirai même des prochains mois, est ""n'accentuer tout ce qui peut assurer des emplois à cette jeune génération. De la réponse qui sera donnée à cette question dépend l'avenir de nos quatre départements d'outre-mer, en particulier des Antilles et de la Réunion, le département de la Guyane posant un problème particulier. A cet égard, "
5_cri_1975-1976-ordinaire1_058.txt;11382;"ellement en un terme très simple : l'emploi. C'est pourquoi le premier point de la politique des prochaines années, je dirai même des prochains mois, est ""n'accentuer tout ce qui peut assurer des emplois à cette jeune génération. De la réponse qui sera donnée à cette question dépend l'avenir de nos quatre départements d'outre-mer, en particulier des Antilles et de la Réunion, le département de la Guyane posant un problème particulier. A cet égard, nous devons non seulement créer des emplois sur "
5_cri_1975-1976-ordinaire1_058.txt;13575;plutôt que de migration. Avec le développement des congés, les très grandes facilités des commu- nications. le terme de a migration b prend un caractère un peu désuet qui ne correspond plus à la réalité d'aujourd'hui . En pareil domaine, je parle non seulement en mon nom personnel, mais aussi au nom du conseil régional de la Réunion, que préside notre collègue M. Cerneau. Pour ce qui concerne les Antilles, les données sont analogues. Or, monsieur le secrétaire d'Etat, le rythme et l'ampleur des 
5_cri_1975-1976-ordinaire2_035.txt;1237;de M. Barbet) (p . 2819). MM . Barbet, Bourges, ministre de la défense, le président. CONSTRUCTIONS SCOLAIRES EN MILIEU RURAL (Question de M . Mau• joiian du Gasset) (p. 2822). MM. Maujoüan du Gasset, Haby, ministre de l'éducation. (1 4 .) SUBVENTIONS AUX ASSOCIATIONS DE JEUNESSE (Question de M. Sainte . Marie) (p . 2824). MM. Sainte-Marie, Haby, ministre de l'éducation. SITUATION ÉCONOMIQUE AUX ANTILLES (Question de M. Césaire) (p. 2825). MM. Césaire, Stoleru, secs itaire d'Etat auprès du minis
5_cri_1975-1976-ordinaire2_035.txt;108747;veloppement des orga- nisation démocratiques placées sous . le contrôle des collec- tivités locales, des comités d'entreprise, des universités . Mais il est vrai, monsieur le ministre, qu'il s'agit là de la politique que compte mettre en oeuvre le Programme commun dans ce domaine . (Applaudissements sur les bancs des socialistes et radicaux de gauche et des communistes .) SITUATION ÉCONOMIQUE AUX ANTILLES M. le président. La parole est à M . Césaire, pour exposer sommairement sa question (1). (l
5_cri_1975-1976-ordinaire2_035.txt;109028;. (Applaudissements sur les bancs des socialistes et radicaux de gauche et des communistes .) SITUATION ÉCONOMIQUE AUX ANTILLES M. le président. La parole est à M . Césaire, pour exposer sommairement sa question (1). (ll' Cette question est ainsi rédigée : ' M. Césaire expose à M. le secrétaire d 'Etat aux départements et territoires d'outre-mer que la gravité des événements qui se déroulent à la Martinique depuis une quinze de jours est des plus inquiétantes. a Les fermetures d'usines, la fin d
5_cri_1975-1976-ordinaire2_086.txt;8717;Vivien . Monsieur le président, le 22 juin dernier, la conférence des présidents publiait l'ordre du jour des séances que l'Assemblée tiendra jusqu'à la fin de la présente session. Pour le mercredi 3G juin après-midi étaient prévues, entre autres discussions, celle du projet de loi relatif à l'organisation de Mayotte et celle de quatre projets de loi fixant la repré- sentation de cette île et de Saint-Pierre et Miquelon à l'Assem- blée nationale et au Sénat. Or le feuilleton distribué aujourd'hu
5_cri_1975-1976-ordinaire2_086.txt;10557;tirera les conséquences du retrait du premier projet. La parole est à M. Fontaine. M. Jean Fontaine. Monsieur le président, nous sommes quelques- uns à nous être inquiétés de la situation à laquelle M . Alain Vivien a fait allusion. Permettez-moi de fournir une explication à ce sujet. Les quatre projets maintenus à l'ordre du jour traitent à la fois de la représentation de Mayotte et de celle de Saint-Pierre et Miquelon à l'Assemblée nationale et au Sénat. Or il se trouve que la question de l'or
5_cri_1975-1976-ordinaire2_086.txt;10672;résident, nous sommes quelques- uns à nous être inquiétés de la situation à laquelle M . Alain Vivien a fait allusion. Permettez-moi de fournir une explication à ce sujet. Les quatre projets maintenus à l'ordre du jour traitent à la fois de la représentation de Mayotte et de celle de Saint-Pierre et Miquelon à l'Assemblée nationale et au Sénat. Or il se trouve que la question de l'organisation de Saint-Pierre et Miquelon doit être réglée mercredi prochain. Il sera donc possible de décider en con
5_cri_1976-1977-ordinaire1_061.txt;87570;"ssion préventive de sécurité générale des voyageurs et d'assistance aux person- nels de la S. N. C. F. Dès le troisième jour de leur mise en place, un certain nombre d'arrestations ont été opérées, dont huit à Marseille et cinq à Lyon . _ Dans le domaine de la sécurité civile, nous avons dû faire face, en 1976, à trois séries de problèmes. Tout d'abord, il a fallu parer au danger représenté, à la Guadeloupe, par la Soufrière ; à cette occasion, des critiques nous ont d'ailleurs été adressées. En"
5_cri_1976-1977-ordinaire1_061.txt;176532;udget qui nous est pro- posé pour les départements d'outre-mer, s'il n'est pas de nature à susciter l'enthousiasme, apparaît toutefois comme préservé dans la phase d'austérité que nous traversons. Il subit, comme tous les budgets, le contrecoup de l'inflation, et ses crédits sont simplement reconduits . Néanmoins, sa masse se trouve fortement augmentée du fait du transfert des crédits afférents à Saint-Pierre-et-Miquelon et à Mayotte, auparavant inscrits au budget des territoires d'outre-mer et 
5_cri_1976-1977-ordinaire1_061.txt;176994;budget des territoires d'outre-mer et qui bénéficient d'un effort important. Comme M. Boulloche l'avait justement souligné en commission, cet effort singulier de solidarité est, de toute évidence, néces- saire. Mais il devrait donner lieu, nous semble-t-il, à des dota- tions spécifiques et non pas s'exercer au détriment des départe- ments les plus peuplés. La reconduction de crédits afférents aux Antilles et à 1a Réunion, alors que certains budgets connaîtront un sort moins favorable, signifie q
5_cri_1976-1977-ordinaire1_062.txt;3984;Monsieur le président, mesdames. messieurs, l 'année 197„ a été une ann'e importante pour les départements d'outre-mer. D'abord, parce qu'elle est celle du trentième anniversaire de leur accession au statut départemental qui avait été réclamé à l'époque ,par tous les partis politiques sans aucune exception. Elle est aussi celle de l'accession au statut de département d'outre-mer du territoire de Saint-Pierre et Miquelon . et de la nomination, à Mayotte, d'un préfet chargé de l'administration de 
5_cri_1976-1977-ordinaire1_062.txt;4332;statut de département d'outre-mer du territoire de Saint-Pierre et Miquelon . et de la nomination, à Mayotte, d'un préfet chargé de l'administration de file ainsi que de l 'intervention de divers ministères tech- niques, décisions qui ne préjugent d'ailleurs pas le futur statut de cette île qui vous sera prochainement soumis. Ces derniers mois, les risques d'éruption du volcan de la Soufrière en Guadeloupe ont obligé les pouvoirs publics, sou- cieux d'assurer la sécurité des habitants qui se tro
5_cri_1976-1977-ordinaire1_062.txt;5155;"cidé de permettre à la population de reprendre une vie normale dès le 1""' décembre . Cette décision, qui tient compte des nouvelles données scientifiques, a été rendue pos- sible grâce à l 'aménagement d'une route par laquelle, en cas de nécessité, les habitants des zones dangereuses pourront partir sans aucun risque. Il n 'en reste pas moins que cet événement a profondément perturbé la vie de la Guadeloupe. Nous avons déjà pris certaines dispositions — les dernières datent d'avant-hier — pour p"
5_cri_1976-1977-ordinaire2_024.txt;137265;"1977). 37720. — 4 mai 1977. — M. Alain Vivien demande à M. le ministre de l 'intérieur : 1"" de bien vouloir lui faire connaître le montant des crédits affectés au Bumidom pour les années 1976 et 1977; 2"" les raisons de la réduction des crédits pour l'année 1977 si tou- tefois celle-ci était confirmée. D.O.M. (répartition des émissions télévisées en langues créoles diffusées à la Guadeioupe, à la Martinique et en Guyane). 37721. — 4 mai 1977. — Suite à sa réponse du 31 -mars 1977, M. Alain Vivien"
5_cri_1976-1977-ordinaire2_024.txt;137282;"4 mai 1977. — M. Alain Vivien demande à M. le ministre de l 'intérieur : 1"" de bien vouloir lui faire connaître le montant des crédits affectés au Bumidom pour les années 1976 et 1977; 2"" les raisons de la réduction des crédits pour l'année 1977 si tou- tefois celle-ci était confirmée. D.O.M. (répartition des émissions télévisées en langues créoles diffusées à la Guadeioupe, à la Martinique et en Guyane). 37721. — 4 mai 1977. — Suite à sa réponse du 31 -mars 1977, M. Alain Vivien expose à M. le "
5_cri_1976-1977-ordinaire2_024.txt;137584;tion des émissions télévisées en langues créoles diffusées à la Guadeioupe, à la Martinique et en Guyane). 37721. — 4 mai 1977. — Suite à sa réponse du 31 -mars 1977, M. Alain Vivien expose à M. le Premier ministre qu 'il semble peu vraisemblable que 1 577 heures de programme en créole, 1 504 heures de disques de variété et 1 h 30 mensuelles dans la même langue en télévision aient été émises à la Martinique . En effet, la radio émet 17 heures environ par jour. Si les 1 577 heures énoncées dans l
5_cri_1976-1977-ordinaire2_051.txt;847;M. Xavier Deniau) (p. 3394). M. Xavier Deniau, Mme Missoffe, secrétaire d'Etat auprès du ministre de la santé et de la sécurité sociale. PRÉLÈVEMENT EUROPÉEN SUR LE RIZ, LE MAIS ET LES ALIMENfS DU BÉTAIL (Question de M. Debré) (p. 3396). MM. Debré, Stirn, secrétaire d'Etat auprès du ministre de l'inté- rieur, chargé des départements et territoires d 'outre-mer. IRRIGATION DE LA GRANDE-TERRE, . EN GUADELOUPE (Question de M. 1béné) (p. 3397). MM. Ibéné, Stirn, secrétaire d 'Etat auprès du ministre
5_cri_1976-1977-ordinaire2_051.txt;1054;estion de M. Debré) (p. 3396). MM. Debré, Stirn, secrétaire d'Etat auprès du ministre de l'inté- rieur, chargé des départements et territoires d 'outre-mer. IRRIGATION DE LA GRANDE-TERRE, . EN GUADELOUPE (Question de M. 1béné) (p. 3397). MM. Ibéné, Stirn, secrétaire d 'Etat auprès du ministre de l'inté- rieur, chargé des départements et territoires d'outre-mer. INDUSTRIE DU SUCRE ET DU RHUM DE LA GUADELOUPE (Question de M. Ibéné) (p. 3397). MM. Ibéné, Stirn, secrétaire d 'Etat auprès du ministre
5_cri_1976-1977-ordinaire2_051.txt;1771;3399). MM. Desanlis, Bernard-Reymond, secrétaire . d'Etat auprès du ministre délégué à l 'économie et aux finances, chargé du budget. ALLOCATION DE LOGEMENT DE CERTAINES PERSONNES AGÉES (Question de M. Bertrand Denis) (p. 3400). MM. Bertrand Denis, Barrot, secrétaire d'Etat auprès du ministre de l 'équipement et de l'aménagement du territoire, chargé du logement. TRAFIC BANANIER SUR LA LIGNE DES ANTILLES (Question de M. Guilliod) (p. 3401). MM. C,uilliod, Barrot, secrétaire d'Etat auprès du mini
5_cri_1976-1977-ordinaire2_057.txt;194024;"re attirer à nouveau l'atten- tion de M. le ministre de l'équipement et de l'aménagement du territoire sur le problème de la conteneurisation de la banane. Il vient en effet d'apprendre que le Gouvernement avait donné son accord à la Compagnie générale maritime pour la commande àux chantiers de France à Dunkerque de deux grands navires porte-conteneurs destinés au transport des bananes depuis les Antilles jusqu'en France ; un troisième navire est susceptible d'être commandé très prochainement . "
5_cri_1976-1977-ordinaire2_057.txt;194353;"navires porte-conteneurs destinés au transport des bananes depuis les Antilles jusqu'en France ; un troisième navire est susceptible d'être commandé très prochainement . Cette décision a été prise à la suite d'accords entre les techniciens de la Compagnie géné- rale maritime et ceux de la direction des ports maritimes du ministère de l'équipement sans consultation des exportateurs de bananes aux Antilles et des importateurs en France ainsi que des représentants des ports de la Martinique et de l"
5_cri_1976-1977-ordinaire2_057.txt;194436;"qu'en France ; un troisième navire est susceptible d'être commandé très prochainement . Cette décision a été prise à la suite d'accords entre les techniciens de la Compagnie géné- rale maritime et ceux de la direction des ports maritimes du ministère de l'équipement sans consultation des exportateurs de bananes aux Antilles et des importateurs en France ainsi que des représentants des ports de la Martinique et de la Guade- loupe et de ceux de Dieppe, premier port bananier de France. M. Offroy a "
5_cri_1977-1978-ordinaire1_035.txt;2841;"chaque mois connait sa réforme, mais une règle du jeu maligne interdit d'en cerner le contenu avant la décision finale qui relève, le plus souvent, des plus hautes autorités de l'Etat. Ainsi, depuis que la commission des finances, de l'économie générale et du Plan a procédé à l'exan.en de ce projet de budget, un premier train d'ordonnances, destiné à adapter en partie la législation applicable à Saint-Pierre-et-Miquelon est entré en vigueur ; notre commission n'a pas eu à en connaître, mais elle"
5_cri_1977-1978-ordinaire1_035.txt;9139;ublics, et d'abord dans le domaine démographique. Depuis toujours, la persistance d'une croissance démogra- phique excessive dans nos départements d'outre-mer était une source de préoccupation majeure, dans la mesure où elle rédui- sait à néant l'impact des progrès enregistrés dans le domaine économique. Les données chiffrées qui nous ont été communiquées cette année indiquent de nets progrès aux Antilles, en même temps qu'un ralentissement encore insuffisant, mais qui autorise l'es- poir, à ia 
5_cri_1977-1978-ordinaire1_035.txt;15608;énagements nécessaires pour tenir compte des modalités de recevabilité financière imposées par notre Constitution. Pour sa part, le Gouvernement ne peut rester insensible aux difficultés rencontrées par les producteurs de rhum et, de toute évidence, il doit veiller à rétablir des conditions de concurrence plus satisfaisantes. Pour terminer cet exposé, je dirai quelques mots de l'évolu- tion de la Guyane, de Saint-Pierre-et-Miquelon et de Mayotte. Ces trois collectivités posent, chacune à leur ma
5_cri_1977-1978-ordinaire1_046.txt;289381;onale et nécessite des moyens adaptés à ces missions, même si, comme vous nous l'avez indiqué, monsieur le ministre, celle-ci ne doit pas assumer seule l'ensemble des taches et des responsabilités. La loi d'objectifs du 19 juin 1976 n'a pu tenir compte de la création de la zone des 200 milles décidée par la loi du 16 juil- let 1976 et concrétisée actuellement pour la Manche, l'Atlantique, la zone Guyane, Saint-Pierre-et-Miquelon. Les pays occidentaux qui ont créé une zone économique, comme -les 
5_cri_1977-1978-ordinaire1_046.txt;289389;nécessite des moyens adaptés à ces missions, même si, comme vous nous l'avez indiqué, monsieur le ministre, celle-ci ne doit pas assumer seule l'ensemble des taches et des responsabilités. La loi d'objectifs du 19 juin 1976 n'a pu tenir compte de la création de la zone des 200 milles décidée par la loi du 16 juil- let 1976 et concrétisée actuellement pour la Manche, l'Atlantique, la zone Guyane, Saint-Pierre-et-Miquelon. Les pays occidentaux qui ont créé une zone économique, comme -les Etats-Uni
5_cri_1977-1978-ordinaire1_048.txt;74259;r faveur de la législation sur le chômage. A cet égard, je dois sans doute répondre par avance à une objection qui sera soulevée. Chaque année, des fonds destinés 7366 ASSEMBLEE NATIONALE — SEANCE DU 14 NOVEMBRE 1977 à ouvrir des chantiers de chômage sont mis à la disposition des préfets des départements d'outre-mer : 12 millions de francs, il y a deux ans à la Réunion, 7 millions de francs à la Guadeloupe et autant à la Martinique. En principe, ces fonds doivent permettre d'employer pendant que
5_cri_1977-1978-ordinaire1_048.txt;74285;sur le chômage. A cet égard, je dois sans doute répondre par avance à une objection qui sera soulevée. Chaque année, des fonds destinés 7366 ASSEMBLEE NATIONALE — SEANCE DU 14 NOVEMBRE 1977 à ouvrir des chantiers de chômage sont mis à la disposition des préfets des départements d'outre-mer : 12 millions de francs, il y a deux ans à la Réunion, 7 millions de francs à la Guadeloupe et autant à la Martinique. En principe, ces fonds doivent permettre d'employer pendant quelques mois les chômeurs . E
5_cri_1977-1978-ordinaire1_048.txt;74907;re, les préfets utilisent ces fonds, déjà insuffisants, comme bon leur semble. Dans toutes les communes, il existe des demandeurs d'emploi. — les maires en savent quelque chose — mais toutes les communes ne reç.ivent pas leur part de crédits. Il y en a qui ne reçoivent rien, malgré les demandes réitérées des maires. Ainsi, cette année, les communes d'Abymes, de Petit-Canal, et de Port-Lou's, à la Guadeloupe, pour ne citer que ces trois-là, n'ont rien reçu . En revanche, le préfet a mis 30000 fra
5_qst_5-qst-1974-01-19.txt;338359;d'Algérie Total e 214 ASSEMBLEE NATIONALE 19 Janvier 1974 w qc e' w O O o 2 o DÉPARTEMENTS â s- â TOTAUX V V es V i7 u e u 3, Vendée s 4 161 4 s 24 Vienne s 8 2 7 20 Vienne (Haute-) s 8 35 13 6 62 Vosges s 3 4 2 6 15 Yonne : s 2 3 1 2 8 Territoire de Belfort s s 2 1 s 3 Essonne 3 2 ► s 5 Hauts-de-Seine s s 4 1 5 Seine-Saint-Denis a s 5 » 1 6 Val-de-Marne s 1 3 4 Val-d'Oise 4 1 s 5 Guadeloupe 1 12 9 5 12 . 39 Guyane a 1 3 1 5 Martinique 4 52 27 16 31 130 Réunion » 20 33 14 30 97 Totaux 114 1 .509
5_qst_5-qst-1974-01-19.txt;338388;EMBLEE NATIONALE 19 Janvier 1974 w qc e' w O O o 2 o DÉPARTEMENTS â s- â TOTAUX V V es V i7 u e u 3, Vendée s 4 161 4 s 24 Vienne s 8 2 7 20 Vienne (Haute-) s 8 35 13 6 62 Vosges s 3 4 2 6 15 Yonne : s 2 3 1 2 8 Territoire de Belfort s s 2 1 s 3 Essonne 3 2 ► s 5 Hauts-de-Seine s s 4 1 5 Seine-Saint-Denis a s 5 » 1 6 Val-de-Marne s 1 3 4 Val-d'Oise 4 1 s 5 Guadeloupe 1 12 9 5 12 . 39 Guyane a 1 3 1 5 Martinique 4 52 27 16 31 130 Réunion » 20 33 14 30 97 Totaux 114 1 .509 1 .742 1 .022 727 5 .114
5_qst_5-qst-1974-01-19.txt;338406;9 Janvier 1974 w qc e' w O O o 2 o DÉPARTEMENTS â s- â TOTAUX V V es V i7 u e u 3, Vendée s 4 161 4 s 24 Vienne s 8 2 7 20 Vienne (Haute-) s 8 35 13 6 62 Vosges s 3 4 2 6 15 Yonne : s 2 3 1 2 8 Territoire de Belfort s s 2 1 s 3 Essonne 3 2 ► s 5 Hauts-de-Seine s s 4 1 5 Seine-Saint-Denis a s 5 » 1 6 Val-de-Marne s 1 3 4 Val-d'Oise 4 1 s 5 Guadeloupe 1 12 9 5 12 . 39 Guyane a 1 3 1 5 Martinique 4 52 27 16 31 130 Réunion » 20 33 14 30 97 Totaux 114 1 .509 1 .742 1 .022 727 5 .114 1 D ressort de ce
5_qst_5-qst-1974-04-27.txt;5211;i en France et à l 'étranger considèrent que le génie de Stendhal est universel. Dans ces conditions, il lui demande comment le gouvernement peut prendre en charge l'établissement, l 'organisation et le fonctionne- ment de ce musée, en collaboration avec la ville de Grenoble et le département de l'Isère. Français d 'outre-mer (réintégration dans leur département d'origine de quatre fonctionnaires martiniquais révoqués en 1961). 10795. — 27 avril 1974 . — M. Odru expose à M. le Premier ministre q
5_qst_5-qst-1974-04-27.txt;162431;pêchée, par la règle de l'anonymat de l'introduction en France qu'applique l 'office national d'immigration. Il lui demande s'il n'est pas souhaitable d'envisager un assouplissement de ce principe, d'autant que les emplois proposés à ces travailleurs n 'ont souvent pas pu être pourvus. Industrie chimique (société Nilrochimie : mesures à prendre pour empéher la fermeture de l'usine d 'explosifs de Saint-Martin-de- Crau). 10786. — 27 avril 1974 . — M, Porelli attire l 'attention de M. le ministre 
5_qst_5-qst-1974-04-27.txt;162810;sine d 'explosifs de Saint-Martin-de- Crau). 10786. — 27 avril 1974 . — M, Porelli attire l 'attention de M. le ministre du travail, dé l'emploi et de la population sur le fait que, au moment où la situation à Fos devait, parait-il, tout au moins pour le département des Bouches-du-Rhône, régler le problème de l 'emploi . 225 ouvriers, employés, cadres et leurs familles de la société Nitrochimie à Saint-Martin-de-Crau, se trouvent plongés dans une situation dramatique. A la suite d 'une opération
5_qst_5-qst-1975-07-19.txt;247160;té des C. E. S. de l 'Isère). 19131. — 23 avril 1975. — M . Gau demande à M. le ministre de l'éducation les motifs pour lesquels les associations de parents d'élèves Intéressées n'ont pu, à ce jour, prendre connaissance des rapports établis par les sociétés commises à l'effet d'enquêter sur les problèmes de sécurité que posent les C. E. S. de Grenoble-Olym- pique, La Tour-du-Pin, Meylan, Moirans, Saint-Martin-d'Hères et Vizille et quelles mesures il compte prendre pour que communi- cation leur s
5_qst_5-qst-1975-07-19.txt;376086;"existe une discrimination à l'égard des fonctionnaires originaires des départements d'outre-mer qui se verraient systématiquement refuser leur demande de mutation à destination de leur pays d'origine. Réponse . — La question posée comporte une double réponse ; la première concernant les corps urbains des départements d'outre-mer, la seconde les compagnies républicaines de sécurité installées à la Guadeloupe et à la Réunion . En ce qui concerne les premiers et afin notamment d'offrir sur place le"
5_qst_5-qst-1975-07-19.txt;377312;de candidats qui reçoivent ainsi annuellement satis- faction peut être évalué à environ une dizaine. En ce qui concerne les compagnies républicaine : de sécurité, le pourcentage des gradés et gardiens originaires des départements d'outre-mer servant dans les soixante unités métroplitaines est inférieur à 1 p . 100 alors qu'il dépasse 3 p. 100 dans les deux C . R. S. d 'outre-mer stationnées à la Guadeloupe et à la Réunion . Les fon :ionnaires originaires d 'outre-mer ne subissent donc aucune dis
5_qst_5-qst-1977-07-09.txt;102728;itimes aspirations par la définition du statut rte coll ::boratrice. Il lui demande donc quelles mesures il compte prendre pour que cc problème, très important pour l 'avenir de l'artisanal et du commerce dans notre pays, soit réglé le plus rapidement possible, el ce en concertation et dans le sens souhaité par les intéressés. D. O . M. (implantation d'une entreprise de mélange à sec d'engrais en Martinique). 39463. — 9 juillet 1977. — M. Petit attire l 'attention de M. le ministre de l'industri
5_qst_5-qst-1977-07-09.txt;102915;al et du commerce dans notre pays, soit réglé le plus rapidement possible, el ce en concertation et dans le sens souhaité par les intéressés. D. O . M. (implantation d'une entreprise de mélange à sec d'engrais en Martinique). 39463. — 9 juillet 1977. — M. Petit attire l 'attention de M. le ministre de l'industrie, du commerce et de l'artisanat sur l 'intérêt que présenterait, pour faire entrer la Martinique clans l 'ère de l 'industrialisation et de la départementalisation économique, la créa - 
5_qst_5-qst-1977-07-09.txt;103192;tion de M. le ministre de l'industrie, du commerce et de l'artisanat sur l 'intérêt que présenterait, pour faire entrer la Martinique clans l 'ère de l 'industrialisation et de la départementalisation économique, la créa - tion d 'une entreprise de mélange à sec d 'engrais dans ce dépar- tement d 'outre-mer. Une telle entreprise constitue rait une réali- sation industrielle créatrice d'emplois en Martinique et permett rait de réduire très sensiblement le prix des engrais dans ce dépar- tement d'
6_cri_1978-1979-extraordinaire2_006.txt;56712;le Gouvernement . Ils sont prêts à lutter pour la défense' de leur emploi . (Applaudissements sur les bancs des socialistes .) Mme le président . La parole est à M . Guilliod. M. Raymond Guilliod . Monsieur le ministre, mes chers collègues, le débat qui s'est instauré autour des problèmes de l'emploi ne saurait laisser indifférents les représentants de l'outre-mer. Si mes collègues du R .P.R. des Antilles-Guyane ne sont pas présents, ce n'est pas qu'ils se désintéressent de la question. Le taux 
6_cri_1978-1979-extraordinaire2_006.txt;56721;nement . Ils sont prêts à lutter pour la défense' de leur emploi . (Applaudissements sur les bancs des socialistes .) Mme le président . La parole est à M . Guilliod. M. Raymond Guilliod . Monsieur le ministre, mes chers collègues, le débat qui s'est instauré autour des problèmes de l'emploi ne saurait laisser indifférents les représentants de l'outre-mer. Si mes collègues du R .P.R. des Antilles-Guyane ne sont pas présents, ce n'est pas qu'ils se désintéressent de la question. Le taux de chômag
6_cri_1978-1979-extraordinaire2_006.txt;56827;ialistes .) Mme le président . La parole est à M . Guilliod. M. Raymond Guilliod . Monsieur le ministre, mes chers collègues, le débat qui s'est instauré autour des problèmes de l'emploi ne saurait laisser indifférents les représentants de l'outre-mer. Si mes collègues du R .P.R. des Antilles-Guyane ne sont pas présents, ce n'est pas qu'ils se désintéressent de la question. Le taux de chômage aux Antilles, qui se situe entre 20 p . 100 et 25 p. 100, est suffisamment inquiétant pour retenir l'att
6_cri_1978-1979-ordinaire1_050.txt;15292;ée à ce pro- blème très irritant pour les élus et la population de la Réunion. C'est pour la rechercher que le Premier ministre m'a demandé de me rendre, avec le président d'Air France, la semaine pro- chaine à la Réunion où nous rencontrerons les élus et les repré- sentants des associations. Il existe un précédent puisqu'un très gros effort a été réalisé en ce qui concerne les relations avec les Antilles . Peut-être certaines des solutions retenues pourront-elles être appliquées pour les liaiso
6_cri_1978-1979-ordinaire1_050.txt;38506;r le ministre, je ne reviendrai pas sur les propos que j'ai tenus cet après-midi dans la discussion des crédits. Je rappelle simplement, après les interventions élo- quentes et fermes de MM . Bozzi et Pasquini, que la Réunion, comme in Corse, est une be . Ii n 'est possible d'en partir et d'y revenir que par avion . La question qui se pose est simple, et Jacques Chirac l'a clairement formulée aux Antilles. De deux choses l'une. Ou bien les liaisons avec cette île sont un service publie, c'est-à-
6_cri_1978-1979-ordinaire1_050.txt;188536;mment outre-mer, car il ne faut pas oublier que ce sont les départements et territoires d'outre-mer qui permettent à la France de revendiquer, sur le plan international, une zone économique très importante. Malheureusement, les rares effort, entrepris, le sont en ordre dispersé, et à aucun moment on n'y associe réellement les dépar- tements et territoires d'outre-mer. Prenons un exemple, celui de Saint-Pierre-el-Miquelon. Cet ancien territoire, devenu département en 1976, sera intégré à plus ou 
6_cri_1978-1979-ordinaire1_056.txt;77067;on à mon administration centrale d'y parvenir C'est ainsi également que les crédits de propagande touris- pour la fin de l'année 1979 . tique seront majorés de plus de 27 p. 100. et ,j'ai indiqué que En deuxième lieu, il convient d'associer les efforts de toutes je souhaitais qu'un effort particulier soit fait en faveur de la les parties prenantes à l'action touristique . Bretagne, mais aussi des Antilles. Par sa nature même. l'action touristique associe un grand Au sujet de la Bretagne, j'indiq
6_cri_1978-1979-ordinaire1_056.txt;99160;an . SEANCE DU 15 NOVIPdBIRE 1978 M. Jean-Paul de Rocca Serra, rapporteur spécial . Monsieur le président . monsieur le secrétaire d'Etat chargé des dépertenu'nis et territoires d 'outre-mer, nies chers collègues, en examinant ce malin le budget des déuartemeiLs d 'uutce-nier, nous allons nous intéresser à l'avenir de nos 1 200 000 compatriotes qui vivent. dans les quatre vieux départements de la Guadeloupe, ale la Guyane. de la Martinique et de la Réunion, sans oublier les 6000 Saint-Pierrais e
6_cri_1978-1979-ordinaire1_056.txt;99179;OVIPdBIRE 1978 M. Jean-Paul de Rocca Serra, rapporteur spécial . Monsieur le président . monsieur le secrétaire d'Etat chargé des dépertenu'nis et territoires d 'outre-mer, nies chers collègues, en examinant ce malin le budget des déuartemeiLs d 'uutce-nier, nous allons nous intéresser à l'avenir de nos 1 200 000 compatriotes qui vivent. dans les quatre vieux départements de la Guadeloupe, ale la Guyane. de la Martinique et de la Réunion, sans oublier les 6000 Saint-Pierrais et les }5000 Mahorai
6_cri_1978-1979-ordinaire1_106.txt;50524;ctiop. La proposition de loi sera imprimée sous le numéro 872, distri- buée et renvoyée à la commission d' la production et des échanges, à défaut de constitution d'une commission s péciale dans les délais prévus par les articles 30 et 31 du règlement. J'ai reçu de M. Robert Montdargent et plusieurs de ses collègues une proposition de loi instituant des mesures sociales en faveur des travailleurs antillais, guyanais et réunionnais immigrés en France. La proposition de loi sera imprimée sous le n
6_cri_1978-1979-ordinaire1_106.txt;50535;roposition de loi sera imprimée sous le numéro 872, distri- buée et renvoyée à la commission d' la production et des échanges, à défaut de constitution d'une commission s péciale dans les délais prévus par les articles 30 et 31 du règlement. J'ai reçu de M. Robert Montdargent et plusieurs de ses collègues une proposition de loi instituant des mesures sociales en faveur des travailleurs antillais, guyanais et réunionnais immigrés en France. La proposition de loi sera imprimée sous le numéro 873, 
6_cri_1978-1979-ordinaire2_017.txt;177600;que cette zone industrielle est très peu utilisée jusqu'alors. Compte-t-il dans ces conditions rappeler à la D. A. T. A. R. et à ses respon- sables que la région .Rhône-Alpes, qui connaît comme les autres régions françaises des difficultés, ne peut à travers ses responsables que s'étonner de telles orientations contradictoires d'aménagement du territoire. Départements d'o)itre-nier tGuadelonpe et Martinique : protection des consommateuurs). 15466. — 26 avril 1979. — M. Vincent Ansquer rappelle à
6_cri_1978-1979-ordinaire2_017.txt;178015;"otection des consommateuurs). 15466. — 26 avril 1979. — M. Vincent Ansquer rappelle à M. I. ministre de la justice que la loi n"" 72.1137 du 22 décembre 1972 soumet le démarchage et la vente à domicile à des règles qui assurent efficacement la protection des consommateurs . li apparslt toutefois surprenant que cette loi ne soit pas appliquée dans les départements d'outre-mer. C'est ainsi que, à la Martinique et à la Guadeloupe, le démarchage à domicile se pratique sans aucun contrôle avec les ven"
6_cri_1978-1979-ordinaire2_017.txt;178034;"mateuurs). 15466. — 26 avril 1979. — M. Vincent Ansquer rappelle à M. I. ministre de la justice que la loi n"" 72.1137 du 22 décembre 1972 soumet le démarchage et la vente à domicile à des règles qui assurent efficacement la protection des consommateurs . li apparslt toutefois surprenant que cette loi ne soit pas appliquée dans les départements d'outre-mer. C'est ainsi que, à la Martinique et à la Guadeloupe, le démarchage à domicile se pratique sans aucun contrôle avec les ventes à moitié forcée"
6_cri_1979-1980-ordinaire1_032.txt;25241;vous signale que vous avez dépassé votre temps de parole, M. Irénée Bourgois. L'exemple du p ort de Dieppe est signi- ficatif de cette politique d'abandon et illustre les mécanismes du déclin qui frappe tous les ports secondaires . Prenons l'exemple de Dieppe, un port dont la vitalité procédait de trois activités de base : la pêche, la ligne trans-Manche et surtout le trafic des bananes avec les Antilles françaises et des agrumes avec le Maroc. Or la C .G.M., qui relève du Gouvernement, a décidé
6_cri_1979-1980-ordinaire1_032.txt;25410;es mécanismes du déclin qui frappe tous les ports secondaires . Prenons l'exemple de Dieppe, un port dont la vitalité procédait de trois activités de base : la pêche, la ligne trans-Manche et surtout le trafic des bananes avec les Antilles françaises et des agrumes avec le Maroc. Or la C .G.M., qui relève du Gouvernement, a décidé de modifier les moyens de transport de ja production bananière des Antilles. Ce faisant, elle ne s'est nullement préoccupée des conséquences sociales drama- tiques qui
6_cri_1979-1980-ordinaire1_032.txt;240109;"francs; 44,4 millions de francs étaient prévus, dont 25,4 millions de francs pour 1980. Il me paraît impossible d 'imaginer la pour- suite des travaux tels qu'ils étaient prévus. D'autres opérations pourront être lancées, je pense en parti- culier au quai à conteneurs de Montoir. Outre-nier, les principaux crédits sont (prévus pour l'appronfon- dissenient des accès du port du Degrad de Cannes, en Guyane, et l'achèvement du quai à conteneurs de Pointe-à-Pitre. L'avenir de nos ports qui se trouven"
6_cri_1979-1980-ordinaire1_044.txt;137606;nos compatriotes répartis dans six collectivités très différentes, mais qui subissent toutes, outre les difficultés liées à l'éloignement de la métropole, un retard économique qui demeure considérable. Cet examen budgétaire se déroule cette année dans une atmosphère maussade et dans une conjoncture difficile. Mais il revêt une importance toute particulière l 'année où deux de ces départements, la Guadeloupe et la Martinique, ont été rava- gés par deux cyclones d'une violence rare et qui ont caus
6_cri_1979-1980-ordinaire1_044.txt;137623;répartis dans six collectivités très différentes, mais qui subissent toutes, outre les difficultés liées à l'éloignement de la métropole, un retard économique qui demeure considérable. Cet examen budgétaire se déroule cette année dans une atmosphère maussade et dans une conjoncture difficile. Mais il revêt une importance toute particulière l 'année où deux de ces départements, la Guadeloupe et la Martinique, ont été rava- gés par deux cyclones d'une violence rare et qui ont causé des dégâts d'un
6_cri_1979-1980-ordinaire1_044.txt;138587;repris pour reconstituer rapidement le potentiel de production de ces* départements. Vous avez annoncé, depuis votre arrivée à ce poste, un grand nombre de mesures qui doivent être prises pour accélérer le développement des départements d'outre-mer et de la collectivité territoriale de Mayotte. Nous ne pouvons que souscrire à l'annonce des quatorze points d'appui du développement écono- mique des Antilles ou à celle de l'élaboration du plan culturel de la France créole. Mais, aujourd'hui, nous s
6_cri_1979-1980-ordinaire1_045.txt;23220;x de chômage — 10,2 p . 100 à Dieppe, 7,2 p. 100 au Iréport — est bien supérieur au taux national, voit se préciser encore d'inquiétantes dégradations. Pour le personnel des deux entreprises du téléphone à Eu et à Saint-Nicolas du groupe Thomson-Ericson, pour 3 000 emplois encore sur le post de Dieppe, que le Gouvernement et la C . G. M. privent, sans concertation, de son trafic bananier avec les Antilles, pour 350 marins de la ligne Dieppe—Newhaven, dont la S.N.C.F. cherche à se désengager, le 
6_cri_1979-1980-ordinaire1_045.txt;66450;s. Je vous ferai grâce, néanmoins, monsieur le secrétaire d'Etat, des descriptions apocalyptiques. Je ne m'arrêterai donc pas aux manifestations, cortèges, protestations dont nos départements d'outre-mer viennent d'être le théâtre. Je ne me ferai pas non plus l'écho des graves préoccupations — pourtant légitimes — qui se font jour devant certaines reven- dications qui s'expriment, par exemple, en Guyane, des diffi- cultés rencontrées à Saint-Pierre-et-Miquelon, des incertitudes qui subsistent à 
6_cri_1979-1980-ordinaire1_045.txt;66490;eur le secrétaire d'Etat, des descriptions apocalyptiques. Je ne m'arrêterai donc pas aux manifestations, cortèges, protestations dont nos départements d'outre-mer viennent d'être le théâtre. Je ne me ferai pas non plus l'écho des graves préoccupations — pourtant légitimes — qui se font jour devant certaines reven- dications qui s'expriment, par exemple, en Guyane, des diffi- cultés rencontrées à Saint-Pierre-et-Miquelon, des incertitudes qui subsistent à Mayotte, des nuages peut-être annonciate
6_cri_1979-1980-ordinaire1_113.txt;22637;s limité par le temps, et je me bornerai à reprendre certains chiffres prouvant que l'effort de l'Etat est soutenu et réel. Pour 1980, par exemple, les dépenses en capital du seul secrétariat d'Etat — c'est peu de chose puisqu'il s'agit essen- tiellement du F. I. D. O. M. — augmenteront de près de 50 p. 100, grâce notamment aux décisions du Premier ministre concernant le lancement du plan pour la Guyane . Voilà qui est tout à fait significatif. Les crédits du F. I. D. O. M. passeront de 205 mil-
6_cri_1979-1980-ordinaire1_113.txt;24571;"tenus à cet égard : plus de 400 millions de francs ont été consacrés à des investissements en ' 1976, 1977 et 1978 ; cela correspond à 120 projets agréés représentant 2 500 emplois. SEAN.6E DU 14 DECEMBRE 1979 Nous ne tenons pas compte, dans ce calcul des investisse- ments dans le seclepr hôtelier, qui a connu de très importantes réalisations au cours des cinq dernières années, en particulier aux Antilles, où la capacité hôtelière a doublé. Ainsi la Guadeloupe, qui disposait, en 1973, de 1 650 c"
6_cri_1979-1980-ordinaire1_113.txt;24625;"été consacrés à des investissements en ' 1976, 1977 et 1978 ; cela correspond à 120 projets agréés représentant 2 500 emplois. SEAN.6E DU 14 DECEMBRE 1979 Nous ne tenons pas compte, dans ce calcul des investisse- ments dans le seclepr hôtelier, qui a connu de très importantes réalisations au cours des cinq dernières années, en particulier aux Antilles, où la capacité hôtelière a doublé. Ainsi la Guadeloupe, qui disposait, en 1973, de 1 650 chambres, en compte 3 450 en 1978. On le constate : les "
6_cri_1979-1980-ordinaire1_118.txt;232046;"emps en métropole et dans les départements d'outre-mer, puisque la consultation (les conseils généraux n'est pas nécessaire dans ce cas. C'est d'ailleurs la formule qui a été préconisée dans le rap- port n"" 1178 de la commission des lois sur les conditions d'appli- cation des lois dans les départements d'outre-mer, à la suite d'une mission effectuée au mois de terrier 1979 dans les dépar- tements antillais. M. le président. La parole est à M. Cellard, pour soutenir le sous-amendement n"" 742 rect"
6_cri_1979-1980-ordinaire2_064.txt;6955;t programme commun reléguait, les départements français d'outre- mer au chapitre consacré aux affaires étrangères . Ce n'était pas le choix des autochtones. Cela n'a pas été non plus le choix de la métropole. Comme nous le savons, les Français ont préféré le bon sens. Tant pis pour le parti communiste et tant pis pour M . Gremetz, s'il persiste à dire, comme le 15 juin 1977 : « Quand je suis à la Martinique, je ne suis pas en France s, car c'est montrer un profond mépris de la majorité populaire
6_cri_1979-1980-ordinaire2_064.txt;39321;yxie économique de ces pays . Mais c'est moins d 'un excès de « tertiaire e que souffrent les départements d'outre-mer que d'un défaut de production et du démantèlement en cours des bases productives agricoles, provoqué par le redéploiement du grand capital à l'échelle internationale. Actuellement, on assiste à une chute chaque année plus catas- trophique de la production sucrière aussi bien à la Guadeloupe qu'à la Martinique ou à la Réunion. A la Martinique, la banane est la première activité d
6_cri_1979-1980-ordinaire2_064.txt;39340;ces pays . Mais c'est moins d 'un excès de « tertiaire e que souffrent les départements d'outre-mer que d'un défaut de production et du démantèlement en cours des bases productives agricoles, provoqué par le redéploiement du grand capital à l'échelle internationale. Actuellement, on assiste à une chute chaque année plus catas- trophique de la production sucrière aussi bien à la Guadeloupe qu'à la Martinique ou à la Réunion. A la Martinique, la banane est la première activité de Pile. Sur les 10 
6_cri_1979-1980-ordinaire2_067.txt;2748;"veut que la thèse indépendantiste soit assortie de générosité. Or j'ai été frappé de constater, au contraire, la violence et les contradictions de ces thèmes. Au travers d'aspi- rations légitimes — plus de dignité, respect de l'identité, des responsabilités accrues — les arrières-pensées ne sont pas absentes. Tantôt, c'est l'appel à la révolution armée : constitution d'un front de libération des Antilles-Guyane ; tantôt, c 'est l'annonce que les métropolitains ou Antillais compromis avec la métr"
6_cri_1979-1980-ordinaire2_067.txt;2757;"la thèse indépendantiste soit assortie de générosité. Or j'ai été frappé de constater, au contraire, la violence et les contradictions de ces thèmes. Au travers d'aspi- rations légitimes — plus de dignité, respect de l'identité, des responsabilités accrues — les arrières-pensées ne sont pas absentes. Tantôt, c'est l'appel à la révolution armée : constitution d'un front de libération des Antilles-Guyane ; tantôt, c 'est l'annonce que les métropolitains ou Antillais compromis avec la métropole doi"
6_cri_1979-1980-ordinaire2_067.txt;2817;"ai été frappé de constater, au contraire, la violence et les contradictions de ces thèmes. Au travers d'aspi- rations légitimes — plus de dignité, respect de l'identité, des responsabilités accrues — les arrières-pensées ne sont pas absentes. Tantôt, c'est l'appel à la révolution armée : constitution d'un front de libération des Antilles-Guyane ; tantôt, c 'est l'annonce que les métropolitains ou Antillais compromis avec la métropole doivent quitter rapidement le département sous peine de représ"
6_qst_6-qst-1979-02-24.txt;56820;-vingt-sept de ses ouvriers en mars 19','t, vient de décider de supprimer trente-sept emplois dont an service en totalité. Le prétexte invoqué serait que les licencieme ris effectués en mars auraient coûté cher et déséquilibra: en conséquence le bilan finan- cier. Ce prétexte scandaleux est une injure faite aux travailleurs privés de leur emploi . L'entreprise Letang-Rés, y, qui s'est installée à Saint-Pierre-de-Varengéville (Seine-Maritime ', poursuit en réalité la liquidation de ses établissem
6_qst_6-qst-1979-02-24.txt;258289;e communale semble battue en brèche par ceux-là même qui la préconisent? Radiodiffusion et télévision (Antenne 2, FR 3 et TF 1). 12819. — 24 février 1979. — M. Gilbert Gantier demande à M. le ministre de la culture et de la communication les raisons pour lesquelles Ies trois chaines de télévision ont pu envoyer près de soixante journalistes et techniciens pour couvrir la rencontre au sommet de la Guadeloupe. Fonctionnaires et agents publics (travail à temps partiel). 12820. — 24 février 1979. — 
6_qst_6-qst-1979-08-11.txt;179056;uy-de-Dôme qui, dans des conditions analogues, sont classées en zone de montagne (ex . Puy-Guillaume). Etendre la zone de piedmont à une trentaine de communes (Bellenaves, Vah- gnat, Veauce, Sussat, Vicq, Ebreuil, Bègues, Saint-Priest-d'Andelot, Gannat [en partie], Saint-Yorre, Abrest, Bost, Creuzier-le-Neuf, Creuzier-le-Vieux, Sorbier, Varennes-sur-Tèche, Sazeret, Montvicq, Quinssaines, Lamaids, Saint-Martinien, Target, Voussac, Deux-Chaises, Le Montet, Saint-Sornin, Rocles, Tronget, Cressanges
6_qst_6-qst-1979-08-11.txt;181948;"arrêté du 28 avril 1977 ; de plus, certaines contraintes réglemen- taires et financières qui permettaient d 'assurer l 'éligibilité auprès du F. E. O. G. A. des sommes dépensées à ce titre, ont été imposées à chacun des départements concernés . Les propositions du préfet de l'Allier, qui étaient les seules à respecter ces règles ont, en conséquence, reçu mon approbation. Départements d'outre-mer (Martinique : ananas). 15731. — 4 mai 1979 . — M. Camille Petit appelle l 'attention de M. le ministr"
6_qst_6-qst-1979-08-11.txt;182109;sommes dépensées à ce titre, ont été imposées à chacun des départements concernés . Les propositions du préfet de l'Allier, qui étaient les seules à respecter ces règles ont, en conséquence, reçu mon approbation. Départements d'outre-mer (Martinique : ananas). 15731. — 4 mai 1979 . — M. Camille Petit appelle l 'attention de M. le ministre de l 'agriculture sur la grave situation de l'ananas de la Martinique. Cette production française de fruits en conserve est actuellement menacée de disparaître
6_qst_6-qst-1980-02-18.txt;198718;"Rennes et de Landrevarzec, sous réserve de leur acceptation. Il lui demande . d'intervenir afin que ces licenciements n'aient pas lieu, la commune de Champagne comptant déjà plus d'une centaine de chômeurs ; de ' prendre des mesures pour que la direction de la société rennaise étudie un projet de diversification de la pro- duction de l'agence de Champagne. Départements et territoires d'outre-mer (Antilles : fruits et légumes). 26087. — 18 février 1980 . — M . Jacques Brunhes attire l 'attention "
6_qst_6-qst-1980-02-18.txt;199153;7. — 18 février 1980 . — M . Jacques Brunhes attire l 'attention de M. le secrétaire d'Etat aux départements er territoires d'outre-mer sur les véritables scandales de détournements de fonds publics dans la mise en oeuvre des mesures du conseil des ministres du 19 septembre 1979 portant sar l'indemni- sation des victimes du cyclone David et sur la situation drama- tique des ouvriers agricoles des Antilles et, en particulier, ceux de la culture de la banane après le cyclone . L'indemnisation des 
6_qst_6-qst-1980-02-18.txt;201763;"le d 'activité ; 4° les mesures nécessaires pour que les admettre dans les écoles maternelles les enfants de m lins de fonds publics ne soient pas détournés vers des spéculations privées. Il confirme l'inquiétude qu'il a déjà exprimée et que confirme la situation actuelle, selon laquelle le Gouvernement exploite la situation d'après cyclone pour accroître la dépendance de la Guade- loupe et de la Martinique et mettre en place une diversification au profit des seuls spéculateurs locaux ou du gran"
6_qst_6-qst-1980-08-25.txt;255720;utilisés pour tracter une semi-remorque trois essieux et les entreprises sont condamnées à payer une amende. Il lui demande de bien vouloir faire procéder à une étude de la situation qu 'il vient de lui exposer afin qu'une décision équitable soit prise en ce qui concerne ce problème. Communes (personnel). 34973. — 25 août 1980. — M. Henri de Gastines demande à M . le ministre de l'intérieur si un Guadeloupéen, agent municipal titu- laire en métropole, né en ce département d 'outre-mer en 1939, a
6_qst_6-qst-1980-08-25.txt;255914;t de lui exposer afin qu'une décision équitable soit prise en ce qui concerne ce problème. Communes (personnel). 34973. — 25 août 1980. — M. Henri de Gastines demande à M . le ministre de l'intérieur si un Guadeloupéen, agent municipal titu- laire en métropole, né en ce département d 'outre-mer en 1939, ayant quitté Pile à dix-sept ans pour faire des études en France, ayant conservé sa famille eu Guadeloupe où il n'est jamais retourné, peut bénéficier des dispositions prévues rar la loi n° 72-65
6_qst_6-qst-1980-08-25.txt;256125;loupéen, agent municipal titu- laire en métropole, né en ce département d 'outre-mer en 1939, ayant quitté Pile à dix-sept ans pour faire des études en France, ayant conservé sa famille eu Guadeloupe où il n'est jamais retourné, peut bénéficier des dispositions prévues rar la loi n° 72-658 du 13 juillet 1972 et le décret n° 78-399 du 20 mars 1978 pour lui permettre de visiter sa famille restée en Guadeloupe . - Lait et produits laitiers (commerce). 34974 — 25 août 1980 . — M. Jean-François Mance
6_qst_6-qst-1980-09-08.txt;58805;es demandes de la commune en ce qui concerne notamment les équipements de plein air, de voile et d 'accueil et que les crédits nécessaires à sa réalisation soient d'ores et déjà programmés, le Sivom de Seltz-Munchhausen se dé- clarant prêt à assurer la maîtrise d'ouvrage des aménagements. 3800 ASSEM<iBLEE NATIONALE — QUESTIONS ET REPONSES 8 Septembre 1980 Départements et territoires d'outre-mer (Guadeloupe : électricité et gai:). 35198. — 8 septembre 1980. — M. Raymond Guilliod expose à M . le P
6_qst_6-qst-1980-09-08.txt;58951;alisation soient d'ores et déjà programmés, le Sivom de Seltz-Munchhausen se dé- clarant prêt à assurer la maîtrise d'ouvrage des aménagements. 3800 ASSEM<iBLEE NATIONALE — QUESTIONS ET REPONSES 8 Septembre 1980 Départements et territoires d'outre-mer (Guadeloupe : électricité et gai:). 35198. — 8 septembre 1980. — M. Raymond Guilliod expose à M . le Premier ministre que depuis plusieurs mois la Guadeloupe connaît des difficultés d'alimentation en énergie électrique qui paralysent toute l'économ
6_qst_6-qst-1980-09-08.txt;59806;ifficultés et ne peu- vent plus exercer leur profession : dentistes, médecins, services de radiologie, informatique, etc . Les hôtels ne peuvent plus fonc- tionner normalement, compte tenu de ce qu'ils n'ont plus les moyens de conservation de leurs stocks de denrées alimentaires et que le plus souvent ils sont plongés le soir dans l 'obscurité. Devant cette situation que n 'avait jamais connue la Guadeloupe dans le passé, des milliers de groupes électrogènes ont été vendus afin de pallier la car
6_qst_6-qst-1980-12-01.txt;215591;"ite, dans un certain nombre de cas, des séjours en maison de repos, le placement des enfants et constitue donc de réelles économies pour l'Etat. Il demande s 'il ne serait pas opportun de créer une prestation de service de l 'Etat qui correspondrait à 35 p . 100 du coût horaire de l'intervention afin de réformer en profondeur le financement de ces aides . Départements et territoires d'outre-nier (Antilles-Guyane : enseignement supérieur et postbaccalauréat). 38991. — 1"" décembre 1980. — M. Raymo"
6_qst_6-qst-1980-12-01.txt;215600;"un certain nombre de cas, des séjours en maison de repos, le placement des enfants et constitue donc de réelles économies pour l'Etat. Il demande s 'il ne serait pas opportun de créer une prestation de service de l 'Etat qui correspondrait à 35 p . 100 du coût horaire de l'intervention afin de réformer en profondeur le financement de ces aides . Départements et territoires d'outre-nier (Antilles-Guyane : enseignement supérieur et postbaccalauréat). 38991. — 1"" décembre 1980. — M. Raymond Guillio"
6_qst_6-qst-1980-12-01.txt;215822;"qui correspondrait à 35 p . 100 du coût horaire de l'intervention afin de réformer en profondeur le financement de ces aides . Départements et territoires d'outre-nier (Antilles-Guyane : enseignement supérieur et postbaccalauréat). 38991. — 1"" décembre 1980. — M. Raymond Guilliod signale à Mme le ministre des universités que selon la rumeur il apparait que le président du centre universitaire des Antilles et de la Guyane, qui n'est que maître assistant, n 'aurait pas reçu la dérogation lui perme"
6_qst_6-qst-1981-05-11.txt;1733;"). 46256. — 11 mai 1981 . — M. Bernard Marie s'étonne auprès de M. le ministre de la santé et de la sécurité sociale de n'avoir pas obtenu de réponse à sa question écrite n "" 39645 publiée au Journal officiel, question n° 50, du 15 décembre 1980 relative au rembour- sement de certains petits appareillages médicaux . Il lui en renou- velle donc les termes. Départements et territoires d 'outre-mer (Martinique : personnes âgées). 46257. — 11 mai 1981 . — M. Camille Petit appelle l 'attention de M. "
6_qst_6-qst-1981-05-11.txt;2001;"ement de certains petits appareillages médicaux . Il lui en renou- velle donc les termes. Départements et territoires d 'outre-mer (Martinique : personnes âgées). 46257. — 11 mai 1981 . — M. Camille Petit appelle l 'attention de M. le ministre de la santé et de la sécurité sociale sur la nécessité de la création de logements-foyers dans les départements d 'outre- mer et plus particulièrement à la Martinique . La loi n "" 57-908 du 7 août 1957 et les décrets n"""" 54-1128 et 62 .444 des 15 novem- br"
6_qst_6-qst-1981-05-11.txt;2410;"e . La loi n "" 57-908 du 7 août 1957 et les décrets n"""" 54-1128 et 62 .444 des 15 novem- bre et 14 avril 1962 qui prévoient la création et les moda- lités de financement de ces établissements dans la métropole, n'ont pas encore été étendus dans les départements d'outre-mer . Il lui demande de bien vouloir hâter l'extension de cette mesure aux départements d 'outre-mer, d'autant que l 'association martiniquaise d'aide mutuelle aux personnes seules et âgées vient de mettre en chantier la construct"
6_tnominative_1978-1981_tnominative_EL.txt;31429;"n° 13 : suppression de l'article 6 ; adopté ; exonération de l'impôt sur les opéra- tions de bourse en faveur des bourses régio- nales entraînant une inégalité devant l'impôt ; part modeste du marché financier dans le fi- nancement des investissements en France. Ar- ticle 7 (p. 11139) : soutient son amendement n° 14 : faisant dépendre la dévolution des biens de l'Etat aux collectivités locales de Saint-Pierre et Miquelon de l'avis conforme du conseil général ; rejeté. Après l'Article 7 (p. 11140"
6_tnominative_1978-1981_tnominative_EL.txt;77852;nté et sécurité sociale - Sécurité sociale - (fascicule budgé- taire : travail et santé) (n° 1292) [2 octobre 1979] . — Proposition de loi portant réforme du régime des droits de succession (n° 1421) [22 novembre 1979] . — Proposition de résolution tendant à créer une commission d'enquête sur les conséquences de tous ordres qu'entraînerait une conte- neurisation du transport des bananes entre les Antilles françaises et la France métropo- litaine (n° 1512) [19 décembre 1979] . — Proposition de lo
7_cri_1981-1982-extraordinaire4_014.txt;3402;"pour absence de service fait par les per- sonnels de l'Etat, des collectivités locales et les services publics ; Eventuellement, lecture définitive du projet de loi relatif à l'orga- nisation des marchés agricoles ; Eventuellement, suite de la discussion du projet de loi portant adaptation de la loi du 2 mars 1982 relative aux droits et libertés des communes, des départements et des régions à la Guadeloupe, 'à la Guyane, à la Martinique et à la Réunion ; Discussion, en nouvelle lecture, du proje"
7_cri_1981-1982-extraordinaire4_014.txt;3420;"ervice fait par les per- sonnels de l'Etat, des collectivités locales et les services publics ; Eventuellement, lecture définitive du projet de loi relatif à l'orga- nisation des marchés agricoles ; Eventuellement, suite de la discussion du projet de loi portant adaptation de la loi du 2 mars 1982 relative aux droits et libertés des communes, des départements et des régions à la Guadeloupe, 'à la Guyane, à la Martinique et à la Réunion ; Discussion, en nouvelle lecture, du projet de loi relatif "
7_cri_1981-1982-extraordinaire4_014.txt;3433;"ar les per- sonnels de l'Etat, des collectivités locales et les services publics ; Eventuellement, lecture définitive du projet de loi relatif à l'orga- nisation des marchés agricoles ; Eventuellement, suite de la discussion du projet de loi portant adaptation de la loi du 2 mars 1982 relative aux droits et libertés des communes, des départements et des régions à la Guadeloupe, 'à la Guyane, à la Martinique et à la Réunion ; Discussion, en nouvelle lecture, du projet de loi relatif au .dévelop p"
7_cri_1981-1982-ordinaire1_070.txt;5350;sme d'affirmer clairement que la Nouvelle-Calédonie est la France. L'affirmation d'une France présente et forte ne préjugerait en rien l'évolution du statut à venir, ni le progrès social, mais elle assurerait une évolution dans la paix et dans l'unité nationale. Je dirai un mot du problème des départements d'outre-mer. Ces départements sont très différents. Il y a autant de diffé- rences entre la Martinique et la Guadeloupe qu'entre le dépar- tement de Seine-et-Marne et celui des Vosges ou celui
7_cri_1981-1982-ordinaire1_070.txt;5367;airement que la Nouvelle-Calédonie est la France. L'affirmation d'une France présente et forte ne préjugerait en rien l'évolution du statut à venir, ni le progrès social, mais elle assurerait une évolution dans la paix et dans l'unité nationale. Je dirai un mot du problème des départements d'outre-mer. Ces départements sont très différents. Il y a autant de diffé- rences entre la Martinique et la Guadeloupe qu'entre le dépar- tement de Seine-et-Marne et celui des Vosges ou celui de l'Allier. Cha
7_cri_1981-1982-ordinaire1_070.txt;5514;, ni le progrès social, mais elle assurerait une évolution dans la paix et dans l'unité nationale. Je dirai un mot du problème des départements d'outre-mer. Ces départements sont très différents. Il y a autant de diffé- rences entre la Martinique et la Guadeloupe qu'entre le dépar- tement de Seine-et-Marne et celui des Vosges ou celui de l'Allier. Chaque département a sa spécificité. Vous avez la Guadeloupe qui est une véritable région, avec ses îles, et Grande-Terre et Basse-Terre qui sont des 
7_cri_1981-1982-ordinaire2_103.txt;34955;pour se donner bonne conscience . Dans ces conditions, il est normal que, dans les VI° et VII° Plans, l'on ait imposé aux peuples d'outre-mer des plans de liquidation de l'industrie sucrière et de liquidation du secteur productif en général, que l'on ait appliqué des plans d'expatriation de la jeunesse . Au lieu de rapprocher le capital de la main- d'oeuvre, c'est-à-dire de développer l'économie antillaise, l'on a préféré rapprocher la main-d'teuvre du capital, en favorisant l'expatriation par l
7_cri_1982-1983-ordinaire1_057.txt;24702;le projet de loi de finances pour 1983 comporte l'achève- ment de la mensualisation de l'ensemble des retraités de la fonction publique. Le coût d'une telle mesure est aujourd'hui estimé à 3 338 millions de francs. Compte tenu des contraintes financières actuelles, la poursuite de la mensualisation en 1983 concernera seulement les retraités des départements couverts par les centres d'Ajaccio, de Saint-Pierre-et-Miquelon, et de la Réunion. Le coût de cette extension de la mensualisation peut être
7_cri_1982-1983-ordinaire1_057.txt;122511;en crédits de paiement ont été amputées de 25 p. 100, comme l'a souligné M. Pourchon. C'est montrer que les fonds destinés précisément à assurer le rattrapage en faveur de l'outre-mer, les moyens d'intervention spécifiques que sent le F .I .D .O .M. et le F.I .D .E .S . ont été impitoyablement sacrifiés sur l'autel de la nouvelle rigueur. Un seul exemple : le programme portuaire et routier de la Guyane, indispensable à la mise en valeur des immenses res- sources forestières et minières de ce dép
7_cri_1982-1983-ordinaire1_057.txt;125201;avis sur la part réservée aux dépar- tements d outre-mer dans le projet de loi de finances pour 1983 et sur les utilisations prévues de ce budget, a successivement évoqué la question du statut, les crédits budgétaires, les réformes intervenues dans ce domaine social, la situation de l'emploi, du chômage et de la migration qui sont intimement liés et les questions en suspens concernant Mayotte et Saint-Pierre-et- Miquelon . - Mes chers collègues, vous avez déjà entendu ou lu les excellents rappor
7_cri_1983-1984-ordinaire1_076.txt;11559;dollar renchérit le cotit de l'affrètement de nos navires polaires et du carburant nécessaire à leurs campagnes. Puisque je fais allusion aux conséquences du cours trop élevé du dollar, vous me permettrez sans doute, monsieur le secrétaire d'Etat, d évoquer — même s'ils ne trouvent pas leur place dites cette partie de mon exposé qui a trait aux territoires d'outre- mer — les événements récents de Saint-Pierre-et-Miquelon, et particulièremert les troubles suscités par certains fonctionnaires loca
7_cri_1983-1984-ordinaire1_076.txt;15568;d'Etat, mes chers collègues, la diversité des questions intéressant l'outre-mer français, et en l'occurrence les départements d'outre-mer, conduit à opérer un choix difficile au moment de la discussion de leur budget en séance publique. Comme en témoigne mon rapport écrit, la commission des lois c'est intéressée plus particulièrement cette année à la décentra- lisation dans les départements de la Guadeloupe, de la Guyane, de la Martinique et de la Réunion, ainsi qu'aux problèmes posés par l'immi
7_cri_1983-1984-ordinaire1_076.txt;15586;collègues, la diversité des questions intéressant l'outre-mer français, et en l'occurrence les départements d'outre-mer, conduit à opérer un choix difficile au moment de la discussion de leur budget en séance publique. Comme en témoigne mon rapport écrit, la commission des lois c'est intéressée plus particulièrement cette année à la décentra- lisation dans les départements de la Guadeloupe, de la Guyane, de la Martinique et de la Réunion, ainsi qu'aux problèmes posés par l'immigration en Guyane,
7_cri_1984-1985-ordinaire1_039.txt;2167;ires d'outre-mer. La parole est à M. M owtoussamy. M. Ernest Moutoussamy. Mes chers collègues, en juillet 1981, lors de ma première intervention dans cet hémicycle, je compa- rais les effets de la politique économique de l'ancien régime dans les départements d'outre-mer aux ravages d'un cyclone tropical ayant sévi pendant vingt-trois ans sur ces terres loin- taines. Mes références étaient pour la Guadeloupe : fermeture de quinze usines sucrières, augmentation cunaidérable du taux de chômage, déc
7_cri_1984-1985-ordinaire1_039.txt;5485;erritoires d'exportation, continuent de subir une double procédure douanière, avec des charges est et internes. II en résulte pour le consommateur local une ,calité en cascade et la minoration des taux de T.V.A. ne coange rien pour le prix de vente . Ainsi, pour un rétroviseur acheté 82.19 francs en France, le consommateur métropolitain paie 15,28 francs de T. V. A ., tandis que le consom- mateur guadeloupéen paie le même rétroviseur 408,38 francs, soit près de cinq fois plus, dont 22,71 francs 
7_cri_1984-1985-ordinaire1_039.txt;5652;cascade et la minoration des taux de T.V.A. ne coange rien pour le prix de vente . Ainsi, pour un rétroviseur acheté 82.19 francs en France, le consommateur métropolitain paie 15,28 francs de T. V. A ., tandis que le consom- mateur guadeloupéen paie le même rétroviseur 408,38 francs, soit près de cinq fois plus, dont 22,71 francs de T.V.A. C'est tout simplement scandaleux! Ainsi encore, la maman guadeloupéenne dépense deux à quatre fois plus d'argent pour parfumer son bébé et scolariser son enfa
7_cri_1984-1985-ordinaire1_080.txt;460;2-6765 Samedi 24 Novembre 1984 rk JOURNAL OFFICIEL DE LA RÉPUBLIQUE FRANÇAISE DÉBATS PARLEMENTAIRES ASSEMBLÉE NATIONALE —nt CONSTITUTION DU 4 OCTOBRE 1958 7' Législature PREMIERE SESSION ORDINAIRE DE 1984-198* (80 0 SEANCE) COMPTE RENDU INTEGRAL Séance du Vendredi 23 Novembre 1984. SOMMAIRE PRÉSIDENCE DE M . RAYMOND DOUYÉRE 1 . — Questions orales sans débet (p. 6318). FINANCEMENT DU LOGEMENT EN GUADELOUPE (Question de M. Esdras) (p. 6318). MM. Esdras, Lemoine, secrétaire d'Etat auprès du ministr
7_cri_1984-1985-ordinaire1_080.txt;3226;-- Représentation de l'Assemblée nationale dans des organismes extraparlementaires bp . 6331!. 3. — Ordre du jour p . 6331s PRESIDENCE DE M . RAYMOND DOUYERE, vice-président. La :rance est ouverte à neuf heures trente. M. le président . La séance est ouverte. — 1 -- QUESTIONS ORALES SANS DEBAT M. le président. L 'ordre du jou r appelle les questions orales sans débat . FINANCEMENT DU LOGEMENT EN GUADELOUPE M. le président. La parole est à M. Esdras, pour exposer sa question (1). M. Marcel Esdras
7_cri_1984-1985-ordinaire1_080.txt;3608;NT DU LOGEMENT EN GUADELOUPE M. le président. La parole est à M. Esdras, pour exposer sa question (1). M. Marcel Esdras. \ionsieur le secrétaire d 'Etat chargé des départements et territoires d 'outre-nier . dans ma question . ,j ' ai appc!é l 'attention du ministre de l 'urbanisme. du logement et des t ransports sur la situation extrenientent préoccupante de l 'habitat clan, le département de la Guadeloupe. Dans un t rès grand nombre de cas, l 'habitat est un habitat précaire, à haut degré d 'i
7_qst_7-qst-1981-10-19.txt;29309;tection mais aussi une expan- sion du marché intérieur des véhicules industriels français . B lui demande les mesures qu'il compte prendre pour inciter la Société Peugeot à agir de même avec les concessionnaires Talbot afin d 'éviter un accroissement du chômage et la détérioration du marché intérieur des voitures françaises au prix des marques étrangères. Départements et territoires d 'outre-mer (Martinique : affaires culturelles). 3768. — 19 octobre 1981 . — M. Camille Petit appelle l 'attentio
7_qst_7-qst-1981-10-19.txt;29632;"es au prix des marques étrangères. Départements et territoires d 'outre-mer (Martinique : affaires culturelles). 3768. — 19 octobre 1981 . — M. Camille Petit appelle l 'attention de M. le ministre de la culture sur la situation des actions cultu- relles financées par son ministère, particulièrement dans les com- munes rurales qui constituent la quasi-totalité des communes de son département de la Martinique . Les besoins s'y manifestent de plus en plus et ""insuffisance des actions entreprises a "
7_qst_7-qst-1981-10-19.txt;52964;per la sécurité sociale et le financement sur les cotisations sociales affectées à l 'assurance maladie-maternité. 11 lui demande, en conséquence, de bien vouloir lui faire connaître des intentions réelles du Gouver- nement en ce qui concerne l 'éventuelle prise en charge de l'I .V .G. et comment en serait amuré le financement. QUESTIONS ET REPONSES 2929 Départements et territoires d 'outre-mer (Guadeloupe: cotan:itcs et catastrophes). 3793. — 19 octobre 1981 . — M. Marcel Esdras expose à M. le 
8_cri_1985-1986-extraordinaire1_015.txt;51977;ébarquez, vous devez fournir votre billet de retour .et expliquer quels sont vos moyens de subsistance . C'est dans les D.O.M.-T.O.M., ce n'est pas à Cuba ou chez Pinochet En ce qui concerne les réfugiés politiques, j'aimerais savoir - je me répète peut-être - pourquoi les travelos brésiliens ou les prostituées ghanéennes entreraient ici comme réfugiés politiques, alors que vos amis politiques de Guyane, les 2 p. 100 de socialistes guyanais, ont refusé l'installation d'un nouveau village de Muon
8_cri_1985-1986-extraordinaire1_015.txt;52013;illet de retour .et expliquer quels sont vos moyens de subsistance . C'est dans les D.O.M.-T.O.M., ce n'est pas à Cuba ou chez Pinochet En ce qui concerne les réfugiés politiques, j'aimerais savoir - je me répète peut-être - pourquoi les travelos brésiliens ou les prostituées ghanéennes entreraient ici comme réfugiés politiques, alors que vos amis politiques de Guyane, les 2 p. 100 de socialistes guyanais, ont refusé l'installation d'un nouveau village de Muong, ces réfugiés politiques du Laos q
8_cri_1985-1986-extraordinaire1_015.txt;52189;es, j'aimerais savoir - je me répète peut-être - pourquoi les travelos brésiliens ou les prostituées ghanéennes entreraient ici comme réfugiés politiques, alors que vos amis politiques de Guyane, les 2 p. 100 de socialistes guyanais, ont refusé l'installation d'un nouveau village de Muong, ces réfugiés politiques du Laos que le Viêt-minh massacre à coup de gaz toxiques. Ce sont les socialistes de Guyane qui ont refusé leur entrée, alors que ces Méos, en Guyane, sont les seuls qui travaillent ! J
8_cri_1985-1986-ordinaire2_049.txt;214368;nsieur le ministre, les premiers résultats de ce qui est fait aujourd'hui. Je voudrais, monsieur le ministre, vous demander quelques précisions pour que, dans l'application du texte, il n'y ait pas de divergences entre les élus qui vont voter ce texte et les services qui vont l'appliquer. II est bien entendu que l'aquaculture, qui est un domaine nouveau d'activité et en plein essor chez nous, aux Antilles notamment, est comprise dans la pêche . Nou, l'entendons ainsi. II est bien entendu que l'é
8_cri_1985-1986-ordinaire2_049.txt;223412;blics, aux transports et à l 'artisanat, vous he faites que poser un cautère sur une jambe de bois. Comment peut-on, en effet, relancer l'agriculture à la Gua- deloupe, aboutir à l'autosuffisance alimentaire, si le problème de fond, c 'est-à-dire celui de la terre, de la réforme foncière, n'est pas résolu 7 M . Jean James . Très bien ! M. Ernest Moutoussamy . Or, depuis huit ans, la S.A.F.E.R. de Guadeloupe a sur les bras IO 000 hectares de terres, qui l'embarrassent, et elle ne parvient pas à d
8_cri_1985-1986-ordinaire2_049.txt;224106;béralisme. Il faut nécessairement protéger la produc- tion locale du dumping et de la concurrence. Il faut régle- menter l'importation abusive. Par ailleurs, cet article 12, qui étend l'aide à l 'investisse- ment aux transports, nous interpelle sur la desserte aérienne des départements d'outre-mer. Ainsi que vous le savez, le Gouvernement a pris la déci- sion de livrer le transport aérien sur les Antilles-Guyane à la concurrence sauvage et à la déréglementation. Il entend détruire le service pub
8_cri_1986-1987-ordinaire1_065.txt;81814;, soit 17 p . 100, est près de vingt fois supérieure à celle des dépenses civiles de l'Etat, soit 0,9 p. 100. Cette constatation élémentaire méritait, je crois, d'être faite, monsieur le ministre, car vous entendrez sans doute tout à l'heure des intervenants qui vous diront que cela n'est pas suffisant et qu'il aurait fallu faire plus. L'effort global de l'Etat dans les départements d 'outre-mer, Saint-Pierre-et-Miquelon et Mayotte, va bien au-delà : il s'élève à 15 milliards de francs environ e
8_cri_1986-1987-ordinaire1_065.txt;82222;erre-et-Miquelon et Mayotte, va bien au-delà : il s'élève à 15 milliards de francs environ et, si l'on y ajoute les dépenses fiscales, la D.G.F. et le déficit des établissements publics - je pense en particulier à l'électricité -, il est de près de 25 milliards. Cela explique que le revenu intérieur brut par habitant est plus élevé dans nos départements d 'outre- mer que partout ailleurs dans les Antilles et l'océan Indien. Cependant, la situation économique dont vous avez hérité en prenant en c
8_cri_1986-1987-ordinaire1_065.txt;82454;l est de près de 25 milliards. Cela explique que le revenu intérieur brut par habitant est plus élevé dans nos départements d 'outre- mer que partout ailleurs dans les Antilles et l'océan Indien. Cependant, la situation économique dont vous avez hérité en prenant en charge votre département ministériel est parti- culièrement inquiétante. Le chômage atteint des niveaux considérables : 14 p. 100 en Guyane, 21 p. 100 en Guadeloupe, 26 p . 100 en Marti- nique et - triste record - 28 p. 100 à la Réun
8_cri_1986-1987-ordinaire1_085.txt;1712;de M . Joxe : MM. Aimé Césaire, le ministre. Renvoi de la suite de la discussion à la prochaine séance. 2. Ordre du Jour (p. (6744) . ASSEMBLEE NATIONALE - i re SEANCE DU 25 NOVEMBRE 1986 8727 COMPTE RENDU INTÉGRAL PRÉSIDENCE DE M . CHARLES MILLON, vice-président La séance est ouverte à seize heures. M. le présidant . La séance est ouverte. ( i 1 DÉVELOPPEMENT DES DÉPARTEMENTS D'OUTRE-MER, DE SAINT-PIERRE-ET- MIQUELON ET DE MAYOTTE Discussion d'un projet de loi de programme adopté par le Sénat a
8_cri_1986-1987-ordinaire1_085.txt;2041;"ce est ouverte. ( i 1 DÉVELOPPEMENT DES DÉPARTEMENTS D'OUTRE-MER, DE SAINT-PIERRE-ET- MIQUELON ET DE MAYOTTE Discussion d'un projet de loi de programme adopté par le Sénat après déclaration d '""urgence M . le président. L'ordre du jour appelle la discussion du projet de loi de programme, adopté par le Sénat, aras décla- ration d'urgence, relatif au développement des départements d'outre-mer, de Saint-Pierre-et-Miquelon et de Mayotte (n ol 479, 491). La parole est à M. Jean-Paul de Rocca-Serra, r"
8_cri_1986-1987-ordinaire1_085.txt;2723;t territoires d'outre-mer, mes chers collègues, voilà plus d'un quart de siècle qu'une loi de programme n'avait pas été consacrée à l'outre-mer I En effet, il faut r'emonter à la loi du 30 juillet 1960 pour les départements d'outre-mer pour trouver trace d'une volonté de rattrapage d'une telle ampleur. Le projet de loi de programme qui nous est soumis fera bénéficier les départements d'outre-mer, Saint-Pierre-et- Miquelon et Mayotte de 3 milliards 600 millions de francs de crédits supplémentaire
8_cri_1986-1987-ordinaire1_086.txt;490;UE FRANÇAISE DÉBATS PARLEMENTAIRES ASSEMBLÈE NATIONALE CONSTITUTION DU 4 OCTOBRE 1958 8e Législature PREMIÈRE SESSION ORDINAIRE DE 1986—1987 (86• SÉANCE) COMPTE RENDU INTÉGRAL 2e séance du mardi 25 novembre 1986 S74S ASSEMBLEE NATIONALE - 2• SEANCE DU 26 NOVEMBRE 1986 SOMMAIRE PRÉSIDENCE DE M . CLAUDE ÉVIN 1. Fixation de l'ordre du Jour (p. 6749). 2. D'veloppement da départements d'outre-mer, da Saint-Pierre-et-Miquelon et de Mayotte. - Suite de ta discussion d'un projet de loi de programme adop
8_cri_1986-1987-ordinaire1_086.txt;3539;"Conseil d'Etat et à la Cour des comptes, ces deux textes donnant lieu à une discussion générale com- mune. Mardi 9 décembre„ à seize heures et vingt et une heures trente : Sous réserve de leur dépt,' : Projet sur les procédures de licenciem tnt ; Projet sur les conseils de prud'hommes, ces deux textes donnant lieu à une discussion générale com- mune. DÉVELOPPEMENT DES DÉPARTEMENTS D'OUTRE-MER, DE SAINT-PIERRE-ET- MIQUELON ET DE MAYOTTE Suite de la discussion d'un projet de loi de pro- gramme ado"
8_cri_1986-1987-ordinaire1_086.txt;3891;DÉVELOPPEMENT DES DÉPARTEMENTS D'OUTRE-MER, DE SAINT-PIERRE-ET- MIQUELON ET DE MAYOTTE Suite de la discussion d'un projet de loi de pro- gramme adopté par le Sénat :pris déclaration d'ur- gence M. le président. L'ordre du jour appelle la suite de la discussion du projet de loi de programme, adopté par le Sénat après déclaration d'urgence, relatif au développement des départements d'outre-mer, de Saint-Pierre-et-Miquelon et de Mayotte (n os 479, 491). Cet après-midi, la question préalable a été p
8_cri_1986-1987-ordinaire1_087.txt;3136;NTRE LE S .I .D .A. (p. 6793) Mmes Florence d'Harcourt, Michèle Barzach, ministre délégue auprès du ministre des affaires sociales et de l'emploi, chargé de la santé et de la famille. M. le président. Suspension et reprise de la séance (p . 6794) PRÉSIDENCE DE M . CLAUDE LABBE 3. Rappel au règlement (p. 6794). MM. Jean-Marie Le Pen, le président. 4 . Développement des départements d'outre-mer, de Saint-Pierre-et-Miquelon et de Mayotte . Suite de la discussion d'un projet de loi de programme adop
8_cri_1986-1987-ordinaire1_087.txt;111024;es les réponses du Gouvernement. M . le président . Oui, mais dans tous les cas, le temps est global. Je retiens donc votre rappel au règlement et, en votre pré- sence, lors d'une prochaine conférence des présidents, nous reverrons ce problème des questions au Gouvernement du mercredi. M. Jean-Marie Le Pen . Je vous remercie, monsieur le président. 4 DÉVELOPPEMENT DES DÉPARTEMENTS D'OUTRE-MER, DE SAINT-PIERRE-ET- MIQUELON ET DE MAYOTTE Suite de la discussion d'un projet de loi de pro- gramme ado
8_cri_1986-1987-ordinaire1_087.txt;111378;ÉVELOPPEMENT DES DÉPARTEMENTS D'OUTRE-MER, DE SAINT-PIERRE-ET- MIQUELON ET DE MAYOTTE Suite de la discussion d'un projet de loi de pro- gramme adopté per le Sénat après déclaration d 'ur- gence M. te président . L'ordre du jour appelle la suite de la discussion du projet de loi de programme adopté par le Sénat, après déclaration d'urgence, relatif au développement des départements d'outre-mer, de Saint-Pierre-et-Miquelon et de Mayotte (n os 479, 491). ASSEMBLEE NATIONALE — 1fe SEANCE DU 26 NOVEM
8_cri_1986-1987-ordinaire1_090.txt;724;2 e SEANCE DU 27 NOVEMBRE 1986 SOMMAIRE 2. 3 . PRÉSIDENCE DE M . CLAUDE ÉVIN 1 . Modification de l'ordre du jour prioritaire (p. 6878). Rappels au règlement et demande de suspension de séance (p. 6878). MM. Jean-Pierre Sueur, Jean Giard, François Bachelot, le président. Rejet, par scrutin, de la demande de suspension de séance. M. Philippe Bassinet. Développement des départements d'outre-mer, de Saint-Pierre-et-Miquelon et de Mayotte .Suite de la discussion d'un projet de loi de prôgramme adopté
8_cri_1986-1987-ordinaire1_090.txt;18158;"d'outre-mer. Pas du tout ! M. Philippe Bassinet . . .. parce qu'il y a de quoi être gêné à soutenir un tel projet . Nous avons là le début d'un pro- cessus de décomposition de ce qui était hier la majorité. (Applaudissements sur les bancs du groupe socialiste.) M. Jacques Limouzy . Ce n'est pas un rappel au règle- ment ; c'est un numéro ! L 3 -- J DÉVELOPPEMENT DES DÉPARTEMENTS D ' OUTRE-MER, DE SAINT-PIERRE-ET- MIQUELON ET DE MAYOTTE Suite de la discussion d'un projet de loi de pro- gramme adop"
8_cri_1986-1987-ordinaire1_090.txt;18510;ÉVELOPPEMENT DES DÉPARTEMENTS D ' OUTRE-MER, DE SAINT-PIERRE-ET- MIQUELON ET DE MAYOTTE Suite de la discussion d'un projet de loi de pro- gramme adopté par le Sénat après déclaration d'ur- gence M. le président . L'ordre du jour appelle la suite de la discussion du projet de loi de programme adopté par le Sénat après déclaration d'urgence, relatif au développement des départements d'outre-mer, de Saint-Pierre-et-Miquelon et de Mayotte (n os 479, 491). Cet après-midi, l'Assemblée a poursuivi la d
8_cri_1987-1988-ordinaire1_025.txt;6006;rtance de tenir les engagements pris à l'égard de Mayotte, et de les tenir inté- gralement. En effet, après des années d'indifférence - voire d'oubli - l'effort de rattrapage consenti en faveur de cette collectivité territoriale scellera enfin son appartenance pleine et entière à notre collectivité nationale. Il me semble également indispensable d'évoquer les consé- quences du plan Reagan pour la Guadeloupe et la Marti- nique. Lors de l'examen de ce budget en commission des finances, notre collè
8_cri_1987-1988-ordinaire1_025.txt;7459;t-elle s'opposer dura- blement aux pressions européennes en ce domaine ? Et si tel n'est pas le cas, a-t-elle une solution de rechange 9 Telles sont les questions qui se poser : au sujet de l'octroi de mer. Il convient également de ne pas passer sous silence l 'avenir de la production bananière des D .O.M. Comma vous le savez, en valeur, celle-ci contribue, enviro :• pour moitié, aux exportations antillaises. C'est dire son importance. Lors d'un déplacement que j'al effectué l'hiver dernier aux 
8_cri_1987-1988-ordinaire1_025.txt;7559;a-t-elle une solution de rechange 9 Telles sont les questions qui se poser : au sujet de l'octroi de mer. Il convient également de ne pas passer sous silence l 'avenir de la production bananière des D .O.M. Comma vous le savez, en valeur, celle-ci contribue, enviro :• pour moitié, aux exportations antillaises. C'est dire son importance. Lors d'un déplacement que j'al effectué l'hiver dernier aux Antilles au nom de la commission des finances, j 'ai pu mesurer l'inquié- tude, et parfois l'angoisse
8_qst_8-qst-1986-06-16.txt;172867;es sommes, la prise en charge de la totalité des frais des enseignants de ces établissements . L'ancien gouvernement n'a pas tenu ses pro- messes, ceux-ci n'ayant pas été couverts entièrement . En consé- quence, il lui demande de l'informer sur les mesures qui ont été prises sur l'année 1986 et s'il n'envisage pas des rectifications sur l'année précédente. Départements et territoires d'outre-mer (Antilles : élevage) 3071. - 16 juin 1986. - M . Michel Renard appelle l'attention de M. le ministre 
8_qst_8-qst-1986-06-16.txt;173093;de l'informer sur les mesures qui ont été prises sur l'année 1986 et s'il n'envisage pas des rectifications sur l'année précédente. Départements et territoires d'outre-mer (Antilles : élevage) 3071. - 16 juin 1986. - M . Michel Renard appelle l'attention de M. le ministre de l'agriculture sur la concurrence tout à fait abusive que subissent les productions ovines et caprines des départements des Antilles, du fait de l'importation de viande de mouton et de chèvre en provenance de la Nouvelle-Zéla
8_qst_8-qst-1986-06-16.txt;173278;élevage) 3071. - 16 juin 1986. - M . Michel Renard appelle l'attention de M. le ministre de l'agriculture sur la concurrence tout à fait abusive que subissent les productions ovines et caprines des départements des Antilles, du fait de l'importation de viande de mouton et de chèvre en provenance de la Nouvelle-Zélande. Ces importations atteignent des moyennes annuelles de 800 à 900 tonnes pour la Martinique, de 600 à 700 tonnes pour la Gua- deloupe et de 200 à 300 tonnes pour la Guyane . Elles s
8_qst_8-qst-1986-11-17.txt;68050;I .N.S.E.E. Assurance vieillesse : généralités (paiement des pensions) 12578. - 17 novembre 1986. - M . Raymond Marcellin consta- tant avec intérêt la décision de la mensualisation des pensions du régime général, demande à M . le ministre des affaires sociales et de l'emploi s'il n'estime pas souhaitable d'envisager sa géné- ralisation à tous les régimes de base et complémentaires. D.O.M.-T.O.M. (Martinique : handicapés) 12560. - 17 novembre 1986. - M . Jean Maman appelle l'atten- tion de M . le
8_qst_8-qst-1986-11-17.txt;68352;ble d'envisager sa géné- ralisation à tous les régimes de base et complémentaires. D.O.M.-T.O.M. (Martinique : handicapés) 12560. - 17 novembre 1986. - M . Jean Maman appelle l'atten- tion de M . le ministre des affaires sociales et de l'emploi sur les conséquences néfastes de l'application du décret no 85-1458 du 30 décembre 1985 sur l'équilibre budgétaire des centres d'aide par le travail de la Martinique. En effet, les règlements effectués par l'Etat en 1986 au titre des dépenses contractées 
8_qst_8-qst-1986-11-17.txt;68811;n 1986 au titre des dépenses contractées au cours de l'exercice 1985 sont déduits du montant de la dotation globale de financement annuelle attribuée à ces établissements sociaux. Cette mesure est catastrophique pour leur situation financière, déjà atteinte par la mise en place, cette année, du dispositif de la dotation globale. Cependant, ces structures spécialisées jouent un rôle essentiel à la Martinique en faveur des travailleurs handi- capés du fait du chômate endémique sévissant dans ce dé
8_tnominative_1986_tnominative_AZ.txt;17364;— IX - COMPOSITION DE L'ASSEMBLEE NATIONALE 1 . LISTE PAR DEPARTEMENT DES DEPUTES PROCLAMES ELUS L0179 du code électoral) '[J.O. du 3 avril 1986] (p . 5142). 1. — DEPARTEMENTS DE LA METROPOLE 01 — Mn 10 — Aube 17 — Charente- Maritime MM. Boyon (Jacques) . MM. Cartelet (Michel). Millon (Charles) . Galley (Robert) . MM. Branger (Jean-Guy). Ravassard (Noël) . Micaux (Pierre) . Bussereau (Dominique). Saint-Pierre (Dominique) . Crépeau (Michel). 11 Aude de Lipkowski (Jean). 02 — Aisne MM. Barailla (R
8_tnominative_1986_tnominative_AZ.txt;33808;"4) Démissionnaire ; remplacé par (27) Démissionnaire ; remplacé par M . Sche- guet (René) ; (communication faite le 1"" avril M. Jacquot (Alain) ; (communication faite le nardi (Jean-Pierre) ; (communication faite le 1986 par M.le ministre de l'Intérieur) . 1"" avril 1986 par M . le ministre de l'Intérieur) . 1"" avril 1986 par M . le ministre de l'Intérieur) . — XHI — IL — DEPARTEMENTS D'OUTRE-MER Guadeloupe MM. Beaujean (Henri). Jalton (Frédéric). Mme Michaux-Chevry (Lucette) (28). M . Moutoussam"
8_tnominative_1986_tnominative_AZ.txt;34172;"XHI — IL — DEPARTEMENTS D'OUTRE-MER Guadeloupe MM. Beaujean (Henri). Jalton (Frédéric). Mme Michaux-Chevry (Lucette) (28). M . Moutoussamy (Ernest). (28) Démissionnaire ; remplacée par M. Chammougon (Edouard) ; (communication faite le 1"" avril 1986 par M . le ministre de l'Intérieur). Mayotte Jean-Baptiste (Henry). Nouvelle-Calédonie et dépendances MM. Lafleur (Jacques). Nénou-Pwataho (Maurice) . Guyane_ MM. Bruné (Paulin). Castor (Elle). Martinique MM. Césaire (Aimé). Louis-Joseph-Dogué (Mauric"
9_tanalytique_1990_tmatieres_AV.txt;19099;irconscription. M. Forni (Raymond). 2 e - Mme Marin-Moskovitz (Gilberte). M. Guyard (Jacques). M . Dugoin (Xavier). M . Tavernier (Yves). M. Wiltzer (Pierre-André). M . Pelchat (Michel). M. Germon (Claude). Mme Lienemann (Marie-Noëlle). M . Berson (Michel). M . Mandon (Thierry). M. Dray (Julien). - X - 92 - Hauts-de-Seine 11. - DÉPARTEMENTS D'OUTRE-MER ire circonscription . M. Brunhes (Jacques). Guadeloupe 2• _ M. Tranchant (Georges). 3e M. Haby (Jean-Yves). Ife circonscription . M. laiton (Fréd
9_tanalytique_1990_tmatieres_AV.txt;19439;NTS D'OUTRE-MER ire circonscription . M. Brunhes (Jacques). Guadeloupe 2• _ M. Tranchant (Georges). 3e M. Haby (Jean-Yves). Ife circonscription . M. laiton (Frédéric). 4• M. Sapin (Michel). 2° _ M. Moutoussamy (Ernest). 5. M. Balkany (Patrick). - M. Larifla (Dominique). 6° M. Sarkozy (Nicolas) . 4e Mme Michaux-Chevey (Lucette). 7. M. Baumel (Jacques). ge M. Labbé (Claude). 9° M. Gorse (Georges) . Guyane 10° 11° M . Santini (André). M. Bassinet (Philippe). Ire circonscription . M. Castor (Elle). 
9_tanalytique_1990_tmatieres_AV.txt;19623;hel). 2° _ M. Moutoussamy (Ernest). 5. M. Balkany (Patrick). - M. Larifla (Dominique). 6° M. Sarkozy (Nicolas) . 4e Mme Michaux-Chevey (Lucette). 7. M. Baumel (Jacques). ge M. Labbé (Claude). 9° M. Gorse (Georges) . Guyane 10° 11° M . Santini (André). M. Bassinet (Philippe). Ire circonscription . M. Castor (Elle). 12° M. Foucher (Jean-Pierre). 2° - M. Bertrand (Léon). 13° M. Devedjian (Patrick) . Martinique 93 - Seine-Saint-Denis Ire circonscription . M. Lordinot (Guy). ire circonscription . M. 
