fichier;position;contexte
2_cri_1964-1965-ordinaire1_021.txt;4632;prise corresponde à l'esprit et à la lettre du règlement . (Applau- dissements sur les bancs de l'U . N. R: U. D. T.) M . le président. Mon cher collègue, la conférence des prési- dents s'efforce d'organiser le plus efficacement possible l .s travaux de l'Assemblée dans une session dont l'ordre du jour est particulièrement chargé, puisqu'il s'agit de la session budgé- taire. De toute façon, à la réunion de la conférence des présidents à laquelle vous faites allusion, votre groupe était représent
2_cri_1964-1965-ordinaire1_021.txt;5765;n considération et seront transmises à M. le président de l'Assemblée nationale. Si la motion de censure est déposée vendredi prochain, comme cela est annoncé, c'est le président de l'Assemblée nationale qui appréciera l'opportunité de réunir une nouvelle conférence des présidents pour organiser le débat. M. André Fanton . C'est exactement ce que je demandais, monsieur le président : une nouvelle réunion de la conférence des présidents. M. le président. C'est, je vous le rappelle, une prérogativ
2_cri_1964-1965-ordinaire1_021.txt;9941;nomique et social des terri- toires et départements d'outre-mer un fonds de rattrapage, commé la commission des finances l'a préconisé. Au titre IV, le crédit supplémentaire le plus important concerne le développement de la politique de migration. En 1964, 4.000 migrants se sont installés en métropole. De plus en plus, ce sont des familles qui émigrent et il faut signaler que le département de la Réunion, qui paraissait réticent, se situe depuis quelques mois au même niveau que le département de
2_cri_1964-1965-ordinaire1_022.txt;6004;En Polynésie, le déficit de la balance commerciale s'est aggravé, compensé par un développement des ressources tou- ristiques et par les transferts financiers consécutifs à l'implan- tation du centre d'expérimentation spatiale . Les exportations continuent à reposer sur les phosphates et le coprah, secondai- rement la nacre. Le nombre des touristes est passé de 1 .472 en 1959 à 14.135 en 1963. A Saint-Pierre et Miquelon, la Société de pêche et de congé- lation connaît de sérieuses difficultés en
2_cri_1964-1965-ordinaire1_022.txt;7245;le manga- nèse, dont les exportations se sont élevées à 23 .157 tonnes. Les majorations des subventions d'équilibre sont consacrées, aux Comores, à l'équipement des services, aux Nouvelles- Hébrides à la scolarisation, aux Terres australes à la moderni- sation et à l'extension des installations nécessaires à nos mis- sion scientifiques. Une aide supplémentaire devra également être envisagée pour Saint-Pierre et Miquelon dont le budget, pour 1963, s'est clos avec un déficit non couvert, et, pour 
2_cri_1964-1965-ordinaire1_022.txt;22820;la dotation du F .I. D . E. S. a progressé par rapport à 1958, elle est encore, en francs constants, inférieure à ce qu'elle fut la meilleure année, en 1953. 3726 ASSESllil.Eli NATIONALE — SEANCE I)I' 22 OCTOBIIE 1961 Heureusement, pour pallier dans toute la mesure du possible ces divers inconvénients, des mesures de tous ordres ont été prises. Nous vous en remercions, monsieur le ministre. Pour Saint-Pierre et Miquelon, vous avez cherché également à diversifier l'économie. La première des mesur
2_cri_1966-1967-ordinaire1_021.txt;30017;it soumise à la publication d'un décret qui n'est jamais sorti. Certes, il est très difficile d'établir la liste des professions dont la a pénibilité s, comme on dit, est reconnue, mais depuis vingt ans il me semble qu'un moyen terme aurait pu être trouvé. J'aborde maintenant un sujet qui me tient particulièrement à coeur et que j'ai déjà exposé le 27 mai et le 7 juin en votre présence lors d'une réunion de travail portant sur les questions sociales, c'est la situation des vieilles ouvrières qui
2_cri_1966-1967-ordinaire1_021.txt;53001;ue vous chargeriez de vous apporter un plan d'action. Cela serait bon pour la nation . (Applaudissements sur les bancs de l'U. N. R.-U. D. T . et du groupe des républicains indépen- dants.) M . le président . La parole est à M. Vauthier. M. Marcel Vauthier . Monsieur le ministre, permettez-moi d'appeler votre attention sur la situation dramatique du service (le santé scolaire du département de La Réunion, qui pour être un département d'outre-mer n'en connait pas moins le même problème que certai
2_cri_1966-1967-ordinaire1_021.txt;55771;iale. Or, tous les services sociaux se plaignent d'une pénurie de personnel. Je ne vois pas comment l'étalement de cette pénurie sur deux ou trois services pourrait résoudre le problème du service de santé scolaire qui doit assurer une visite médicale annuelle de tous les élèves, étudiants et enseignants et un dépistage social rendu plus indispensable encore par la réforme de l'enseignement. A la Réunion, l'effectif scolaire pour l'année 1965-1966, est de 106.153 élèves et de 5 .000 instituteurs
2_qst_2-qst-1964-09-12.txt;23540;9 et 11 sur 20, sauf en mathématiques où il n 'a eu que 4. La moyenne de toutes les notes étant de 8,70, le jury a décidé de lui faire subir l'oral de contrôle . D semble logiquement que l'oral devrait avoir pour seul but de vérifier la note cause de l'échec à l'écrit et non les autres, qui étaient inférieures à celles de l'année et par consé- quent non surfaites. Au lieu de cela, l'oral de contrôle portant sur l'ensemble des matières, le candidat a racheté sa note en mathé- matiques en obtenant
2_qst_2-qst-1964-09-12.txt;120487;"lièrement connus pour leur compétence puissent, comme leurs homologues étrangers, assister les fonctionnaires désignés par ses soins . (Question du 15 mai 1964 .) Réponse. — Au cours de sa dixième session ordinaire en 1958, l'assemblée consultative du Conseil de l 'Europe, dans une recom- mandation portant le n"" 182, a demandé au conseil des ministres de provoquer, le plus rapidement possible, la réunion d 'un groupe d'experts chargé d'élaborer, en collaboration avec les représen- tants désignés"
2_qst_2-qst-1964-09-12.txt;182517;, en particulier aux troupes stationnées outre-mer . Tous renseignements se rappels tant à Li gestion de la «Fondation Maréchal de Lattre » sont à demander au département de l'intérieur (préfecture de la Seine) qui contrôle ces groppements. 9394. — . M. Fry', se référant à une mesure prise par M . le ministre des armées lors des événements qui se sont déroulés en Algérie en mars 1962, Interdisant le port de la tenue prémilitaire par les jeunes gens suivant les cours de P . M. E., lui demande si 
3_cri_1967-1968-ordinaire1_037.txt;3671;'amélioration et à la modernisation des services . II s'agit là d'un ensemble de mesures que nous retrouvons chaque année et 'qui concernent essentielle . ment le personnel et le matériel. La première mesure nouvelle relativement importante — elle porte sur un crédit de 2.980.000 francs — intéresse les services militaires adaptés. Deux millions seront affectés au renforce- ment des effectifs à la Réunion. Le service militaire adapté de la Réunion, homologue de celui qui a été créé quelques année
3_cri_1967-1968-ordinaire1_037.txt;3714;vices . II s'agit là d'un ensemble de mesures que nous retrouvons chaque année et 'qui concernent essentielle . ment le personnel et le matériel. La première mesure nouvelle relativement importante — elle porte sur un crédit de 2.980.000 francs — intéresse les services militaires adaptés. Deux millions seront affectés au renforce- ment des effectifs à la Réunion. Le service militaire adapté de la Réunion, homologue de celui qui a été créé quelques années auparavant aux Antilles et en Guyane, acc
3_cri_1967-1968-ordinaire1_037.txt;9257;èvement la situation économique et sociale actuelle de nos départements d'outre-mer telle qu'elle résulte des principaux indicateurs dont nous disposons. Les balances commerciales des quatre départements font toutes apparaître . un déficit puisque le taux de couverture des impor- tation par les exportations n'est que de 48 p. 100 à la Marti- nique, de 38 p . 100 à la Guadeloupe, de 37 p. 100 à la Réunion et de 12 p . 100 à la Guyane . Ces déficits sont allés croissant au cours des cinq dernières
3_tanalytique_1967-1968_tmatieres_AZ.txt;7549;tion des Nations Unies. Office de radiodiffusion et télévision française. Organisation du Traité de l'Atlantique Nord. Organisation du Traité de l'Asie du Sud-Est. Plan d'aménagement et d'organisation générale de la région parisienne. Pari mutuel urbain. Programmes sociaux de relogement. Postes et télécommunications. Régie autonome des transports parisiens. Régie immobilière de la ville de Paris. Réunion des théâtres lyriques nationaux. Sociétés d'aménagement foncier et d'établissement rural. Se
3_tanalytique_1967-1968_tmatieres_AZ.txt;8956;I, Afars et Issas. ABELIN, Vienne. ACHILLE-FOULD, Gironde. AILLIÈRES (d'), Sarthe. ALDUY, Pyrénées-Orientales. ALLAINMAT, Morbihan. ANDRIEUX, Pas-de-Calais. ANSQUER, Vendée. ANTHONIOZ, Ain. ARRAUT, Hérault. AYME (Léon), Vaucluse. Mme AYMÉ DE LA CHEVRELIÈRE, Deux-Sèvres . B Mme BACLET, Guadeloupe. BAILLOT, Paris. BAILLY, Territoire de Belfort. BALANÇA, Hauts-de-Seine (1). BALLANGER (Robert), Seine-Saint-Denis. BALMIGÈRE, Hérault. BARBEROT, Ain. BARBET, Hauts-de-Seine. BARBIER, Var (2). BAREL (Vir
3_tanalytique_1967-1968_tmatieres_AZ.txt;12096;67 par le Conseil constitutionnel . Elu le 24 septembre 1967. (3) Nommé membre du Gouvernement le 7 avril 1967. (4) Nommé membre du Gouvernement le 7 avril 1967• (5) Entré en fonctions le 9 mai 1967 en remplacement de M. Boulin, nommé membre du Gouvernement. (6) Démissionnaire le 21 mai 1968 . MM. CATTIN-BAZIN, Isère. CAZELLES, Var (1). CAZENAVE, Gironde. CERMOLACCE, Bouches-du-Rhône. CERNEAU, La Réunion. CÉSAIRE, Martinique. CHABAN-DELMAS, Gironde. CHALANDON, Hauts-de-Seine. CHAMANT, Yonne (2).
4_cri_1968-1969-ordinaire1_050.txt;6783;ncière. Les mesures nouvelles sont peu importantes . Elles se limitent, pour 4 .800.000 francs, à un renforcement de certains personnels, à des transformations d'emplois et à quelques ajustements aux besoins réels. Il s'agit essentiellement de cinq emplois nouveaux, dont un poste de sous-directeur au secrétariat général des départements d'outre-mer, de la création d'une nouvelle sous-préfecture à Saint-Paul de la Réunion, de 27 emplois nouveaux dans la sûreté national .. et, pour ce qui concerne
4_cri_1968-1969-ordinaire1_050.txt;6800;es nouvelles sont peu importantes . Elles se limitent, pour 4 .800.000 francs, à un renforcement de certains personnels, à des transformations d'emplois et à quelques ajustements aux besoins réels. Il s'agit essentiellement de cinq emplois nouveaux, dont un poste de sous-directeur au secrétariat général des départements d'outre-mer, de la création d'une nouvelle sous-préfecture à Saint-Paul de la Réunion, de 27 emplois nouveaux dans la sûreté national .. et, pour ce qui concerne le service milit
4_cri_1968-1969-ordinaire1_050.txt;6992;éels. Il s'agit essentiellement de cinq emplois nouveaux, dont un poste de sous-directeur au secrétariat général des départements d'outre-mer, de la création d'une nouvelle sous-préfecture à Saint-Paul de la Réunion, de 27 emplois nouveaux dans la sûreté national .. et, pour ce qui concerne le service militaire adapté, de 61 emplois supplémentaires qui viendront renforcer ses moyens d'action à la Réunion. Je dois faire une mention particulière pour deux actions nouvelles, fort intéressantes puis
4_cri_1969-1970-ordinaire1_033.txt;73378;our nos tribunaux car, en raison du fait que le nombre des affaires écoulées ne peut pas augmenter, faute de personnel, nos tribunaux ne sont pas classés dans la catégorie à laquelle ils pourraient prétendre, et nos magistrats en souffrent. Je profite de cette occasion pour vous faire part de leur senti- ment de frustration quand ils voient que leur chef de cour n'est pas convié à participer à la réunion des chefs de cour, qui eux, sont appelés à se prononcer sur l'avancement. Nos magistrats en 
4_cri_1969-1970-ordinaire1_033.txt;73668;de leur senti- ment de frustration quand ils voient que leur chef de cour n'est pas convié à participer à la réunion des chefs de cour, qui eux, sont appelés à se prononcer sur l'avancement. Nos magistrats en ont conscience et en sont peinés . Je souhaiterais que, rompant avec cette tradition d'austérité inopportune, vous appeliez cette année le chef de cour de mon département à assister à cette réunion qui aura lieu très bientôt. Je dois vous dire que la justice, pour la Réunion, c'est la justi
4_cri_1969-1970-ordinaire1_033.txt;73746;st pas convié à participer à la réunion des chefs de cour, qui eux, sont appelés à se prononcer sur l'avancement. Nos magistrats en ont conscience et en sont peinés . Je souhaiterais que, rompant avec cette tradition d'austérité inopportune, vous appeliez cette année le chef de cour de mon département à assister à cette réunion qui aura lieu très bientôt. Je dois vous dire que la justice, pour la Réunion, c'est la justice de la France, c'est la justice française . Cela implique d'abord la nécess
4_cri_1969-1970-ordinaire1_050.txt;8801;soit ralenties. En Guyane, l 'aménagement du secteur routier Pont-des-Cas- cades—Montsinéry est différé. En revanche, l'inscription d 'une somme de 5 millions de francs pour la construction du port de Degrard des Cannes est maintenue. En Martinique et à la Guadeloupe, la construction des deux appontements minéraliers qui ont déjà fait l'objet d'inscrip- tions au F. I. D. O. M. sera retardée. A la Réunion, les travaux portuaires en cours seront ralentis, à l'exception de ceux qui concernent la da
4_cri_1969-1970-ordinaire1_050.txt;14089;s, dont celle que j'ai effectuée l'an der- nier, sont revenues des Antilles avec la conviction que le déve- loppement du tourisme, en raison de l'incomparable attrait des sites et du climat, étant un élément essentiel de cette politique. Or un plan cohérent pour le développement du tourisme se fait toujours attendre. Il doit intéresser non seulement la Marti- nique et la Guadeloupe, mais aussi la Réunion et, dans une certaine mesure, la Guyane où il semble possible, comme l 'a dit fort justement
4_cri_1969-1970-ordinaire1_050.txt;26593;nt plus servir à former des mandarins mais des hommes au service de la collectivité. Bien avant que la réforme de la régionalisation fût à l'ordre du jour de la nation, le Gouvernement avait admis la nécessité de la décentralisation et de la déconcentration. La formation des personnels municipaux a été entreprise par le recyclage dans les centres d'études juridiques et l'affectation, surtout à la Réunion, des volontaires de l'assistance technique. Dès. cette année, une nouvelle sous-préfecture e
4_cri_1970-1971-ordinaire1_023.txt;14691;"talent, de grande valeur et d'une droiture incontestable, le professeur Vie- Dupont. ASSEMBLEE NATIONALE — 2"" SEANCE DU 26 OCTOBRE 1970 4711 Je ne voudrais en aucune manière demander à ses membres ou à son président de favoriser une opération parlementaire. A vrai dire, ses rapports, très compliqués, ne sont pas terminés. C'est donc conformément aux désirs de ses propres membres qu'une première réunion se tiendra dans les jours qui viennent et la réunion définitive à la fin de l'année. Reste un "
4_cri_1970-1971-ordinaire1_023.txt;14744;"able, le professeur Vie- Dupont. ASSEMBLEE NATIONALE — 2"" SEANCE DU 26 OCTOBRE 1970 4711 Je ne voudrais en aucune manière demander à ses membres ou à son président de favoriser une opération parlementaire. A vrai dire, ses rapports, très compliqués, ne sont pas terminés. C'est donc conformément aux désirs de ses propres membres qu'une première réunion se tiendra dans les jours qui viennent et la réunion définitive à la fin de l'année. Reste un troisième voeu, à l'accomplissement duquel sont part"
4_cri_1970-1971-ordinaire1_023.txt;23813;ser très amicalement à M. Albert Bignon. Après tout, c'est cela le dialogue. Quand M. Jalu est intervenu, il a semblé à certains d'entre vous qu'il y avait contradiction entre ses propos et ceux de M. Albert Bignon. Il est vrai que le groupe parlementaire des anciens combattants s'est réuni sous la présidence de M . Albert Bignon. Il est vrai qu'une vingtaine de parlementaires assistaient à cette réunion . Il est vrai que M. Albert Bignon a exposé devant ce groupe la position qu'il a exprimée au
4_cri_1970-1971-ordinaire1_060.txt;730;"res sociales. Travail, emploi et population : MM. Griotteray, rapporteur spécial ; Delong, rapporteur pour avis. M. Fontanet, ministre du travail, de l'emploi et de la population. M. Dechartre, secrétaire d'Etat auprès du ministre du travail, de l'emploi et de la population. MM. René Caille, Duroméa, Hubert Martin, Barrot, Carpentier, Narquin, Musmeaux, Herman, Hubert Rochet, Sallenave, Fontaine, Saint-Paul. M. le ministre du travail, de l'emploi et de la population. Etat B. Titres III et IV. — "
4_cri_1970-1971-ordinaire1_060.txt;171899;cré- taire d'Etat, je dois à l'obligeance de mon collègue M. Rivierez, l'honneur de prendre la parole ce soir à cette tribune. S'il est un problème qui retient l'attention des responsables de la France d'outre-mer, comme aimait à le dire le général de Gaulle, c'est bien l'emploi, car l'explosion démographique est, de loin, la question qui nous préoccupe le plus. En treize ans, la population de la Réunion a augmenté de 51 p. 100, tandis que celle des Antilles progressait de 36 p . 100. A l'heure 
4_cri_1970-1971-ordinaire1_060.txt;175987;"onomiques et sociales du temps présent . Il faut orienter les travailleurs vers des métiers qui leur procureront effective- ment un emploi . Il faut aussi les diriger là où ils trouveront un logement ; si, malheureusement, il y a manque de loge- ments, vous devez y remédier. C'est pourquoi, monsieur le ministre, j'attends votre réponse avec intérêt, d'autant que vous allez assister .bientôt à une réunion du comité interministériel pour l'emploi. A cet égard, j'aimerais savoir si les problèmes de"
4_cri_1970-1971-ordinaire1_065.txt;49321;"it se réunir, comme le prévoit l'article 91 du règlement ? M. Jean Fontaine, rapporteur. Non, monsieur le présidant. M. le président. Nous abordons donc la discussion de l'ar- ticle 1"" . [Article 1""'.] M. !e président. «Art. 1"" r. — Les articles 146 et 184 du code d'instruction criminelle, tels qu'ils sont applicables aux Comores, aux îles Wallis et Futuna, en Nouvelle-Calédonie et dépendances, à Saint-Pierre-et-Miquelon et dans le territoire français des Afars et des Issas sont remplacés par le"
4_cri_1970-1971-ordinaire1_065.txt;51838;rieure . Cette demande doit être présentée avant toute défense au fond . » « II. — En ce qui concerne les ides Wallis et Futuna : « Art . 146. — Conforme . » « Art . 184. — Conforme . s e III. — En ce qui concerne la Nouvelle-Calédonie et dépen- dances: « Art . 146. — Conforme . » « Art . 184. — Conforme. » 5786 ASSEMBLEE NATIONALE — SEANCE DU 19 NOVEMBRE 1970 « IV. — En ce qui concerne les îles Saint-Pierre-et-Miquelon : « Art. 146. — Conforme. » « Art . 184. — Conforme. « V. — En ce qui concer
4_cri_1970-1971-ordinaire1_065.txt;63680;on qui varie, suivant le cas, de 7,5 p . 100 à 14 p. 100 du capital, la moyenne du prélèvement s'établissant, pour la majorité des sociétés, à 10 p. 100 environ. Ainsi, la personne qui souscrit une part de 1 .000 francs versera en réalité 1.100 francs, puisque la société de gestion prélève, dès le départ, une somme de 100 francs . Et, comme le démontre la lettre dont je viens de citer un extrait, le porteur qui a besoin de fonds négocie sa part, mais moyennant une commission de 100 francs. Il y 
4_cri_1970-1971-ordinaire2_007.txt;13117;estions orales sans débat. Je puis vous affirmer que la séance n'en sera pas tellement allongée : je serai bref bien que nous soyons tous persuadés dans cette enceinte de l'importance qui s'attache au sort des rentiers viagers. M. le président. Il n'appartient pas au président de statuer sur votre requête . Je la transmettrai à la conférence des prési- dents qui se prononcera lors de sa prochaine réunion. M. Albert Dassié. Je vous remercie, monsieur le président. -4 CONVENTION FISCALE ENTRE LA F
4_cri_1970-1971-ordinaire2_007.txt;37070;ensemble, donné son adhésion à ce texte — auquel sa législation est d'ailleurs très largement conforme -- sous les réserves que présentera tout à l'heure le rapporteur de la commission des lois, que nous entendrons avec intérêt. La France a donc émis quelques réserves . Elles sont au nombre de quatre. La première est que l'article 4 ne saurait aller contre les libertés d'opinion, d'expression, de réunion et d'association, telles qu'elles sont garanties dans la déclaration universelle des droits 
4_cri_1970-1971-ordinaire2_007.txt;59652;nous discutons comporte une longue énumération des droits politiques, civils, écono- miques, sociaux et culturels qu'il convient de garantir à tout homme, sans distinction de race, de couleur, d'origine natio- nale ou ethnique, pour en finir avec toute discrimination et pour assurer le droit de chacun à l'égalité devant la loi. En regardant avec objectivité le sort fait aux Antillais, Guyanais et Réunionnais vivant en France comme celui qui est réservé à l'ensemble des travailleurs immigrés, nou
4_cri_1970-1971-ordinaire2_044.txt;263163;l'intervention de l'Etat : dans ce cas, où est le contrôle ? On le trouve d'abord dans l'organisme même qui dispense la formation, lequel pour être admis à conclure une convention ouvrant droit à la déductibilité de la taxe, doit être agréé. On le trouve ensuite, au sein de l'entreprise où la convention sera conclue puisque le comité d'entreprise aura également à se prononcer dans le cadre de la réunion annuelle portant sur la formation. S'il s'agit,. non plus d'une convention simple, mais d'une
4_cri_1970-1971-ordinaire2_044.txt;263177;n de l'Etat : dans ce cas, où est le contrôle ? On le trouve d'abord dans l'organisme même qui dispense la formation, lequel pour être admis à conclure une convention ouvrant droit à la déductibilité de la taxe, doit être agréé. On le trouve ensuite, au sein de l'entreprise où la convention sera conclue puisque le comité d'entreprise aura également à se prononcer dans le cadre de la réunion annuelle portant sur la formation. S'il s'agit,. non plus d'une convention simple, mais d'une convention c
4_cri_1970-1971-ordinaire2_044.txt;291309;"uvel alinéa suivant : a 6"" Les conditions liées à l'âge de la retraite et à la possession par les travailleurs de diplômes professionnels ou de diplômes de l'enseignement supérieur. s L'amendement n"" 101, présenté par MM. Hoguet, Neuwirth, Beucler, Charles Bignon, Buot, Bisson et Lelong, tend à complé- ter le paragraphe VII de l'article 7 par le nouvel alinéa suivant : « 6"" Les conditions liées à la possession par les travailleurs de diplômes professionnels ou de diplômes de l'enseignement supé-"
4_cri_1971-1972-ordinaire1_024.txt;4487;re observation. au-delà de la simple prolongation du V. Plan et de donner un élan nouveau à l'action des pouvoirs publics dans ces dépar- tements. -2— Les mesures nouvelles concernant les dépenses ordinaires offrent peu d'originalité et peuvent être considérées comme des DECLARATION DE L'URGENCE DE PROJETS DE LOI mesures de rattrapage. L'augmentation des effectifs du service militaire adapté à la Réunion et en Guyane a pour but de donner à cette formule originale, qui a largement fait la preuve 
4_cri_1971-1972-ordinaire1_024.txt;4860;vice militaire adapté à la Réunion et en Guyane a pour but de donner à cette formule originale, qui a largement fait la preuve de M. le président. J'ai reçu de M. le Premier ministre la lettre son efficacité, les mêmes possibilités d'action qu'aux Antilles. suivante: « Paris, le 26 ociebre 1971. Les crédits supplémentaires destinés à accentuer notre poli- tique de migrations concernent surtout la Réunion, où elle s Monsieur le président, a été jusqu'à présent moins efficiente qu'aux Antilles, af
4_cri_1971-1972-ordinaire1_024.txt;20534;pose d'abord le problème de savoir si nous sur les Antilles au cours des dernières années et qui ont sommes décidés à rapprocher les départements d'outre-mer de la conduit le Gouvernement à élaborer un plan de relance pour métropole, en établissant des tarifs de transport spéciaux . Une la production bananière. nouvelle baisse des tarifs aériens et maritimes entre la métro- 1.e département de la Réunion est le seul où la production pole et les départements d'outre-mer modifierait les échanges, d
4_cri_1971-1972-ordinaire1_067.txt;779;"BANDE DIRECTION, REDACTION ET ADMINISTRATION POUR LES CHANGEMENTS D 'ADRESSE aux renouvellements et réclamations 26, RUE DESAIX, PARIS 15' AJOUTER 0,20 F CONSTITUTION DU 4 OCTOBRE 1958 4 e Législature PREMIERE SESSION ORDINAIRE DE 1971-1972 COMPTE RENDU INTEGRAL — 67 e SEANCE Séance du Vendredi 19 Novembre 1971. SOMMAIRE 1. — Questions d'actualité Lp . 5980). HANDICAPÉS PHYSIQUES (Question de M. Saint-Paul .) Mlle Dienesch, secrétaire d 'Etat à l 'action sociale et à la réadaptation ; M . Saint-"
4_cri_1971-1972-ordinaire1_067.txt;874;"ts et réclamations 26, RUE DESAIX, PARIS 15' AJOUTER 0,20 F CONSTITUTION DU 4 OCTOBRE 1958 4 e Législature PREMIERE SESSION ORDINAIRE DE 1971-1972 COMPTE RENDU INTEGRAL — 67 e SEANCE Séance du Vendredi 19 Novembre 1971. SOMMAIRE 1. — Questions d'actualité Lp . 5980). HANDICAPÉS PHYSIQUES (Question de M. Saint-Paul .) Mlle Dienesch, secrétaire d 'Etat à l 'action sociale et à la réadaptation ; M . Saint-Paul. TRAFIC FERROVIAIRE DE LA BANLIEUE NORD (Question de Mme Thome-Palenôtre.) M. Limouzy, se"
4_cri_1971-1972-ordinaire1_067.txt;1543;"ILLESSE DES COMMERÇANTS La question de M . Boyer n 'est pas appelée. AÉRODROME DE 'ÎOUSSL'S .LE-NOBLE (Question de M. Destrenran .) MM . Limouzy. secrétaire d'Etat auprès du ministre délégué auprès du Premier ministre, chargé des relations avec le Parlement ; Destremau . TRANSFERT DE L'ÉCOLE VÉTÉRINAIRE DE MAISONSALFORT (Question de M . Gosnat .) MM . Cointat, ministre de l 'agriculture ; Gosnat. RÉUNION DES MINISTRES EUROPÉENS DE L'ÉDUCATION NATIONALE (Qaestirr de M. Stehlin .) MM . Olivier Gui"
4_cri_1971-1972-ordinaire2_038.txt;15224;tte date, l'inscription au tableau de l'ordre sera prononcée par le préfet et les autres attributions du conseil seront dévolues à une délégation de trois membres. Deuxième exception : c'est le conseil régional de l'ordre des médecins ou des chirurgiens-dentistes de la région parisienne qui exercera les compétences disciplinaires pour les médecins et les chirurgiens-dentistes du département de la Réunion. Ainsi, toutes les autres dispositions s'appliqueront à ces départements d'outre-mer et la c
4_cri_1971-1972-ordinaire2_038.txt;15470;urgiens-dentistes de la région parisienne qui exercera les compétences disciplinaires pour les médecins et les chirurgiens-dentistes du département de la Réunion. Ainsi, toutes les autres dispositions s'appliqueront à ces départements d'outre-mer et la composition du conseil national prévoit deux membres, dont l'un représentera les trois dépar- tements des Antilles et l'autre le département de la Réunion, 2186 ASSEMBI.EE NATIONALE — ainsi que deux suppléants choisis parmi les médecins exerçant e
4_cri_1971-1972-ordinaire2_038.txt;19722;position du Conseil constitu- tionnel, de prendre des dispositions (le nature à permettre la création de nouveaux conseils régionaux des ordres — Nord, Picardie, etc. Enfin, l'évolution constatée dans les départements d'outre- mer au cours des vingt-cinq dernières années impose une reprise des dispositions du code de la santé, élaborées lors SEANCE DU 6 JUIN 1972 de la départementalisation de la Réunion, de la Martinique, de la Guadeloupe et de la Guyane . Elles sont, en effet, sur certains poin
4_cri_1972-1973-ordinaire1_045.txt;3726;A vrai dire, le budget des départements d'outre-mer ne contient aucune mesure vraiment originale susceptible d'appeler ' l'attention. Les dépenses ordinaires passent de 172 à 191 millions de francs. On y retrouve, comme l'an dernier, des crédits pour le renfor- cement des effectifs de police à concurrence de un million de francs, pour l'accroissement des effectifs du service militaire adapté à la Réunion, soit 2,8 millions et pour l'accroissement, l'accentuation de notre politique de migration, 
4_cri_1972-1973-ordinaire1_045.txt;4415;e une détérioration du climat politique et social . Il s'agit tout simplement de faire face au problème posé par le développement des villes et l'accrois- sement du trafic international . Il faut noter d'ailleurs que la proportion des effectifs de police de nos départements d'outre- mer demeure bien inférieure à celle de la métropole. Le renforcement des effectifs du service militaire adapté à la Réunion est la conséquence de la décision du Gouvernement de donner des possibilités d'intervention 
4_cri_1972-1973-ordinaire1_045.txt;4808;é à la Réunion est la conséquence de la décision du Gouvernement de donner des possibilités d'intervention comparables à celles dont dispose le service militaire adapté des départements antil- lais, formule originale qui a fait ses preuves pour les travaux d'équipement et la réparation des dommages causés par les cyclones. L'augmentation des crédits consacrés aux migrati-ans concerne les migrants réunionnais dont le nombre devrait être d'environ 4.700 personnes en\1973. Je précise, d'autre part,
4_cri_1972-1973-ordinaire1_063.txt;26099;. M. Ceyrac a demandé que l'offre soit gon- flée jusqu'en mars. M. le président . Dans la discussion générale, la parole est à M. Helène, premier orateur inscrit. M. Léopold Helène . Monsieur le ministre, ce projet de loi portant création de la prime de mobilité des jeunes sera par- ticulièrement bien accueilli dans les départements d 'outre-mer, notnmment à la Guadeloupe, à la Martinique et à la Réunion, en proie à des problèmes de démographie, de développement et d'emploi. La loi n° 63-1240 ti
4_cri_1972-1973-ordinaire1_063.txt;27669;"; aussi le nombre des demandes d'emplois non satisfaites augmente-t-il chaque année. L'amélioration des conditions de vie, l'efficacité de la lutte entreprise contre les maladies, l'application des lois sociales bnt contribué à l'augmentation de la population dont les jeunes représentent près de 60 p. 100. Le nombre des actifs par 'rapport à celui de la population est de 23 p. 100 environ pour la Réunion et de 18 p . 100 pour la Guadeloupe et la Martinique . En conséquence, ce sont les jeunes ar"
4_cri_1972-1973-ordinaire1_063.txt;50136;"omènes d'adaptation qui jouent sur quelques années. Il n'est pas question d'inciter des jeunes à s'expatrier et à quitter définitivement leur région, mais je ne vois pas l'incon- vénient qu'il y aimait à ce qu'un Franc-comtois aille travailler en Bretagne ou un Languedocien dans le Nord pour parfaire sa formation professionnelle. Vous as ez fait allusion à l'Europe ; le problème a été évoqué à la réunion des ministres des affaires sociales de la Commun nauté, à laquelle j'assistais il y a une qu"
4_qst_4-qst-1969-02-15.txt;12446;"e la qualité de combattant à certains militaires et anciens militaires ayant pris part aux combats en Algérie, au Maroc et en Tunisie. Départements et territoires d 'outre-mer. 3916. — 8 février 1969. — M. Cerneau expose à M. le Premier ministre (départements et territoires d'outre-mer) que le bulletin statistique n"" 15, de février 1968, publié par le bureau départemental de l'I. N. S. E. E. à la Réunion, au chapitre « Démographie, mouvements migratoires» donne les chiffres suivants pour l'année"
4_qst_4-qst-1969-02-15.txt;12771;février 1968, publié par le bureau départemental de l'I. N. S. E. E. à la Réunion, au chapitre « Démographie, mouvements migratoires» donne les chiffres suivants pour l'année 1967 : ensemble des entrées : 29.883, et ensemble des sorties : 29.769, soit un solde en faveur des entrées de 94 unités. Le 15 Février 1969 ASSEMBI .EE NATIONALE 351 Bumidom par ailleurs indique comme effectif de migrants réunion- nais vers la métropole pour la même année 1967, le chiffre de 3.011 unités . Il lui demande, 
4_qst_4-qst-1969-02-15.txt;27697;ales que les services d'aides familiales rurales se trouvent placés devant de sérieuses difficultés financières par suite, notamment, des charges sociales qu 'ils doivent supporter à raison des salaires versés à leur personnel. D'après les indications données à l'Assemblée nationale, le 18 octobre 1968, par Mme le secrétaire d'état aux affaires sociales, il était prévu pour le 7 novembre 1968 une réunion destinée à faire la synthèse des travaux du groupe de travail, divisé en trois sous-groupes,
4_qst_4-qst-1969-03-22.txt;35503;"ise, quels sont les textes qui régissent le statut du bureau interallié de circulation, leur date, le lieu de leur publication, ou de lui en fournir copie. 4883 . — 20 mars 1969. — M. Péronnet demande à M. le ministre des affaires étrangères s 'il peut lui faire connaître ses intentions, à la suite de la décision prise par le Gouvernement français de ne plus participer, jusqu 'à nouvel ordre, aux réunions du conseil des ministres et du conseil permanent de l'U .'E.O., en ce qui concerne : 1"" la "
4_qst_4-qst-1969-03-22.txt;35868;"iciper, jusqu 'à nouvel ordre, aux réunions du conseil des ministres et du conseil permanent de l'U .'E.O., en ce qui concerne : 1"" la participation de la France au budget de cette organisation ; 2° la proposition allemande du 21 février ten- dant à réunir le conseil permanent de l 'U . E . O. pour examiner la signification de l 'article 8 du traité de Bruxelles revisé concernant la procédure des réunions du conseil. Il lui demande en outre s'il n'estime pas opportun de revenir rapidement au fon"
4_qst_4-qst-1969-03-22.txt;36568;ande à M . le ministre des affaires étrangères s'il est exact que la France ne ferait plus de l'évacuation des territoires occupés par Israël un préalable aux négociations de paix. Si oui, il lui demande s 'il peut lui faire connaître les raisons pour lesquelles cette importante décision qui semble indiquer une modification de la politique française au Moyen-Orient, n'a pas été évoquée lors de la réunion de la commission des affaires étrangères de l'Assemblée nationale du 13 mars dernier, alors 
4_qst_4-qst-1969-04-19.txt;25594;dans ces conditions, ne pas recueillir les suffrages de la majorité des inscrits. Il lui demande s'il peut lui préciser, si dans ce cas, le projet de loi serait considéré comme n'ayant pas été adopté. Départements et territoires d'outre-mer. 5392. — 15 avril 1969. — M. Fontaine demande à M. le Premier ministre (départements et territoires d'outre-mer) de lui faire connaître si les communes de la Réunion peuvent bénéficier des prêts complémentaires à moyen terme auprès de la Caisse d'aide à l 'éq
4_qst_4-qst-1969-04-19.txt;38159;t chargé des affaires culturelles que 1 p. 100 de la subvention attribuée par l 'Etat pour la réalisation des édifices scolaires est utilisé pour leur décoration . L'application de cette disposition légale (qui méritait, par ailleurs, de passer de 1 à 2 p . 100) rencontre de réelles difficultés . C 'est ainsi qu 'à l 'occasion de la construction d 'un C.E.S. avenue Jean-Moulin, à Montreuil (Seine-Saint-Denis), la commission départementale des constructions scolaires a rejeté la proposition faite
4_qst_4-qst-1969-04-19.txt;79791;ntaine expose à M. le ministre de l'agriculture qu 'a la suite de la prise en charge par le F. F. O . G. A. des frais consécutifs aux exportations de sucre réalisées au cours du 3' trimestre 1967, les professionnels ont avancé à la caisse d 'exportation des sucres, par le jeu des cotisations de résorption, environ 60 millions de francs, dont 5,5 pour l'inter- profession d'outre-mer, la part de la Réunion étant de 250 millions C. F. A. Il lui demande de lui faire connaître s'il envisage dans des 
4_qst_4-qst-1969-08-23.txt;14419;us supporter un tel carcan administratif. Fonction publique et réformes administratives. 7032. — 8 août 1969. -- M . Abelin rappelle à M. le Premier ministre (fonction publique) que l 'accès des attachés d 'administra- tion centrale au principalat de leur grade s 'effectue, en principe, par un mode de sélection tenant compte de la manière de servir des intéressés et d'une épreuve exclusivement orale portant en fait, malgré l'imprécision à cet égard de l 'arrêté du 25 mai 1966 (Journal officiel d
4_qst_4-qst-1969-08-23.txt;38538;"E-MER 7023. — 8 août 1969. — M. Cerneau expose à M. le ministre délégué auprès du Premier ministre, chargé des départements et territoires d'outre-mer, qu 'à la suite de la question écrite n"" 3916 posée le 15 fevrier 1969 à M . le ministre de l 'économie et des finances, à laquelle il a été répondu le 19 avril et qui concernait le solde migratoire en faveur des entrées qui a été de 94 unités à la Réunion en 1967, malgré le chiffre de 3.011 unités atteint par la migration en métropole au titre du"
4_qst_4-qst-1969-08-23.txt;38931;s à la Réunion en 1967, malgré le chiffre de 3.011 unités atteint par la migration en métropole au titre du Bumidom la même année, M . le minist re de l 'économie et des finances indiquait dans sa réponse qu 'il n 'était pas possible d 'établir, à partir de données provenant des services des renseignements généraux, une ventilation des entrées et des sorties de voyageurs dans le département de la Réunion telle que l 'on puisse savoir tt le nombre total des émigrants d 'une part et celui des immi
4_qst_4-qst-1969-09-27.txt;10525;urs centaines de salariés dans une région qui ne bénéficie d 'aucune aide à l'industrialisation et portant également un préjudice grave aux producteurs de fruits et légumes. Cette situation n 'est pas la conséquence de fautes de gestion mais des décisions prises ces dernières années par le gouvernement français autorisant des importations de fruits et de tomates de pays tiers tels que la Grèce ou le Portugal, pays dont les charges sociales et fiscales sont très inférieures aux nôtres, ce qui per
4_qst_4-qst-1969-09-27.txt;102257;à l'hectare (celui-ci est de 110 francs dans le 2390 ASSENIBLEE NATIONALE 27 Septembre 1969 département du Gard) par les superficies exploitées pondérées suivant les natures de cultures, dans les conditions fixées par le comité départemental des prestations sociales agricoles . Ces dispositions réglementaires ayant été rappelées aux comités dépar- tementaux en 1968, le comité du Gard a, dans sa réunion du 24 mai 1968, fixé le coefficient de pondération à 1,5 pour les arboriculteurs et je soulign
4_qst_4-qst-1969-09-27.txt;196545;e aux élèves étran- gers fréquentant un établissement du second degré. Des bourses peuvent cependant être accordées à certains d'entre eux sur le fonds d 'action sociale par le service social d 'aide aux émigrant» relevant du ministre du travail, de l'emploi et de la population. 6564. .— M . Fontaine rappelle à M. le ministre de l'éducation natio- nale que le collège d 'enseignement secondaire de Cilaos )Réunion) a .été officiellement créé . Il lui demande, par conséquent, s'il peut lui faire co
4_qst_4-qst-1971-07-10.txt;5399;que soit interdit à de nombreux jeunes garçons ou jeunes filles qui, après avoir passé brillamment les concours d 'entrée, se voient refoulés, à la suite d 'un examen médical décelant sans doute une infirmité, mais souvent une infirmité qui ne diminue en rien leur efficacité. Il en est ainsi notamment pour les jeunes gens et les jeunes filles refoulés pour diminution d 'acuité visuelle, alors que le port des lunettes apporte toutes les corrections nécessaires. N 'y a-t-il pas lieu de revoir, à c
4_qst_4-qst-1971-07-10.txt;99012;tue un treizième mois. Il s 'agit en effet là, d'un avantage accordé sous des formes différentes dans certaines administrations publiques ainsi que dans le secteur privé. Maires. 19292. — 8 juillet 1971. — M. Offroy expose à M. le ministre de l'intérieur qu 'en - certaines circonstances les maires peuvent faire publiquement état de leur qualité en portant leur écharpe. Il est cependant des cas ou le port de cette écharpe comme signe distinc- tif n 'est pas possible. Par exemple, lorsqu'ils ont à
4_qst_4-qst-1971-07-10.txt;107787;écommunications si les redevances mensuelles récla- mées aux abonnés du réseau téléphonique sont fixées ne eariefur par l'administration out si elles peuvent varier suivant la nature des installations . Dans l 'affirmative, quelles sont les règles appliquées en la matière, Téléphone. 19250 . — 7 juillet 1971. — M. Lavielle rappelle à M. le ministre des postes et télécommunications que lors d 'une réunion à Peyrehorade dans les Landes il avait bien voulu assurer, en présence du signa- taire de ce
4_qst_4-qst-1972-07-15.txt;10091;"mars 1971, rejeté par la fonction publique et les finances; 2"" le décret d 'application du statut du 2 août 1961 pour les ouvriers professionnels des musées nationaux et des archives nationales. Ces personnels sont ies seuls de la fonction publique qui n 'en bénéficient pas depuis 1961 ; 3"" le reclassement de la catégorie B (Restaurateurs) dans l'échelle B type ; 4"" le statut des personnels de la Réunion des musées nationaux, services commerciaux (ces personnels sans statuts particuliers n 'ont "
4_qst_4-qst-1972-07-15.txt;25356;alage existant entre l 'augmentation incessante du coût de la vie et la stagnation du niveau des prestations familiales, Il lui demande s 'il ne conviendrait pas de reviser le mode de revalo- risation de ces prestations, de façon à ce qu 'elles suivent plus exactement l 'évolution des prix. Allocation de compensation aux infirmes travailleurs (travailleur algérien). 25374. — 12 juillet 1972. — M. Saint-Paul signale à M. le ministre d'Etat chargé des affaires sociales qu'il n'ignore pas que l'all
4_qst_4-qst-1972-07-15.txt;149718;40 .179 77 .286.155 Somme 85 .278 170 .739.159 Tarn 45 .439 86 .301 .864 Tarn-et-Garonne 20 .608 40 .504.740 Var 114 .637 229 .349.709 Vaucluse 56 .982 110 .385.011 Vendée 46 .601 91 .916.219 Vienne 44 .28(1 87 .558.983 Vienne (Haute-) 55 .745 1' 0 .613.725 Vosges 66 .298 107 .582,393 Yonne 51 .913 97.603.727 Essonne 186 .653 431 .623.411 Hauts-de-Seine 472 .345 1 .629 .784.235 Seine-Saint-Denis 334 .458 648 .358.713 Val-de-Marne 330 .975 826 .449 .544 Val-d 'Oise 186 .787 436 .421 .279 Guadelou
4_qst_4-qst-1972-07-29.txt;5019;néces- saire de faciliter la décentralisation des points de vente, et de faire abonner les préfectures, les sous-préfectures, les bibliothèques universitaires ainsi que les communes d'une certaine importance. Il lui demande s 'il partage le point de vue ainsi exprimé, et quelles mesures il compte prendre et dans quels délais pour remédier à cette lacune. DÉPARTEMENTS ET TERRITOIRES D'OUTRE-MER La Réunion (caisse mutuelle de crédit maritime). 2.5536 . — 21 juillet 1972. — M. Fontaine demande à M.
4_qst_4-qst-1972-07-29.txt;5212;ine importance. Il lui demande s 'il partage le point de vue ainsi exprimé, et quelles mesures il compte prendre et dans quels délais pour remédier à cette lacune. DÉPARTEMENTS ET TERRITOIRES D'OUTRE-MER La Réunion (caisse mutuelle de crédit maritime). 2.5536 . — 21 juillet 1972. — M. Fontaine demande à M. le Premier ministre (départements et territoires d 'ou'ae-mer) s 'il envisage de créer à la Réunion une caisse mutuelle .a crédit maritime avec l' assistance technique de la caisse centrale de
4_qst_4-qst-1972-07-29.txt;6274;ites sociétés avec comme conséquences la participation financière d'Electricité de France aux programmes d' investissements de ces sociétés, la péré- quation des tarifs d 'énergie électrique dans les départements d 'outre-mer et en métropole et l 'unification du statut des person- nels. Il lui demande s'il peut lui faire connaître la décision qui a été prise à cette occasion. Sources thermales de Cilaos. 25540 . — 21 juillet 1972 . — M. Fontaine expose à M . le Premier ministre (départements et 
4_tnominative_1968-1973_tnominative_IO.txt;37879;"ion du nickel produit intérieur brut des T .O.M . ; évolution des balances extérieures des territoires d'ou- tre-mer ; problème du tourisme ; liens entre la métropole et les territoires ; aménagement des dispositions fiscales et minières en Nou- velle-Calédonie ; rôle des institutions commu- nales ; établissement d'un système communal évolué en Nouvelle-Calédonie ; ses observa- tions sur les îles Saint-Pierre-et-Miquelon prise en charge du cargo postal « L'Ile de Saint-Pierre » ; besoins du serv"
4_tnominative_1968-1973_tnominative_IO.txt;37947;"lances extérieures des territoires d'ou- tre-mer ; problème du tourisme ; liens entre la métropole et les territoires ; aménagement des dispositions fiscales et minières en Nou- velle-Calédonie ; rôle des institutions commu- nales ; établissement d'un système communal évolué en Nouvelle-Calédonie ; ses observa- tions sur les îles Saint-Pierre-et-Miquelon prise en charge du cargo postal « L'Ile de Saint-Pierre » ; besoins du service de santé; formation professionnelle du personnel admi- nistratif"
4_tnominative_1968-1973_tnominative_IO.txt;38642;"les grandes endé- mies ; liaison radio-électrique avec la métro- pole ; ses observations sur les territoires français des Afars et des Issas ; extension du port de Djibouti ; économie de la Polynésie française ; huilerie de Papeete ; hôpital de Man-tao ; expériences de perliculture ; ses observations sur la Nouvelle-Calédonie question des îles Wallis et Futuna ; ses ob- servations sur les îles de Saint-Pierre-et- Miquelon ; société de pêche et de congélation étant dotée d'un nouveau chalutier de"
5_cri_1973-1974-ordinaire1_014.txt;12969;demande mais que, là encore, les commissaires n'auront pratiquement connais- sance de celle-ci que lorsqu'ils siégeront. Certes, ils dispose- ASSEMBLEE NATIONALE — 2' SEANCE DU 12 OCTOBRE 1973 4365 ront des dossiers préparés par la chambre de commerce et peut-être par la direction des prix, mais il serait bon qu'ils puissent se faire une opinion personnelle en examinant le pro- blème avant leur réunion. Tel est l'objet ae mon amendement. M. le président. Quel est l'avis de la commission ? M. Cha
5_cri_1973-1974-ordinaire1_014.txt;20468;ction entre la nouvelle position de la commission et son attitude antérieure qui lui semblait plus logique. M. le président. La parole est à M. le ministre du commerce et de l'artisanat . ' M . le ministre du commerce et de l'artisanat. Le Gouverne- ment est hostile aux deux amendements. I! a indiqué, au cours de la séance d'hier, les raisons pour lesquelles il permettait au préfet de présider la réunion, sans toutefois avoir le droit de vote, de manière qu'on n'accuse pas le Gouvernement d'avoi
5_cri_1973-1974-ordinaire1_014.txt;82652;"res trente, deuxième séance publique : Fixation dè l'ordre du jour ; Suite de l'ordre du jour de la première séance. La séance est levée. (La séance est levée à seize heures quarante-cinq .) Le Directeur du service du compte rendu sténographique de l'Assemblée nationale, MARCEL CIOUVET. ASSEMBLEE NATIONALE — 2• SEANCE DU 12 OCTOBRE 1973 4373 Ordre du jour établi par la conférence des présidents. Réunion du mercredi 10 octobre 1973. Additif au compte rendu de la séance du 10 octobre 1973. (Journa"
5_cri_1973-1974-ordinaire1_032.txt;12046;tion. Tel est le souci d'un pouvoir affaibli qui est aux prises avec un mécontentement et une opposition qu'il ne peut juguler. On peut même se demander si certains, attentifs au rôle qu'ont joué les chaînes privées de télévision dans la préparation de la subversion contre le gouvernement légal du Chili, n'envi- sagent pas de s'inspirer de cette expérience pour le jour où la majorité de notre peuple portera à la direction du pays un gouvernement démocratique. M. Bertrand Flornoy . Vous ne manque
5_cri_1973-1974-ordinaire1_032.txt;76584;., c'est d'abord son personnel . (Applau- dissements sur les bancs de l'union des démocrates pour la République, du, groupe des républicains indépendants et de l'union centriste .) M. le président . Quel est l'avis du Gouvernement sur l'amen- dement n' 104 M. le ministre de l'information. Chacun a senti que M. le rapporteur spécial, lié par l'avis de la commission et ne désirant pas provoquer une réunion de la commission des finances à cette heure tardive, ne pouvait retirer l'amendement. Le Gou
5_cri_1973-1974-ordinaire1_032.txt;113011;cédents. Une telle publication serait fort utile pour faire connaitre à l'opinion publique d'outre-mer l'ensemble de l'effort métropo- litain. Une progression de 7,5 p. 100 des crédits est modeste et, compte tenu de la hausse des prix, il est à craindre que ce budget ne se traduise par une diminution des moyens du ministère. Les deux principales mesures nouvelles concernent le dépar- tement de la Réunion. Il s'agit, en effet, de renforcer le service militaire adapté dans ce département et de por
5_cri_1973-1974-ordinaire1_064.txt;2372;Assemblée que la commission de la production et des échanges demande le vote sans débat du projet de loi, adopté par, le Sénat, modifiant la loi n° 55-1533 du 28 novembre 1955 relative aux appellations d'origine des fromages (n° 729). En application de l'article 104 du règlement, cette demande a été affichée et notifiée. Elle sera communiquée à la conférence des présidents au cours de sa première réunion suivant la distri- bution du rapport de la commission. LOI DE FINANCES POUR 1974 (DEUXIEME P
5_cri_1973-1974-ordinaire1_064.txt;129417;tive pro- ASSEMBLEE NATIONALE — 3' SEANCE DU 15 NOVEMBRE 1973 5833 posée par le président de l'Assemblée nationale, alors ministre d'Etat chargé des affaires sociales, M. Edgar Faure, avec qui j'ai eu l'honneur et l'avantage de collaborer et d'autre part, la société de partenaires. Je dois signaler. à votre Assemblée que ce groupe interministériel a commencé 'à' fonctionner puis- qu'une première réunion a eu lieu le 30 octobre 'dernier, à laquelle, naturellement, le ministère du travail était re
5_cri_1973-1974-ordinaire1_064.txt;184646;sfaction aux revendications des salariés en matière de rémunérations, de conditions de travail, de promotion, d'exercice du droit syn- dical. Ce que vous leur concédez, avec le patronat, c'est ce que vous ne pouvez plus différer face à leurs luttes. Nous retrouvons cette orientation dans les textes que vous élaborez et dans votre refus systématique de nos amendements tendant à leur donner une réelle portée. Le motif de votre refus est toujours le même : ne pas mettre en péril les entreprises n! 
5_cri_1973-1974-ordinaire1_088.txt;53584;"fixation des éléments de calcul des béné- fices agricoles forfaitaires de 1972: « 1"" La validité des décisions prises par les commissions dépar- tementales et, le cas échéant, des appels formés contre ces déci- sions n'est pas soumise aux conditions de procédure prévues à l'article 66 du code général des impôts. s 2"" La commission centrale est saisie de plein droit, en l'absence de décision ou de réunion des commissions départe- mentales avant le jr"" juillet 1973. » — (Adopté .) Article 6. M. le"
5_cri_1973-1974-ordinaire1_088.txt;72395;s, j'ai dit que la justice ne pouvait pas attendre . Dans le cas qui nous occupe ce soir, la justice ne pouvait pas davantage attendre. C'est ce qui justifie une certaine précipitation permettant au Gouvernement de faire face à ses engagements . - Cela étant, monsieur Macquet, je crois savoir que vous avez pu exercer normalement votre rôle de parlementaire . Vous avez d'ailleurs, à la suite de la réunion de la commission des affaires culturelles, familiales et sociales, présenté à l'amendement d
5_cri_1973-1974-ordinaire1_088.txt;119325;ropos de la rétroactivité, mais il vous a aussi posé une question au sujet de la garantie de l'Etat pour les prêts à moyen terme qui sont indispensables aux ouvriers agri- coles qui accèdent à la propriété . En effet, ces prêts leur per- mettent d'assurer l'équipement nécessaire à la rentabilité de leur exploitation. De plus, aux Antilles, un apport initial est exigé, ce qui n'est pas le cas à la Réunion. L'amendement que j'avais déposé ayant été déclaré irrece- vable, je vous demande, monsieur 
5_cri_1974-1975-ordinaire1_046.txt;27994;çaises en Allemagne où les appelés bénéficient d'un voyage gratuit par mois. Je crois que ce sujet a été suffisamment traité au cours de ce débat pour que chacun puisse en mesurer toute l'importance. M. le président . Quel est l'avis de la commission des finances ? M. Joël Le 7heule, rapporteur spécial. La commission des finances n'a pas étudié cet amendement car il a été déposé après sa dernière réunion, mais elle s'est inquiétée de la faiblesse des crédits d'études dans le budget . M. le minis
5_cri_1974-1975-ordinaire1_046.txt;30589;dé l'année dernière qu'un effort fût fait en ce qui concerne le repas de midi des cadres de l 'armée de terre. On nous avait répondu qu'il était très difficile de faire un effort important, mais votre prédécesseur avait fini par accorder une dotation qui nous a permis d'accomplir un premier geste en faveur des personnels de l'armée de terre. Or nous avons appris un peu plus tard, à la suite de la réunion d'un conseil de défense, qu'on avait brusquement majoré de 25 p. 100 l'indemnité pour charge
5_cri_1974-1975-ordinaire1_046.txt;60800;a parole est à M . le rapporteur pour avis. M. Jean-Paul Mourot, rapporteur pour avis. Nous sommes, en fin de compte, tous très proches en l'occurrence . Nous souhaitions un rapport, monsieur le ministre . Vous nous dites qu'il a déjà été fait. Certains d'entre nous n'en doutaient pas. Mais ce que nous vous demandons, c'est de soumettre éventuellement ce rapport, tel qu'il existe, à une prochaine réunion du conseil supérieur de la fonction militaire et de nous le communiquer. Sous réserve d'enga
5_cri_1974-1975-ordinaire1_047.txt;17809;ons destinées au marché intérieur. S'agissant des premières, l'écoulement de la production est soumis à des contraintes sévères en raison de la compétitivité plus grande d'autres pays tropicaux où les salaires sont très inférieurs. Il ne peut donc s'agir que de cultures très spécia- lisées, bénéficiant d'un soutien particulier ou ayant accès à un marché garanti. Par exemple, le tabac produit à la Réunion, à la Martinique . et à la Guadeloupe bénéficie des garanties d'écoulement et des prix d'int
5_cri_1974-1975-ordinaire1_047.txt;20311;sur l'élevage et sur les cultures annexes, par exemple sur les fourrages. En effet, les départements d'outre-mer sont fortement tributaires de l'extérieur pour l'approvisionnement en viande. D'après les chiffres que j'ai en ma possession, les taux de couverture des besoins en viande bovine par les importations seraient de 75 p . 100 en Martinique, de 70 p . 100 en Guadeloupe, et de 66 p. 100 à la Réunion. Cr des conditions favorables existent pour l'élevage dans ces différents pays . Des program
5_cri_1974-1975-ordinaire1_047.txt;21782;"êt grandit en cette période où la conjonc- ture économique est si difficile? (Applaudissements sur les bancs des réformateurs, des centristes et des démocrates sociaux, et sur plusieurs bancs des'épublicains indépendants et de l'union des démocrates pour la République .) M . le président . La parole est à M. Claude Weber. M. Claude Weber. Mesdames, messieurs, en 1965, la gauche avait obtenu, à la Réunion, 16,48 p. 100 des suffrages ; le 19 mai dernier elle en a recueilli 50,46 p . 100 ; ces taux"
5_cri_1975-1976-ordinaire1_038.txt;7058;rope le choix en matière de défense est clair et net : possession d'une force nucléaire ou soumission aux super-puissances. Je n'entends nullement justifier ainsi l'impasse qui a été faite sur les armements classiques et qui semble. hélas ! se perpétuer, ce que je déplore comme les rapporteurs spécialisés et tout autant que M . le secrétaire d'Etat. Mais revenons au choix qui doit être fait entre la possession d'une force nucléaire et la soumission à l'une des super- puissances. A cet égard, nos
5_cri_1975-1976-ordinaire1_038.txt;25774;e soit dotée des moyens de mener une véritable politique aéronautique. La position des socialistes et radicaux de gauche est claire : nous sommes pour la nationalisation de la société Dassault. M. Albert Voilquin, président de la commission de la défense nationale et des forces armées. Il sera le premier à vous dire merci ! M. Alain Savary . Alors puisque vous êtes d'accord, faisons-le ! M. André Saint-Paul. Très bien ! M. Alain Savary. Vous étes membre de la majorité, monsieur le président de l
5_cri_1975-1976-ordinaire1_038.txt;53321;ait pris des engagements formels avant son élection ? Est-ce que le décret concernant les dégagements de cadres verra son effet prolongé au-delà du 31 décembre 1975 ? Et, pour en terminer avec les sujets qui préoccupent les person- nels, je voudrais connaître les intentions du Gouvernement en ce qui concerne les personnels civils des hôpitaux des armées, dont la situation est précaire. Lors de la réunion de la commission paritaire ouvrière du 8 avril 1975, un effort avait été promis pour le budg
5_cri_1975-1976-ordinaire1_057.txt;20724;ges. En d'autres termes, le développement des Antilles françaises connait aujourd'hui, malgré quelques mécomptes, des résultats positifs. riches de promesses d'avenir, qui représentent le fruit des efforts poursuivis sans relâche par les pouvoirs publics et par vous-même, monsieur le secrétaire d'Etat, dans la perspec- tive de la départementallsaton. Les problèmes posés par le développement de la Réunion sont d'un ordre différent, dans la mesure où ce département connait - un chômage et une haus
5_cri_1975-1976-ordinaire1_057.txt;21929;eur sortie de l'école. Les migrations organisées par le Bumidom, quoique dépassant 5 000 personnes chaque année, alors é ue la croissance dt mogra- phique est de l'ordre de 7 000 à 8 000, ne suffisent pas à résoudre le problème. Fort heureusement, les efforts poursuivis en faveur du déve- loppement des activités commencent à porter leurs fruits. Le transfert d'une partie du quota antillais sur la Réunion permet à cette région de mieux écouler sa production de sucre. Comme aux Antilles le problèm
5_cri_1975-1976-ordinaire1_057.txt;22883;une mévente pour des raisons que nous espérons conjoncturelles, les cultures du tabac, du maïs et des légumes divers destinés à la consommation locale sont en nette expansion. L'expérience de riziculture, en cours depuis deux ans, semble promettre les meilleurs résultats puisque les premiers rende- ments obtenus permettent d'espérer la production à terme du tiers du riz actuellement consommé à la Réunion. Le plan de relance de l'élevage élaboré en 1973 est en cours d'exécution et porte ses premi
5_cri_1975-1976-ordinaire1_058.txt;11352;"e social, se résume tout naturellement en un terme très simple : l'emploi. C'est pourquoi le premier point de la politique des prochaines années, je dirai même des prochains mois, est ""n'accentuer tout ce qui peut assurer des emplois à cette jeune génération. De la réponse qui sera donnée à cette question dépend l'avenir de nos quatre départements d'outre-mer, en particulier des Antilles et de la Réunion, le département de la Guyane posant un problème particulier. A cet égard, nous devons non se"
5_cri_1975-1976-ordinaire1_058.txt;12569;'en ce qui concerne l'accueil en métropole. Les activités nouvelles dans ces ides sont en nombre limité. Beaucoup a été entrepris dans le domaine agricole et dans le domaine industriel . Mais, s'agissant des choix qui ont été faits — le développement du tourisme ou Celui de la pèche — il est certain qu'il faut aller plus vile que les projets ne l'envisagent aujourd'hui. Je parle notamment pour la Réunion, mais cela est vrai aussi pour les autres départements. Quant à la mise en valeur des terres
5_cri_1975-1976-ordinaire1_058.txt;13502;e . A cet égard, il me semble préférable de parler de venue en métropole plutôt que de migration. Avec le développement des congés, les très grandes facilités des commu- nications. le terme de a migration b prend un caractère un peu désuet qui ne correspond plus à la réalité d'aujourd'hui . En pareil domaine, je parle non seulement en mon nom personnel, mais aussi au nom du conseil régional de la Réunion, que préside notre collègue M. Cerneau. Pour ce qui concerne les Antilles, les données sont 
5_cri_1975-1976-ordinaire2_035.txt;1167;ETURE DU BUREAU D'ÉTUDES DE LA S . N . 1. A . S . A SURESNES (Question de M. Barbet) (p . 2819). MM . Barbet, Bourges, ministre de la défense, le président. CONSTRUCTIONS SCOLAIRES EN MILIEU RURAL (Question de M . Mau• joiian du Gasset) (p. 2822). MM. Maujoüan du Gasset, Haby, ministre de l'éducation. (1 4 .) SUBVENTIONS AUX ASSOCIATIONS DE JEUNESSE (Question de M. Sainte . Marie) (p . 2824). MM. Sainte-Marie, Haby, ministre de l'éducation. SITUATION ÉCONOMIQUE AUX ANTILLES (Question de M. Césai
5_cri_1975-1976-ordinaire2_035.txt;12371;e je ne puis, en l'état, recueillir d'autres précisions sur les faits sans risquer de m'immiiser dans ce qui relève de la seule compétence de l'autorité judiciaire. Il faut donc retenir que la justice est saisie d'une plainte et qu'il lui appartient de faire la lumière et de rendre, lorsqu'elle disposera de tous les éléments du dossier, son jugement. Riais, bien entendu, quelque intérêt qu'il faille porter à un cas d'espèce, ce qui compte présentement, à travers la question de M. Chevènement, c'
5_cri_1975-1976-ordinaire2_035.txt;93186;n deux caté- gories : celles qui sont impératives et celles qui sont facultatives. Sous le régime de 1973, un groupe scolaire de cinq classes devait comporter cinq classes, une salle à manger et une cuisine, un petit bureau, une salle d'attente, plus le bon vieux préau. Actuellement, un tel groupe scolaire devra avoir en plus une salle polyvalente, une bibliothèque, cinq ateliers, et une salle de réunion. Je pourrais .faire la même comparaison avec les écoles maternelles. Enfin l'emprunt. Seul u
5_cri_1975-1976-ordinaire2_038.txt;24079;mé la condition des travailleurs en cas de licen- tiens syndicales depuis des années. ciement abusif. Cet amendement qui, je le rappelle, avait Le droit pour tous les salariés à une heure d'information prise d'ailleurs été rédigé en des termes comparables par le groupe ear le temps de travail et payée comme telle, pour participer à socialiste et le groupe communiste, prévoyait qu '« en cas de des réunions organisées par les syndicats dans des locaux mis à litige, l'em ployeur est tenu de faire l
5_cri_1975-1976-ordinaire2_038.txt;53275;"i ce soir; incontestable- de trois procès-verbaux de ces questionnaires, le premier de ment tout le Gouvernement l'est aussi . trente et une questions . le deuxième de vingt-six et le troisième Etant souvent prisent, je pourrais souvent faire remarquer de douze . Voici les questions de ce dernier interrogatoire : l'absence d'un certain nombre (le mes collègues . Je ne le fais s Premièrement . une réunion à laquelle vous avez participé pas. Je pense qu 'il faut écouter les orateurs et ne pas se j"
5_cri_1975-1976-ordinaire2_038.txt;53650;ais s Premièrement . une réunion à laquelle vous avez participé pas. Je pense qu 'il faut écouter les orateurs et ne pas se jeter s'est tenue sur le plateau de Paris-Est le jeudi 15 avril 1976, des absences à la tête lorsqu'on est présent un soir . Iapplm(dis- vers 19 h 30 . Le reconnaissez-vous? serments sur plusieurs bancs des républicains indépendants, de « Deuxièmement, votre présence à cette réunion a été signalée l 'union (les démocrates pour la République et des réformateurs, par M. le di
5_cri_1975-1976-ordinaire2_086.txt;1746;"s pour la protection de l'environnement. — Discussion, en deuxième lecture, d 'un projet de loi (p. 4737). MM. Bouvard, suppléant M . Charles Bignon, rapporteur de la commission des lois constitutionnelles, de la législation et de l 'administration générale de la République ; Granet, secrétaire d'Etat auprès du ministre de la qualité de la vie, chargé de l 'environnement. Discussion générale : M. Saint-Paul . — Clôture. Passage à la discussion des articles. Article 3. — Adoption (p . 4738). Arti"
5_cri_1975-1976-ordinaire2_086.txt;2447;ssion : MM. le rapporteur sup- pléant, le secrétaire d 'Etat. — Adoption. Amendement n° 6 du Gouvernement : MM. le secrétaire d'Etat, Hamel, le rapporteur suppléant . — Adoption. Amendement n° 3 de la commission : MM. le secrétaire d'Etat, Fontaine, Hamel, le rapporteur suppléant . — Retrait. Amendement n° 7 du Gouvernement . — Adoption. Aooption de l'article 6 modifié. Explications de vote : MM. Saint-Paul. Hamel. Le secrétaire d'Etat. Adoption de l 'ensemble du projet de loi. 6. — Accord entre
5_cri_1975-1976-ordinaire2_086.txt;8717;Vivien . Monsieur le président, le 22 juin dernier, la conférence des présidents publiait l'ordre du jour des séances que l'Assemblée tiendra jusqu'à la fin de la présente session. Pour le mercredi 3G juin après-midi étaient prévues, entre autres discussions, celle du projet de loi relatif à l'organisation de Mayotte et celle de quatre projets de loi fixant la repré- sentation de cette île et de Saint-Pierre et Miquelon à l'Assem- blée nationale et au Sénat. Or le feuilleton distribué aujourd'hu
5_cri_1976-1977-ordinaire1_061.txt;14484;"été plus violents et les excès de vitesse plus prononcés. Ume action doit donc être entreprise dans ce domaine. Je ne suis favo'abie ni à l'accroissement du nombre des contraintes, ni à de nouvelles dispositions . L'addition de mesures nouvelles ne sert à rien tant que les mesures existantes ne sont pas respectées. Deux de ces mesures ont pourtant entraîné un progrès fondamental dans ce domaine : le port de la ceinture de sécurité -'t la limitation de vitesse ; elles doivent être appliquées pour"
5_cri_1976-1977-ordinaire1_061.txt;81342;"est adopté .) M. le président. Nous avons terminé l 'examen des crédits du ministère de l'intérieur. ASSEMBLES NATIOi ALE -- 1"" SEANCE DU 19 NOVEMBRE 1976 8355 DÉBAT PRÉPARATOIRE A L'EXAMEN EN SÉANCE PUBLIQUE DES CRÉDITS BUDGÉTAIRES COMPTE RENDU INTEGRAL (Séance du jeudi 28 octobre 1976 .) COMMISSION DES LOIS CONSTITUTIONNELLES, DE LA LEGISLATION ET DE L'ADMINISTRATION GENERALE DE LA REPUBLIQUE Réunion ouverte à tous les membres de l'Assemblée nationale. SOMMAIRE Crédits du ministère de l'intéri"
5_cri_1976-1977-ordinaire1_061.txt;82820;nous présenter le projet de budget du ministère de l'inté- rieur pour 1977, cependant avec une amélioration puisque, l'an dernier, vous aviez dû vous imposer trois comparutions et que cette fois il n'y en aura que deux . J'indique à la commission que M. le ministre d'Etat sera appelé par les obligations de sa charge à nous quitter à onze heures trente. II est donc souhaitable de faire tenir cette réunion de la commission élargie dans le temps de deux heures et demie. C'est pourquoi, bien que nou
5_cri_1976-1977-ordinaire1_062.txt;3984;Monsieur le président, mesdames. messieurs, l 'année 197„ a été une ann'e importante pour les départements d'outre-mer. D'abord, parce qu'elle est celle du trentième anniversaire de leur accession au statut départemental qui avait été réclamé à l'époque ,par tous les partis politiques sans aucune exception. Elle est aussi celle de l'accession au statut de département d'outre-mer du territoire de Saint-Pierre et Miquelon . et de la nomination, à Mayotte, d'un préfet chargé de l'administration de 
5_cri_1976-1977-ordinaire1_062.txt;5628;atent d'avant-hier — pour pallier les conséquences de cette situation . T atefois, il nous faudra, dans les semaines qui viennent, dresser un bilan complet et dégager les solutions nécessaires pour que la vie économique de file ne pâtisse pas de l 'interruption qu'elle a connue dans de nombreux secteurs. Enfin, l'année 1976 a été marquée par la visite officielle du Président de la République à la Réunion, visite qui a été l'occasion pour la population de manifester son attachement à la mère patr
5_cri_1976-1977-ordinaire1_062.txt;8533;faveur des personnes handicapées, la majo- ration du taux des indemnités journalières de repos pour l'assurance maternité, l'assurance vieillesse des travailleurs non salariés des professions artisanales, industrielles et commer- ciales. Dans le domaine du travail, nous avons assisté à une évolution parallèle à celle de la métropole du taux du S. M. I. C., avec même un rattrapage en faveur de la Réunion où ce salaire minimum est un peu plus bas qu'aux Antilles . Par ailleurs, les crédits destiné
5_cri_1976-1977-ordinaire2_024.txt;44016;législation et de l'administration générale de la République). A vingt et une heures trente, deuxième séance publique : Suite de l'ordre du jour de la première séance. La séance est levée. (La séance est levée à vingt-deux heures quinze.) Le Directeur du service du compte rendu sténographique de l 'Assemblée nationale JACQUES RAYMOND TEMIN. Ordre du jour établi par la conférence de.- présidents. (Réunion du mardi 3 mai 1977 .) La conférence des présidents a établi comme suit l'ordre du jour des 
5_cri_1976-1977-ordinaire2_024.txt;133556;ime du travail à mi,teinps ne peut pas leur être accordé et, dans l 'hypothèse inverse, quelles mesures il compte prendre pour permettre à ces fonctionnaires d 'exercer leurs activités d'élu. Postes et télécommunications (transformat ion des emplois de véri- ficateurs et vérificateurs principaux de dépêche à la distribution et à l'acheminement en emplois d'inspecteursi. 37717. — 4 mai 1977 . — M. Sainte-Marie attire l'attention de M. le secrétaire d'État aux postes et télécommunications sur la s
5_cri_1976-1977-ordinaire2_024.txt;135012;"ret n "" 76-5 du 6 janvier 1975. I( est, par ailleurs, souhaitable qu'une étude soit entreprise simultanément sur la situation des plus anciens, de manière que soient sauvegardés leurs intérêts légi- times, comme cela s 'est passé pour d'autres catégories de la distri- bution. Postes et télécommunications (accroissement des moyens des responsables des bureaux de poste). 37718. — 4 mai 1977 . — M . Sainte-Marie attire l 'attention de M. le secrétaire d'Etat aux postes et télécommunications sur les"
5_cri_1976-1977-ordinaire2_051.txt;25961;sur le riz, le maïs et les aliments du bétail, prélèvement dont il est clair qu'il ne correspond nullement à une protection de produits européens et qui crée un élément grave de perturbation tant économique que sociale. s des membres de la commission économique européenne est trop souvent, par esprit de système, hostile aux départements d'outre- mer. Vous avez évoqué, lors d'un récent voyage à la Réunion, les espérances qui étaient les vôtres à ce sujet. Vos interlocuteurs vous en ont été reconn
5_cri_1976-1977-ordinaire2_051.txt;26598;ment attendues. M. le président . La parole est à M . le secrétaire d'Etat auprès du ministre de l'intérieur, chargé des départements et territoires d'outre-mer. M. Olivier Stirn, secrétaire d'Etat. Je répondrai à M . Michel Debré que nous avons évoqué ce problème à plusieurs reprises : d'abord il y a un mois, clans cette même enceinte et avec la même procédure : ensuite il y a quatre jours, à la Réunion, au cours d'une séance de travail avec les responsables de ce dépar- tement. Je lui indique 
5_cri_1976-1977-ordinaire2_051.txt;27339;nts communautaires sur les riz importés des pays tiers. Il y a un mois, j'avais manifesté l'intention de convaincre le Gouvernement de saisir la commission de Bruxelles . Cette inten- tion a été suivie d'effet. En effet, par le canal du Premier ministre, l'ensemble du Gouvernement français a saisi la com- mission de ce problème qui cause, c 'est vrai, un préjudice important sur le plan social aux Réunionnais pour lesquels le riz est une nourriture fondamentale . Les indications que j'ai des prem
5_cri_1976-1977-ordinaire2_057.txt;55393;"itialement prévue à l'article 4 ancien du projet dont la rédaction, critiquée par la commission, présen- tait une imprécision puisqu'elle commençait ainsi ; « Le contrôle porte notamment . .. e. La commission a donc eu raison de proposer un texte plus précis. Mais, ce faisant, elle a suprimé une notion qui était bien précise dans le texte du Gouvernement ; celui-ci indiquait en effet que le contrôle porte sur des entreprises qui disposent de la possibilité d'exercer une influence déterminante su"
5_cri_1976-1977-ordinaire2_057.txt;60071;"on. M. le président. Quel est l'avis du Gouvernement? Mme Christiane Scrivener, secrétaire d'Etat . Le Gouverne- men' est d'accord. M. le président. Je mets aux voix l'amendement n"" 6. (L'ameede'nent est adopté.) M. le président. En conséquence, l'article 3 est supprimé et les amendements n""^ 53, 54, 55 et 56 de M . Poperen deviennent sans objet . Article 4. M. le président . a Art. 4. — Le contrôle porte notamment sur les actes et conventions qui attribuent, directement ou indirec- tement, à un"
5_cri_1976-1977-ordinaire2_057.txt;187256;écono- mique, social et démographique dé. notre pays, cc qui implique que soit poursuivie une large politiqué de revitalisation du milieu rural mobilisant toutes les énergies . Dans cette perspec- tive, M. le Premier ministre avait indiqué, le 2 juin dernier, devant l'assemblée permanente des chambres d'agriculture, que se tiendrait, sous la présidence du secrétaire d'Etat à l'agricul- ture, une réunion interministérielle pour analyser l'effort glo- bal de l'Etat en faveur de l'aménagement et de
5_cri_1977-1978-ordinaire1_035.txt;2841;"chaque mois connait sa réforme, mais une règle du jeu maligne interdit d'en cerner le contenu avant la décision finale qui relève, le plus souvent, des plus hautes autorités de l'Etat. Ainsi, depuis que la commission des finances, de l'économie générale et du Plan a procédé à l'exan.en de ce projet de budget, un premier train d'ordonnances, destiné à adapter en partie la législation applicable à Saint-Pierre-et-Miquelon est entré en vigueur ; notre commission n'a pas eu à en connaître, mais elle"
5_cri_1977-1978-ordinaire1_035.txt;8369;a situation de l'emploi en métropole et de l'aspiration légitime des candidats migrants à une pro- motion sociale, elle appelle un effort de formation profession- nelle largement accru. Tout cela suppose, dans le contexte inflationniste que l'on sait, des moyens budgétaires supplémentaires qui n'apparaissent pas dans le document qui nous est soumis pour 1978. J'ajoute que, pour ce qui concerne la Réunion en particu- lier, il faudra certainement prendre des mesures en cours d'année. Alors, monsie
5_cri_1977-1978-ordinaire1_035.txt;9239;émogra- phique excessive dans nos départements d'outre-mer était une source de préoccupation majeure, dans la mesure où elle rédui- sait à néant l'impact des progrès enregistrés dans le domaine économique. Les données chiffrées qui nous ont été communiquées cette année indiquent de nets progrès aux Antilles, en même temps qu'un ralentissement encore insuffisant, mais qui autorise l'es- poir, à ia Réunion. Cela démontre que la politique de développement de la contraception commence à faire sentir
5_cri_1977-1978-ordinaire1_046.txt;21995;défendus, permettant ainsi d'améliorer la sécurité de l'avion et d'assurer la pénétration des défenses. Le niveau de connaissances atteint par nos bureaux d'études et le savoir-faire technologique de nos industriels, fruits de l'effort que nous nous sommes imposé depuis vingt ans, per- mettent d'envisager pour ce système des solutions techniques inédites, qui se situeront à la pointe du progrès. La possession d'un tel armement, associé à une force nucléaire stratégique, tous deux de conception e
5_cri_1977-1978-ordinaire1_046.txt;149137;ent vrai que M. le Président de la République s'est cru obligé, deux jours avant la présentation de ce projet de budget, de se déplacer en personne pour rencontrer ces personnels. Opération élec- torale? Que retireront de cette visite les marins, que peuvent en attendre les ouvriers qui défilaient dans les rues de Brest. sur un itinéraire différent de celui du cortège officiel ? La promesse d'une réunion de plus, pour prendre des décisions à horizon 1990! La marine n'est pas plus favorisée pour 
5_cri_1977-1978-ordinaire1_046.txt;150044;nneté égale, dans une situation inférieure à celle de leurs collègues des autres armes. Si l'on compare le pourcentage de 55 p' 100 dans la marine, à celui de 65 p. 100 dans l'armée de terre, armée pourtant beaucoup moins technique, ou aux 80 p. 100 dans l'armée de l'air, il faut bien convenir qu'il y a là plus qu'un problème important. Ces hommes du rang, à qui l'on confie des postes qui exigent la possession d'une technique, qui assument une véritable responsabilité, se verraient placés, dans 
5_cri_1977-1978-ordinaire1_048.txt;74224;e importance à l'exten- sion en leur faveur de la législation sur le chômage. A cet égard, je dois sans doute répondre par avance à une objection qui sera soulevée. Chaque année, des fonds destinés 7366 ASSEMBLEE NATIONALE — SEANCE DU 14 NOVEMBRE 1977 à ouvrir des chantiers de chômage sont mis à la disposition des préfets des départements d'outre-mer : 12 millions de francs, il y a deux ans à la Réunion, 7 millions de francs à la Guadeloupe et autant à la Martinique. En principe, ces fonds doive
5_cri_1977-1978-ordinaire1_048.txt;90539;le :rode du travail permet de satisfaire les besoins du travail à temps partiel quand ces besoins existent, et là où ils existent. Cela dit, je suis tout à fait désireux d'examiner les propo- sitions d'améliorations des textes qua vous me suggérez, et je suis déterminé à recueillir dans les semaines à venir l'avis du comité du travail féminin sur cette question . D'ailleurs nous tenons demain une réunion et cette question figure à l'ordre du four. Quant aux handicapés, je me borne à vous rappele
5_cri_1977-1978-ordinaire1_048.txt;170222;l'implantation future de l 'I. D. H. E. C., quels crédits il prévoit à ce sujet dès 1978 et comment il entend réévaluer la sub- vention de fonctionnement à l 'I. D . H . E. C. dont le montant clans le budget 1978 n'est pas au niveau des besoins. Constructions scolaires (paiement de la subvention de l 'Etat pour l'acquisition du terrain d'assiette du C . E. S. Jean-Moulin à Auber- villiers [Seine-Saint-Denisli. 42163. — 15 novembre 1977 . — M. Ratite rappelle à M . le ministre de l'éducation que 
5_qst_5-qst-1974-01-19.txt;30989;éalables à l 'établissement de la carte scolaire). 7620. — 19 janvier 1974. — M. Spénale appelle l 'attention de M. le ministre de l'agriculture et du développement rural sur l 'établissement de la carte scolaire de l 'enseignement agricole . Les travaux des commissions régionales ont donné lieu à une synthèse établie par la direction générale et présentée au ministère de l 'agriculture. Avant la réunion de la commission nationale de la carte scolaire, les organisations professionnelles, les par
5_qst_5-qst-1974-01-19.txt;35742;arisation du marché de -e pomme de table. Bois et forêts (personnels techniques et ingénieurs des travaux des forêts : amélioration de leur situation). 7635. — 19 janvier 1974 . — M. Brugnon appelle l'attention de M. le ministre de l'agriculture et du développement rural sur la situation des personnels techniques et des ingénieurs des travaux des forêts. Il lui fait observer qu 'a la suite d 'une réunion tenue le 23 novembre 1973 à Paris, les organisations syndicales concer- nées ont demandé : 1
5_qst_5-qst-1974-01-19.txt;92900;"ns concernant les charges et prestations . M. Jans demande à M. le ministre de l 'économie et des finances quelles mesures il compte prendre : 1 "" pour réduire les taxes frappant le fuel domestique ; 2 "" pour réduire la T.V.A. au taux de 7 p. 100 pour toutes les constructions H .L.M. et les fournitures nécessaires aux locataires. Impôts (renseignements fiscaux concernant Montreuil et Rosny (Seine-Saint-Denis]). 7563. — 19 janvier 1974. — M. Odru demande à M . le ministre de l 'économie et des fi"
5_qst_5-qst-1974-04-27.txt;31174;"ésents et à venir de la mise en service des deux autoroutes qui franchiront la chaîne pyrénéenne à ses extrémités . II lui demande : a) quels sont les membres qui composent ce groupe de travail ; b) quelles sont les missions qui lui sont imparties ; c) à quelles dates il s'est déjà réuni ; d) quelles sont les décisions qu 'il a déjà prises ; e) si des procès-verbaux ont été rédigés à la suite des réunions tenues par ce groupe de travail sur les liaisons routières trans- pyrénéennes et s 'ils ont"
5_qst_5-qst-1974-04-27.txt;33709;le maritime assistée de spécialistes de la société (américaine) Mackinsey a réuni au siège social, à Paris, l 'ensemble des repré- sentants syndicaux des sociétés du groupe et leurs filiales, pour leur communiquer le projet de restructuration qui devrait étre réalisé dans les plus brefs délais. Il considère que si des pro- blèmes de restructuration se posent, les projets exposés au cours de cette réunion remettent en cause l'esprit et la lettre de la loi sur l'organisation de la marine marchande
5_qst_5-qst-1974-04-27.txt;34250;". Eu égard à l'importance et aux conséquences sociales, économiques, financières et politiques d 'un tel projet, il estime qu'il n'appartient pas à un Gouvernement chargé d 'expédier les affaires courantes, de permettre une telle opération sans consultation préa- lable du Parlement. Il lui demande en conséquence : 1° à quel titre, une société américaine (société Mackinsey) pouvait participer à la réunion convoquée par la direction de la Compagnie générale maritime, le jeudi 11 avril 1974 ; 2' s'"
5_qst_5-qst-1975-07-19.txt;82261;seront publiées les recommandations du groupe de travail chargé d'étudier ce problème icf. la question écrite n° 12162 du 10 juillet 1974, et dans quels délais une réglemen- tation adaptée à ces constructions pourra être rendue applicable. Lotissements (conditions d 'attribution de permis de cons-Indre sur des parcelles résultant d'un partage familial après rente). 21477. — 19 juillet 1975. — M. Saint-Paul expose à M. le ministre de l'équipement qu'à la suite d 'un partage familial, un terrain c
5_qst_5-qst-1975-07-19.txt;89361;ment comptant minimum exigé, qui devrait étre ramené de 30 p . 100 à 20 p. 100. INTERIEUR Sapeurs-pompiers (revendications statutaires des sapeurs-pompiers professionnels). 21449. — 19 juillet 1975 . — M. Alduy attire l 'attention de M. le ministre d'Etat, ministre de l 'intérieur, sur le mécontentement pro- voqué chez les sapeurs-pompiers professionnels par l 'absence, dans l'ordre du jour de la réunion plénière de la commission nationale 19 Juillet 1975 ASSEMBLEE NATIONALE 5273 paritaire de la
5_qst_5-qst-1975-07-19.txt;141815;"cilités pour l 'attribution d 'une carte priorité de la R .A.T.P. ; prolongation de la durée de certains stages ; sup- pression de l'abattement d 'âge pote les stagiaires de moins de vingt et un ans . En conséquence, il'. lui demande quelle_ mesures il compte prendre pour que ces revendications soient satisfaites. Grèves (expulsion des travailleurs en grève d'une entreprise de Noisy-le-Sec [Seine-Saint-Denis)). 21533. — 11 juillet 1975. — M. Gouhier attire l 'attention de M. le ministre du trava"
5_qst_5-qst-1977-07-09.txt;9550;"uit de titres sociaux d'une société civile). 39432. — 9 juillet 1977. — M . Chauvet expose à M . le Premier ministre (Economie et finances) qu'un particulier, souscripteur avant le 20 septembre 1973 de 95 p . 100 des parts d'une société civile non transparente ayant construit un immeuble affecté pour les trois quarts à l'habitation, a acquis le 30 octobre 1973 le solde des titres sociaux ; par la réunion de toutes les parts entre ses mains, la société civile s 'est trouvée dissoute. Il lui deman"
5_qst_5-qst-1977-07-09.txt;46650;élèves et les familles. Ainsi les jeunes filles qui avaient choisi l'option s économie familiale et qui étaient cette année en classe de I ' n 'auront d 'autre solution que de se recycler car on a tout simplement supprimé la classe de terminale pour la prochaine rentrée . De mène le nombre des classes conduisant au bac D' est en forte diminution, on s'apprête ainsi progressivement à fermer la seule porte d 'accès qui conduisait à l 'enseignement supérieur. Pour ce qui concerne le fonctionnement 
5_qst_5-qst-1977-07-09.txt;58476;de la culture et de l'environnement l 'urgence de réaliser la construction d'un deuxième élévateur à l'hôpital Laennec puisque les travaux prévus dans cet hôpital vont priver les services situés aux étages supérieurs et recevant soixante-douze malades, de l 'usage de l 'unique ascenseur vétuste et souvent en panne . Au cas où la construction du deuxième ascenseur se trouverait retardée parce qu'elle porterait atteinte à la salle Damaschino, le parlementaire susvisé souligne qu'il serait nécessai
6_cri_1978-1979-extraordinaire2_006.txt;61120;érables, tant pour la Compagnie générale maritime que pour les départements des Antilles, obligés de financer de nouvelles infrastructures. Plus grave est la suppression du port bananier de Basse-Terre, qui fait vivre un grand nombre de dockers et autour duquel gravitent des activités diverses . L'inquiétude grandit chez les petits planteurs, qui devront acheminer désormais leur produc- tion vers le port de Pointe-à-Pitre, situé à plia de soixante kilomètres de chez eux, alors qu'actuellement il
6_cri_1978-1979-extraordinaire2_006.txt;157217;SCRUTIN (N° 155) i Notebart. Nucci, Pourchon. Prouvost. Santrot. Savary. Sur l'amendement n° 7 de M . Hautecaeur à l'article unique de la Pesce. Philibert . Quilès. Raympnd. Sénés. Taddei. proposition de résolution tendant à la création d 'une commission Plerret. Pignion. Richard (Alain). Rocard (Michel) . Tendon. Vidal. d 'enquête sur la situation de l'emploi et le chômage. (La commis- Pistre . Saint-Paul. Vivien (Alain). sion sera aussi chargée d'évaluer Les effets sur l 'emploi d'une Poperen 
6_cri_1978-1979-extraordinaire2_006.txt;157320;Hautecaeur à l'article unique de la Pesce. Philibert . Quilès. Raympnd. Sénés. Taddei. proposition de résolution tendant à la création d 'une commission Plerret. Pignion. Richard (Alain). Rocard (Michel) . Tendon. Vidal. d 'enquête sur la situation de l'emploi et le chômage. (La commis- Pistre . Saint-Paul. Vivien (Alain). sion sera aussi chargée d'évaluer Les effets sur l 'emploi d'une Poperen . Sainte-Marie. Ont voté contre : Wilquin (Claude). réduction de la durée de travail hebdomadaire à 35
6_cri_1978-1979-ordinaire1_025.txt;14479;l s'agit-là d'une évidence. Je dirai, d'autre part, un mot de nos industries nationales et tout d'abord des usines Renault. La situation du secteur automobile en France est bonne, cha- cun le sait, et la régie Renault a profité comme les autres de cette conjoncture favorable. Néanmoins, le marasme que l'on constate dans l'industrie des poids lourds en France affecte, en particulier, la Régie . La réunion de Berliet et de Saviem doit se prolonger en une fusion donnant naissance à la société Renau
6_cri_1978-1979-ordinaire1_025.txt;160572;de nous aider à redonner vigueur à une conception solidaire du redéploiement industriel sur notre territoire . Qu'on ne nous contraigne pas à solliciter les initiatives privées hors du territoire national ! Récemment, nous avons voulu organiser, avec le concours du patronat français, des visites en Alsace pour essayes d'obtenir que des entreprises s'y installent. Tout avait été préparé, mais les réunions et les visites ont dû être annulées, faute de candi- dats ! Nous voulons bien parcourir le p
6_cri_1978-1979-ordinaire1_025.txt;205398;"te de leur impôt sur le revenu établi sur les revenus de 1976. Pour l 'établissement des sommes dues, ont été appli- quées les méthodes de calcul de rendement à l'hectare qui ont été approuvées par la commission départementale des impôts directs du département de la Haute-Corse au cours de ses séances des 25 mai et 1""' . juin 1977. Les intéressés avaient été avisés des décisions prises à ces deux réunions par une information largement diffusée par la presse mi-juin 1977 ainsi que par des informa"
6_cri_1978-1979-ordinaire1_050.txt;11456;tait au cours do l'été 1977 sur ce trajet France—Amérique du Nord. Il faut donc persévérer, tout en prêtant également une grande attention aux autres relations avec les pays européens, avec la Corse et avec les départements et territoires d'outre-mer. MM. Pasquini et Bozzi ont évoqué les liaisons aériennes avec la Corse. Je me suis rendu à plusieurs reprises cet été en Corse pour participer à des réunions de travail dont les élus ont reconnu qu'elles avaient été positives puisque un certain nomb
6_cri_1978-1979-ordinaire1_050.txt;12993;i que leurs collègues représentants de la Corse, que les problèmes des deux dépar- tements de Pile seront étudiés avec le plus grand soin par mes services, ainsi que — je le pense — par les deux compa- gnies qui assurent leur desserte aérienne. M. Pierre Pasquini . Très bien ! M. le ministre des transports. MM . Lagourgue et Fontaine se préoccupent bien légitimement des liaisons aériennes avec la Réunion. M. Fontaine, avec toute la passion qui le caractérise, a évoqué les difficultés que recontr
6_cri_1978-1979-ordinaire1_050.txt;13101;udiés avec le plus grand soin par mes services, ainsi que — je le pense — par les deux compa- gnies qui assurent leur desserte aérienne. M. Pierre Pasquini . Très bien ! M. le ministre des transports. MM . Lagourgue et Fontaine se préoccupent bien légitimement des liaisons aériennes avec la Réunion. M. Fontaine, avec toute la passion qui le caractérise, a évoqué les difficultés que recontrent les Réunionnais pour venir en France en raison du coin élevé des liaisons entre Saint- Denis et Paris. J
6_cri_1978-1979-ordinaire1_056.txt;41220;"urisme social pour 1978 devrait être six fois plus élevé que celui que vous nous soumettez. Pour atteindre les objectifs du rapport Blanc ils étaient étalés sur cinq ans — il faudrait prévoir, au rythme actuel, trente ans. Pourtant les prévisions avancées dans ce rapport étaient déjà très insuffisantes. Selon une étude approfondie réalisée par l'association Tourisme et travail, il ""con viendrait ale porter à 0.25 p. 100 du budget de l'Elat le montant des subventions d'investissement pour le tour"
6_cri_1978-1979-ordinaire1_056.txt;75444;s bien! Mme Mo reau a, par ailleurs, et conne l'avait fait M. Bernard Marie, souligné que le tourisme est une véritable industrie, et M. le ministre de la jeunesse, des sports et des loisirs. Et je mene, pour reprendre leurs propos, une industrie de pointe . prends un exemple : pour la première fois sera organisée à la Mais cette industrie n'est pas encore suffisamment reconnue fin de ce mois une réunion des représentants de l'administra- par l'opinion, tout simplement parce que les ordres de gr
6_cri_1978-1979-ordinaire1_056.txt;91871;et de voir l'ensemble C'est pourquoi je souhaite que le comité national soit renforcé des crédits d'investissement touristique regroupés sur une seule sur le plan administratif et qu'une convention précise les contri- ligne. butions respectives de l'Etat et de la profession horticole . Celle-ci Dans un premier temps, je m'efforce de faire en sorte que m'a donné son accord sur ces deux points . La réunion du comité les liens de l'administration du tourisme, de la DATAR, des national qui se tiendr
6_cri_1978-1979-ordinaire1_058.txt;67567;Le territoire calédonien est en effet tribu- taire du nickel, sa principale richesse . C'est l'activité principale. Elle fournit fia p. 100 des exportations et le quart des recettes du budget territorial. Or la Calédonie est malade de cette monoproduction et la chute du cours du dollar, dont dépend celui élu nickel . entrain() les finances du territoire vers des déficits ve rtigineux. Lors tic la réunion extraordinaire du comité d'entreprise du mois d'août 1978, le président-directeur général de
6_cri_1978-1979-ordinaire1_058.txt;111049;1978, sur sa terre natale : « Le problème de l'avenir n'est pas celui de l'appar- tenance ou non 'à la République . Ce problème ne se pose pas. C'est celui du niveau de dévelop pement qu'atteindra notre terre toire clans l'ensemble français . » Les iles Wallis et Futuna sont à près de trente heures d'avion de Paris. Elles appartiennent à la France des marches, au même titre que la Bretagne où la Réunion. Il est légitime que les habitants du territoire partagent les devoirs de tous les Français, 
6_cri_1978-1979-ordinaire1_058.txt;139510;Fost. Puis-je me permettre de vous interrompre, monsieur le secrétaire d'Etat ? M. Paul Dijoud, secrétaire d'Etat. Bien volontiers ! M. le président . La parole est à Mine Fost, avec l'autorisation de M . le secrétaire d'Etat. Mme Paulette Fost . Vous avez été également chargé des immigrés, monsieur le secrétaire d'Eiat . A ce titre, vous avez visité en long et en large le département de la Seine-Saint-Denis. Mais, depuis lors, la situation des travailleurs immigrés en Seine-Saint-Denis, non seu
6_cri_1978-1979-ordinaire1_076.txt;885;ENCE DE M. ROBERT STASI 1. — Demandes de votes sans débat (p. 8656). 2. — Questions orales sans débat (p. 8056). PRESSE (Question de M . Villa) (p. 8656). MM. Villt, Lecat, ministre de la culture et de le communication. IMPOSITION DES BÉNÉFICES AGRICOLES DANS LE FINISTÈRE (Question de M . Goasduff) (p. 86571. MM. Goasduff, Lecat, ministre de la culture et de la commu- nication. INSTITUTEURS DE LA RÉUNION (Question de M . Fontaine) (p. 8658). MM. Fontaine, Beullac, ministre de l 'éducation. MARCI
6_cri_1978-1979-ordinaire1_076.txt;1766;nement et du cadre de vie, chargé de l'environ- nement. INSTITUT DE RECHERCHES DE LA SIDÉRURGIE (Question de M. Depietri) (p. 8663). MM. Depietri, Delmas, secrétaire d 'Etat auprès du ministre de l'environnement et du cadre de vie, chargé de l 'environnement. ORDRE PUBLIC (Question de M . Gosnat) (p. 8665). MM. Gosnat, Christian Bonnet, ministre de l 'intérieur. ATrncnÉs COMMUNAUX (Question de M. Sainte-Marie) (p. 8666). MM. Sainte-Marie, Christian Bonnet, ministre de l 'intérieur. SECTES (Quest
6_cri_1978-1979-ordinaire1_076.txt;1795;argé de l'environ- nement. INSTITUT DE RECHERCHES DE LA SIDÉRURGIE (Question de M. Depietri) (p. 8663). MM. Depietri, Delmas, secrétaire d 'Etat auprès du ministre de l'environnement et du cadre de vie, chargé de l 'environnement. ORDRE PUBLIC (Question de M . Gosnat) (p. 8665). MM. Gosnat, Christian Bonnet, ministre de l 'intérieur. ATrncnÉs COMMUNAUX (Question de M. Sainte-Marie) (p. 8666). MM. Sainte-Marie, Christian Bonnet, ministre de l 'intérieur. SECTES (Question de M . Alain Vicies) (p. 
6_cri_1978-1979-ordinaire1_106.txt;50547;e loi sera imprimée sous le numéro 872, distri- buée et renvoyée à la commission d' la production et des échanges, à défaut de constitution d'une commission s péciale dans les délais prévus par les articles 30 et 31 du règlement. J'ai reçu de M. Robert Montdargent et plusieurs de ses collègues une proposition de loi instituant des mesures sociales en faveur des travailleurs antillais, guyanais et réunionnais immigrés en France. La proposition de loi sera imprimée sous le numéro 873, distribuée e
6_cri_1978-1979-ordinaire1_106.txt;74033;CONTRÔLE SUR LA GESTION DE LA SÉCURITÉ SOCIALE (21 sièges à pour',oir.) MM. Pierre Bourson, Jean Delaneau, Jacques Delong, Laurent Fabius, Jacques-Antoine Gau, Antoine Gissinger, Roger Gouhier, Pierre Jagoret, Maxime Kalinsky, Marc Lauriol, Jeseph Legrand, Alain Madelin, Claude-Gérard Marcus, Gilbert Millet, Mme Hélène Missoffe, MM. Michel Noir, . Bernard Pons, Main Richard, André Rossinot, André Saint-Paul et Jean-Louis Schneiter. Ces candidatures ont été affichées et la nomination prend effet 
6_cri_1978-1979-ordinaire1_106.txt;84368;nce, elle lui demande quelles mesures il compte prendre puer empêcher cette expulsion et pour que cette .famille n'ait pas à régler les sommes énormes qui lui sont demandées. Enseignement secondaire (personnel de direction). 10438. — 21 décembre 1978 . — M . Pierre Zarka appelle l'attention de M . le ministre de l'éducation sur la situation des proviseurs de lycées d'enseignement professionnel de Saint-Denis. Les actuels pro- viseurs des lycées d'enseignement professionnel (ex-directeurs de CET)
6_cri_1978-1979-ordinaire2_017.txt;25699;manifester d'une manière plus générale une attitude plus ouverte, une attitude de compréhension vis-à-vis de l'usager appelé ensuite à se plaindre de la décision . En tout cas -- et sur ce point, je rejoins M . le rapporteur — il est infiniment souhaitable que la portée de cette mesure soit étendue à tous les cas où l'administration exerce un pouvoir d'appréciation - elle n'aurait qu'une très faible portée si elle se limitait aux cas où l'administration exerce une compétence liée, c'est-à-dire o
6_cri_1978-1979-ordinaire2_017.txt;44366;souhaitait pas, précisément, l'étendre à l'infini . Nous reviendrons sur ce point lors de la discussion des articles. Je pense qu'il ne faut pas aller trop loin. Le projet n'énonce pas une obligation de motiver générale et absolue, qui serait tout à fait déraisonnable. Des exceptions doivent être prévues. Le première exception se justifie d'elle-même : la motivation ne peut être retenue lorsqu'elle porterait atteinte à la défense nationale, à la sécurité publique ou à la sûreté de l'Etat. Le pro
6_cri_1978-1979-ordinaire2_017.txt;110859;ÔT DE PROPOSITIONS DE LOI Page 2995, 2' colonne, 13' alinéa : Au lieu de : J'ai reçu de M. Roger Fenech une proposition de loi tendant à modifier le régime d'imposition forfaitaire annuel des sociétés s, Lire : e J 'ai reçu de M. Roger Fenech une proposition de loi tendant à modifier le régime d'imposition forfaitaire annuelle des sociétés.« Ordre du jour établi par le conférence des présidents. (Réunion du mardi 24 octobre 1979 .) La conférence des présidents a établi comme suit l'ordre du jour
6_cri_1978-1979-ordinaire2_042.txt;91369;écision commu- nautaire de quelque importance, et non seulement sur e certains projets d'actes communautaires s. Outre la consultation des organisations sociales — en parti- culier syndicales — qualifiées dans le domaine intéressé, nous prévoyons celle des commissions permanentes compétentes de l'Assemblée nationale, qui auditionneraient systématiquement le ministre concerné avant et après chaque réunion du conseil des ministres européens . Ces commissions pourraient, après discussion, adopter d
6_cri_1978-1979-ordinaire2_042.txt;115025;ble — sans pour autant qu'on puisse consi- dérer qu'elle constitue une manifestation de méfiance à l'égard du Gouvernement ou une volonté d'entraver son pouvoir de négociation puisque l'article 164 de l'ordonnance de 1958 fixe des limites aux pouvoirs d'investigation des parlementaires, notam- ment pour tout ce qui touche à la défense nationale et à la conduite de la politique étrangère. Le contrôle porterait donc principalement sur toutes les déci- sions concrètes liées à la quasi-législation q
6_cri_1978-1979-ordinaire2_042.txt;163834;es jugent- ainsi si les communications qui leur sont faites par le-Gouver- nement leur paraissent satisfaisantes et conformes à ce qui est prévu par la loi, par exemple en ce qui concerne- les négociations en cours. Mais il,est entendu que ce sont les commissions qui, suivant la procédure habituelle, traitent des questions au fond, donnent leur avis, et publient des communiqûés à l'issue de leurs réunions. Ce point, pour le moment, n'est pas clair: 11 aurait besoin d'être élucidé avant que nous 
6_cri_1979-1980-ordinaire1_032.txt;9886;m'a pas convaincu. En effet, une année qui passe, c'est un temps qui ne se rattrape plus, c'est un retard susceptible de faire courir de nouveaux risques à nos ports. Les résultats obtenus grâce au dynamisme des responsables de nos établissements portuaires prouvent que l'Etat n'a pa le droit de se priver d'outils aussi utiles à l'économie française. Aucun projet significatif n'est envisagé pour le port de Dunkerque en 1980. Pourtant, que d'efforts personnels ont déjà été consentis par cet établ
6_cri_1979-1980-ordinaire1_032.txt;25761;yens de transport de ja production bananière des Antilles. Ce faisant, elle ne s'est nullement préoccupée des conséquences sociales drama- tiques qui en résulteraient : perte de milliers d'emplois à Dieppe, perte de 400 emplois de dockers à Rouen, puisque les quatre porte-conteneurs qui rem placeront les quatorze bananiers de la C .G .M. ne rentreront plus dans les deux ports normands. Voilà donc le port de Dieppe, où la pluralité, limitée, des activités s 'accompagnait d'une spécialisation pous
6_cri_1979-1980-ordinaire1_032.txt;74694;t étre renouvelée . Mais il est également regret- table que, dans un secteur d 'une telle importance économique pour nos régions, ce soit encore le règne du coup par coup pour le déblocage des fonds. Nous renouvelons notre demande d'un véritable plan pluri- annuel, seul capable de soutenir une véritable politique d'entraî- nement. Nous en sommes très loin . Le seul espoir réside dans la prochaine réunion de la commission du plan de relance, dont nous attendons toujours que la date soit fixée. M.
6_cri_1979-1980-ordinaire1_044.txt;88234;menter très sensiblement, par exemple, les crédits dont nous avons besoin pour les déplacements outre-mer pour que les fonctionnaires parisiens acquièrent une bonne connaissance de la réalité des territoires qu'ils admi- nistrent. De même, nous avons dégagé des crédits -pour renforcer notre politique de concertation avec les territoires, en particulier, pour financer les colloques et les diverses réunions que nous organisons dans le Pacifique afin que puisse naître et se déve- lopper une politiq
6_cri_1979-1980-ordinaire1_044.txt;124648;rales d'un projet ambitieux. Définir une politique de recherche et préciser les actions économiques à conduire, aussi bien en matière d'approvisionnement pétrolier qu'en matière de pêche ou dans d'autres domaines, voilà notre but. Par ailleurs, l'assainissement de la situation financière du territoire implique que nous trouvions une solution au problème de l'accès au territoire et, à ce sujet, la Réunion me paraît être le correspondant privilégié des terres australes dans l'éta- blissement d'un 
6_cri_1979-1980-ordinaire1_044.txt;139800;certains crédits de fonctionnement. L'ajustement des dotations affectées au Bumidom entraîne une augmentation de 1,5 million de francs . Cette progression sera- t-elle suffisante pour faire face aux tâches sans cesse accrues de cet organisme ? Si le nombre des migrations contrôlées par le Bumidom reste stabilisé depuis plusieurs années autour de 10 000 personnes, dont 5000 pour la seule île de 'a Réunion, il ne faut pas oublier que le nombre des migrations spontanées augmente constam- ment. Etan
6_cri_1979-1980-ordinaire1_045.txt;42956;plication . On ne réagit bien qu'à ce que l'on connaît . Ainsi, des actions d'in- formation ont été menées par le ministre de la justice vis-à-vis des magistrats et par le ministre de l'intérieur à l'égard du per- sonnel de police. Le ministre de l 'éducation s'applique à généraliser, dans les établissements scolaires, l'installation de clubs de santé afin de permettre aux jeunes d'assister à des réunions d'information pour mieux comprendre le phénomène et aux enseignants d'être mieux formés pou
6_cri_1979-1980-ordinaire1_045.txt;66490;eur le secrétaire d'Etat, des descriptions apocalyptiques. Je ne m'arrêterai donc pas aux manifestations, cortèges, protestations dont nos départements d'outre-mer viennent d'être le théâtre. Je ne me ferai pas non plus l'écho des graves préoccupations — pourtant légitimes — qui se font jour devant certaines reven- dications qui s'expriment, par exemple, en Guyane, des diffi- cultés rencontrées à Saint-Pierre-et-Miquelon, des incertitudes qui subsistent à Mayotte, des nuages peut-être annonciate
6_cri_1979-1980-ordinaire1_045.txt;66626;os départements d'outre-mer viennent d'être le théâtre. Je ne me ferai pas non plus l'écho des graves préoccupations — pourtant légitimes — qui se font jour devant certaines reven- dications qui s'expriment, par exemple, en Guyane, des diffi- cultés rencontrées à Saint-Pierre-et-Miquelon, des incertitudes qui subsistent à Mayotte, des nuages peut-être annonciateurs d'orages qui s'amoncellent à la Réunion et, surtout, à la Marti- nique et à la Guadeloupe. Je résisterai aussi à la tentation des bi
6_cri_1979-1980-ordinaire1_113.txt;4363;érieur, chargé des départements et territoires d'outre-mer, sans douter de votre influence au sein des conseils des ministres et des comités interministériels, j'aurais aimé que M. le Premier ministre vint répondre lui-même à cette question que le règlement rend bien brève eu égard à son importance. Mais je sais que vous pourrez le faire à sa place. Mon expérience, comme il se doit, est liée à la Réunion . Mais il y a d'autres départements d'outre-mer . Il y a aussi les terri- toires d'outre-mer
6_cri_1979-1980-ordinaire1_113.txt;12549;e la France le veut dans la manifestation la plus évidente de sa souveraineté et de sa volonté, puisque aucun département ne peut quitter la nation sans que l'ensemble du peuple de France en décide. Il est donc clair que nos départements d'outre-mer sont français pour toujours, font partie de la terre de la France et constituent, ainsi que j'ai eu l'occasion de le dire dès mon premier voyage à la Réunion, le sol sacré de notre patrie que nous défendrions avec la même volonté, le même acharnement
6_cri_1979-1980-ordinaire1_113.txt;15871;e, n'est-il pas significatif que le parti communiste n'ose jamais montrer son véritable visage et reconnaître qu'il milite auprès de certains pays étrangers pour la séparation et l 'indépendance, alors que, au contraire, dans ses déclarations, il prétend se diriger vers on ne sait quelle autonomie, mais dans des condi- tions qui ne trompent personne ? Il a fallu la visite de Georges Marchais à la Réunion, il y a quelques mois, pour qu'apparaissent les véritables objectifs du parti communiste, ob
6_cri_1979-1980-ordinaire1_118.txt;94189;chefs d 'exploitation par suite du décès de leur conjoint. « Dans des conditions prévues par décret, les terres rendues disponibles peuvent être cédées à un ou plusieurs chefs d'exploi- tation à titre principal s'installant ou déjà installés. Ces terres doivent être cédées en pleine propriété ou dans les conditions prévues au livre VI du code rural, en respectant la régle- mentation des cumuls et réunions d'exploitations . Ces terres peuvent être également affectées au reboisement ou à un usage 
6_cri_1979-1980-ordinaire1_118.txt;96468;"onnels. M. le président. Quel est l'avis du Gouvernement ? M. le ministre de l'agriculture. Favorable aux deux amende- ments. M. le président . Je mets aux voix l'amendement n"" 74. (L'amendement est adopté .) M. le président. M . Cornette, rapporteur, a présenté un amen- dement n° 75 ainsi rédigé : a Dans le quatrième alinéa de l'article 28, substituer aux mots : a la réglementation des cumuls et réunions d'exploi- tations », les mots : a les règles relatives au contrôle des structures des explo"
6_cri_1979-1980-ordinaire1_118.txt;268815;s d'exploitants, qui parti- cipent très largement à la vie du monde rural et à l'activité écono- mique, et la revalorisation des retraites, que vous envisagez. Par ailleurs, des dispositions foncières très importantes ont été adoptées et devraient alléger la charge des agriculteurs. Ce texte, je le répète, a été largement amendé . D'abord, par la commission spéciale, qui a tenu de très nombreuses réunions — et vous me permettrez de remercier et de féliciter une nou- velle fois ion président, M. 
6_cri_1979-1980-ordinaire2_064.txt;39359;st moins d 'un excès de « tertiaire e que souffrent les départements d'outre-mer que d'un défaut de production et du démantèlement en cours des bases productives agricoles, provoqué par le redéploiement du grand capital à l'échelle internationale. Actuellement, on assiste à une chute chaque année plus catas- trophique de la production sucrière aussi bien à la Guadeloupe qu'à la Martinique ou à la Réunion. A la Martinique, la banane est la première activité de Pile. Sur les 10 000 hectares planté
6_cri_1979-1980-ordinaire2_064.txt;39797;t la première activité de Pile. Sur les 10 000 hectares plantés votre plan dit de «restructura- tion vise à en supprimer 2 500. Mais c'est aussi 2 500 emplois qui sont supprimés, 2 500 familles de travailleurs qui perdent leurs ressources. En l'occurrence, le cyclone David vous a aidé, monsieur le secrétaire d'Etat, à faire l'arrachage que vous aviez prévu. I1 en est de même pour le géranium à la Réunion . Votre refus d'apporter une aide véritable aux petits planteurs — 700 francs pour trois moi
6_cri_1979-1980-ordinaire2_064.txt;45024;"e réso- lution de la France . Sur place, des fonctionnaires français de grande qualité, particulièrement l'inspecteur général Robert, mènent celte politique et s'efforcent de rapprocher les points de vue. C'est une entreprise difficile . Ils n'ont pas réussi dès ASSEMBLEE NATIONALE — 3"" SEANCE DU 10 JUIN 1980 1691 Entourées par la nier, les populations de la Guadeloupe, de la Martinique et de la Réunion ne bénéficient nullement (les possibilités que leur offre pourtant la pêche . Il n'y a qu'à a"
6_cri_1979-1980-ordinaire2_067.txt;7611;'Etat, nous donner des assurances sur la fermeté des intentions de la France. Je traiterai maintenant d'une réalité qui n'est pas toujours perçue comme elle devrait l'être par nos com patriotes. alors même qu'elle est une grande richesse de noire pays . Je veux parler de la présence en métropole de plusieurs centaines de milliers de nos compatriotes originaires des Antilles, de la Guyane ou de la Réunion. Environ 450 000, parait-il, vivent en métropole . J'emploi volon- tairement l'expression « 
6_cri_1979-1980-ordinaire2_067.txt;8446;rtiennent depuis plusieurs siècles, conservent cependant quelques traits originaux qui incitent à mieux les connaitre, à mieux cerner leurs problè- mes et leurs préoccupations et à s'efforcer, clans toute la mesure du possible, d'y répondre. Faisons d'abord justice d'un cliché qui a la vie dure et dont je suis bien persuadé qu'il n'est pas tout à fait innocent . Les Antillais, les Guyanais ou les Réunionnais qui décident de quitter leur département natal pour venir en métropole, ne sont pas des 
6_cri_1979-1980-ordinaire2_067.txt;11380;'Etat, le Bumidom, existe. Elle a, certes, réalisé un excellent travail dans le passé. Je ne suis pas convaincu, devant l'évolution de la migration, qu'elle soit encore aujourd'hui armée comme elle devrait l'être. Je ne suis pas convaincu non plus, en dépit de tous les efforts déployés, que le Bumidom soit en mesure d'ap- porter, à toute personne qui vient de façon spontanée des Antilies ou de la Réunion, l'aide dont elle peut avoir besoin aux premiers temps de son séjour en métropole. Lorsqu'el
6_qst_6-qst-1979-02-24.txt;14046;nt de plus en plus de responsabilités par suite du développement de l'action sociale menée par les communes et qu 'il importe, par conséquent, de ne pas dévaloriser cet emploi. En conséquence, il lui demande s'il compte prendre prochainement des dispositions en faveur de cette catégorie du personnel communal. Prestations familiales (prêts aux jeunes ménages). 12598. — 24 février 1979. — M. Michel Sainte-Marie attire l'atten- tion de Mme le ministre de la santé et de la famille sur l'insuffi- san
6_qst_6-qst-1979-02-24.txt;14921;ressés des moyens les plus souvent indispensables à leur installation familiale . Aussi, il lui demande quelles mesures elle compte prendre pour que ces prêts soient attribués aux jeunes ménages qui y ont droit sans limitation des crédits d 'Etat, c 'est-à-dire dans des conditions comparables aux autres prestations légales. Enfance inadaptée (établissements). 12599. — 24 février 1979. — M. Michel Sainte-Marie appelle l'atten- tion de M. le ministre de la ieunesse, des sports et des loisirs sur l
6_qst_6-qst-1979-02-24.txt;56820;-vingt-sept de ses ouvriers en mars 19','t, vient de décider de supprimer trente-sept emplois dont an service en totalité. Le prétexte invoqué serait que les licencieme ris effectués en mars auraient coûté cher et déséquilibra: en conséquence le bilan finan- cier. Ce prétexte scandaleux est une injure faite aux travailleurs privés de leur emploi . L'entreprise Letang-Rés, y, qui s'est installée à Saint-Pierre-de-Varengéville (Seine-Maritime ', poursuit en réalité la liquidation de ses établissem
6_qst_6-qst-1979-08-11.txt;3459;s pas été payées pdur l 'hivernage 1977-1978, ce qui représente un retard de dix-huit mois. Dans ces conditions, il lui demande que ces règlements soient effectués dans les meilleurs délais, faute de quoi, les agriculteurs de montagne refuseront toute crédibilité aux déclarations présiden- tielles et gouvernementales sur le maintien des agriculteurs en zone de montagne. Départements d'outre-nier (Réunion : Français de l'étranger). 19298. — 11 août 1979. — M . Pierre Lagourgue s'étonne de la répo
6_qst_6-qst-1979-08-11.txt;3814;"zone de montagne. Départements d'outre-nier (Réunion : Français de l'étranger). 19298. — 11 août 1979. — M . Pierre Lagourgue s'étonne de la réponse faite par M . le ministre de l'intérieur à sa question écrite n"" 15648 du 28 avril 1979. En effet, à aucun moment il ne lui était demandé d 'étendre le champ d 'application de l 'article 3 de la loi n"" 61-1439 du 26 décembre 1961 au département de la Réunion, mais aux Français ayant dû quitter le territoire malgache et s'installer à la Réunion . Or,"
6_qst_6-qst-1979-08-11.txt;3901;"— 11 août 1979. — M . Pierre Lagourgue s'étonne de la réponse faite par M . le ministre de l'intérieur à sa question écrite n"" 15648 du 28 avril 1979. En effet, à aucun moment il ne lui était demandé d 'étendre le champ d 'application de l 'article 3 de la loi n"" 61-1439 du 26 décembre 1961 au département de la Réunion, mais aux Français ayant dû quitter le territoire malgache et s'installer à la Réunion . Or, et jusqu 'à l 'heure, les dispositions de la loi rappelée ci-dessus, relative à l'accu"
6_qst_6-qst-1980-02-18.txt;112203;u'il instituerait une rente, dont le montant annuel ne devrait pas, au cours de la première année, inférieur au minimum vieillesse. Poissons et produits de la mer (baleines). 26008 . — 18 février 1980. — M. Jacques Gudfrain attire l 'atten- tion de M . le ministre de l'environnement et du cadre de vie sur la communication que le Gouvernement français a faite à la délé- gation française lors de la réunion, en juin 1978, de la commission baleinière internationale : l'embargo sur les produits balei
6_qst_6-qst-1980-02-18.txt;148695;ire mondiale est encore enviable et ne justifie aucun décou ragement de la part de ses locuteurs, même en terre japonaise, où Il y a des traducteurs. » M. Pierre Bas demande à nouveau que l'attention des savants français de tous ordres soit appelée de façon for- melle sur leurs devoirs envers leur propre pays et sa langue . II est intolérable que nos élites intellectuelles donnent le spectacle de la possession maladroite d'une langue étrangère alors qu 'ils peuvent parler dans leur propre langue
6_qst_6-qst-1980-02-18.txt;158905;e ticket modérateur constituera en effet pour des milliers de travailleurs modestes un risque et une charge relative- ment beaucoup plus élevés que pour les couches les plus aisées. Il s'agit incontestablement d 'une mesure de classe d'ailleurs direc- tement inspirée des thèses du C.N.P.F. Cette mesure restreindra le droit des organismes mutualistes de fixer litrement leurs pres- tations. Enfin elle portera atteinte à une liberté fondamentale: le droit pour chaque mutualiste de se protéger par u
6_qst_6-qst-1980-04-07.txt;51377;pplication des règlements pour ne pas avoir à opposer très administrativement à un demandeur un dépas- sement d 'àge de quelques mois. Transports (versement de transports). 28745. — 7 avril 1980. — M . Louis Darinot demande à M. le ministre des transports quelle pnere il compte donner au dossier préoccanant des transports collectifs urbains, en particulier dans le cadre du VIII' Plan. Différentes réunions de dimensions régionale ou nationale, comme celle du C . E.T. U. R. intervenue en novembre 
6_qst_6-qst-1980-04-07.txt;84093;ravaux de Maseille, du quasi-cyclone qui a touché Bastia le 22 décembre 1979. Il lui rappelle que ces ouvriers en chô- mage technique pour une durée de trois mois ne toucheront pen- dant cette période que 42 p . 100 de leur salaire . Il lui demande s 'il ne lui parait pas opportun d 'étendre à ces travailleurs le béné- fice des aides attribuées par le Gouvernement aux ouvriers du bâti- ment de la Réunion restés sans travail après le passage d 'un cyclone. Transports maritimes (ports : Haute-Cors
6_qst_6-qst-1980-04-07.txt;113004;revendicatives visant à obtenir une amélioration des conditions salariales et une dimi- nution de la durée du travail. Il lui demande s'il n 'envisage pas de proposer l'arbitrage de l'inspecteur du travail et de demander à la direction de Thomson-C .S.F. d'ouvrir des négociations véritables avec les organisations syndicales. Banques et établissements financiers. 28803. — 7 avril 1980. — M. Michel Sainte-Marie appelle l 'attention de M. le ministre de l'économie sur les conséquences de la politiq
6_qst_6-qst-1980-08-25.txt;1378;ansports (p . 3662). liversités (p. :366). 3. Questions écrites pour lesquelles les ministres demandent un délvi supplémentaire pour rassembler les éléments de leur réponse (p. 3667). d. Liste de rappel des questions écrites auxquelles il n'a pas été répondu dans les délais réglementaires (p. 3667). 5. Rectificatifs (p. 3668) . ï1< (2 f.) QUESTIONS ECRITES Départements et territoires d'outre-mer (Réunion: radiodiffusion et télévision). 34783. — 25 août 1980. — M .. Jean Fontaine expose à M. le m
6_qst_6-qst-1980-08-25.txt;1544;éponse (p. 3667). d. Liste de rappel des questions écrites auxquelles il n'a pas été répondu dans les délais réglementaires (p. 3667). 5. Rectificatifs (p. 3668) . ï1< (2 f.) QUESTIONS ECRITES Départements et territoires d'outre-mer (Réunion: radiodiffusion et télévision). 34783. — 25 août 1980. — M .. Jean Fontaine expose à M. le ministre de l 'intérieur ce qui suit : samedi 9 août 1980, F. R. 3 Réunion organisait dans la commune de la Petite-I1e une émission radio, diffusée en direct, intitulé
6_qst_6-qst-1980-08-25.txt;2431;aliste et quelques assistants . Parmi les assa,(!ants, ces contestataires violents, se trouvaient des membres du corps enseignants . C 'est pourquoi il lui demande les mesures qu'il croit devoir prendre pour que de tels agissements ne restent pas impu- nis et les dispositions qu'il envisage pour prévenir la répétition de tels comportements inqualifiables. Départements et territoires d 'outre-mer (Réunion: radiodiffusion et télévision). 34784. — 25 août 1980. — M . Jean Fontaine expose à M . le m
6_qst_6-qst-1980-09-08.txt;22220;n de financement arrêté qui laissait à la charge du budget municipal une participation de 16,4 p . 100 sur une dépense 3796 ASSEMBLEE NATIONALE QUESTIONS ET REPONSES 8 Septembre 1980 de 15 532 564 francs, soit 2 547 340 francs . Ces chiffres correspon- daient aux éléments donnés par le préfet. Huit jours après, le directeur de cabinet du ministère confirmait par courrier les conclusions de cette réunion, précisant que ce dossier était lié à • l'acceptation par la commune de Limeil-Brévannes de s
6_qst_6-qst-1980-09-08.txt;32312;proposition du Président de la République, trois personnalités ont élaboré un rap- port sur l'adaptation des institutions européennes à l'élargissement de la communauté. Ce rapport, dit des . Troie Sages a, a été transmis au conseil européen de Dublin des 29 et 30 novembre 1979, lequel a alors décidé sa publication, puis a été examiné par les ministres des affaires étrangères des Neuf, lors d'une réunion informelle, le 17 mars 1980 . :.e conseil européen de Luxembourg des 27 et 28 avril 1980 a é
6_qst_6-qst-1980-09-08.txt;43839;demande si des dispositions ne pourraient pas être prises dans le domaine de la protection aux frontières, d 'une atténuation de la fiscalité ou des charges sociales en faveur de ces entreprises de main-d 'œuvre employant en grande partie du personnel féminin, afin de permettre à ces productions menacées de pouvoir lutter contre la concurrence étrangère. Départements et territoires d 'outre-mer (Réunion : pétrole et produits raffinés). 35184. — 8 septembre 1980 . — M. Pierre Lagourgue expose à M
6_qst_6-qst-1980-12-01.txt;16060;"ation depuis le 1"" juillet 1976 . Il lui demande en conséquence quelles mesures il entend prendre afin que les béné- ficiaires de cette allocation ne se trouvent pas pénalisés Par une inflation qui réduit d'autant chaque année cette aide financière et s'il ne pourrait pas envisager pour l'avenir son indexation à l'indice I. N. S . E . E. du coût de la vie. Départements et territoires d'outre-mer (Réunion : enseignement). 38796. — 1"" décembre 1980 . — M . Jean Fontaine signale à M. le ministre de"
6_qst_6-qst-1980-12-01.txt;17383;"-mer adoptée par la ligue des droits de l 'homme et du citoyen à l'occasion de son congrès national qui s 'est tenu à Paris les 8 et 9 novembre derniers- II lui demande de lui faire connaitre s'il entend laisser sans réponse ce tissu d'inepties et de mensonges qui traduit peut-dire les fantasmes de ses auteurs, niais qui est très loin de la réalité locale. Départements et territoires d'outre-mer (Réunion : postes et télécommunications). 38798. — 1"" décembre 1980- — M. Jean Fontaine signale à M. "
6_qst_6-qst-1980-12-01.txt;17567;"nnaitre s'il entend laisser sans réponse ce tissu d'inepties et de mensonges qui traduit peut-dire les fantasmes de ses auteurs, niais qui est très loin de la réalité locale. Départements et territoires d'outre-mer (Réunion : postes et télécommunications). 38798. — 1"" décembre 1980- — M. Jean Fontaine signale à M. le secrétaire d'Etat aux postes et télécommunications et à la télédiffusion que les Réunionnais résidant en métro pole ou y séjournant s'étonnent que pour avoir une communication télép"
6_qst_6-qst-1981-05-11.txt;132317;r quelques P . A. C. T. dynamiques a en effet permis de répondre dans de bonnes conditions à certaines demandes, dont il faut souligner le caractère d'urgence sociale . C'est pourquoi il lui demande si ces initiatives ne peuvent être encouragées ou confit. niées. 1986 ASSEMBLEE NATIONALE — QUESTIONS ET REPONSES 11 Mai 1981 Budget : ministère (personnel : Ariège). 46384. — 11 mai 1981. — M. André Saint-Paul attire l 'attention de M. le ministre du budget sur la situation de vingt-sept agents du T
6_qst_6-qst-1981-05-11.txt;175396;instituée cette année au bac- calauréat et que certains lycées assurent un enseignement en tra- vail manuel jusqu 'au baccalauréat. En conséquence, il lui demande quelles mesures il com pte prendre pour l'inscription de la disci- pline Travail manuel parmi les matières à option des nouvelles classes de seconde. Rapatriés (structures administratives : Gironde,. 46432. — 11 mai 1981 . — M . Michel Sainte-Marie appelle l 'atten- tion de M. le ministre de l'intérieur sur la situation du personnel de
6_qst_6-qst-1981-05-11.txt;213856;ouis Masson rappelle à M . le ministre de la justice que, par réponse à la question écrite n” 42570, il avait précisé l'état des ressorts des cours d'appel en métropole et outre-mer. Pour ce qui est des départements et territoires d 'outre-mer, il souhaiterait qu 'il veuille bien lui fournir une liste complète des ressorts de cours d 'appel d'outre-mer et notamment lui préciser le rattachement de Saint-Pierre-et-Miquelon et de Mayotte . Police (police des frontières). 46466. — 11 niai 1981 . — M
6_tnominative_1978-1981_tnominative_EL.txt;10521;"ion du Gouvernement sur la politique étrangère (n° 1642) . Discussion [17 avril 1980] (p . 530) : risques de guerre ; crise économique ; choc pétrolier ; endette- ment des pays de l'Est ; (p. 531) : Europe ; politique du juste retour de la Grande-Bre- tagne ; détente ; événements d'Afghanistan ; infériorité de l'Europe pour les armements conventionnels ; Iran ; sort de la Yougoslavie après Tito ; réunion des pays africains à Nice ; problème palestinien ; Etat d'Israël ; reconnaissance de l'OLP. "
6_tnominative_1978-1981_tnominative_EL.txt;31429;"n° 13 : suppression de l'article 6 ; adopté ; exonération de l'impôt sur les opéra- tions de bourse en faveur des bourses régio- nales entraînant une inégalité devant l'impôt ; part modeste du marché financier dans le fi- nancement des investissements en France. Ar- ticle 7 (p. 11139) : soutient son amendement n° 14 : faisant dépendre la dévolution des biens de l'Etat aux collectivités locales de Saint-Pierre et Miquelon de l'avis conforme du conseil général ; rejeté. Après l'Article 7 (p. 11140"
6_tnominative_1978-1981_tnominative_EL.txt;88017;"if : allé- gement des charges du capital et alourdisse- ment de celles du travail . Discussion des ar- ticles [1° r juin 1978] . Avant l'Article premier (p. 2366) : l'abstention du groupe socialiste dans le vote sur l'amendement n° 23 de M . Roger Combrisson . Article premier (p. 2367) : son amendement de suppression n° 3 soutenu par M. Christian Pierret ; (p. 2368) rejeté. Article 2 (p . 2372) : réunion prévue de la commission des comptes de la nation pour réviser les prévisions ; caractère pré"
6_tnominative_1978-1981_tnominative_MZ.txt;29256;"lisation du VII e Plan en matière de sport ; (p. 9125) : sup- pression de postes d'enseignants d'éducation physique dans les lycées et transferts dans les collèges ; difficultés des étudiants en éduca- tion physique ; insuffisance du crédit franc- élève. Anciens combattants. Discussion générale [14 novembre 1979] . Rappel au règlement (p . 10024) : propose de défendre un amende- ment de M. Michel Sainte-Marie sur l'arti- cle 33 du projet de loi de finances relatif aux crédits du budget annexe de"
6_tnominative_1978-1981_tnominative_MZ.txt;66597;"lable à toute décision administrative qui lui serait défavorable ; repoussé par scrutin public . — Projet de loi complétant les dispositions du code des communes en vue d'instituer des comités d'hygiène et de sécurité (n° 138) . Première lecture. Discussion des articles [30 mai 1978] . Article 3 : Article L 417-20 du code des communes (p . 2242) : soutient l'amendement n° 16 de M . Lucien Villa : réunion du comité d'hygiène et de sécurité à l'initiative de son président ou à la demande de deux d"
6_tnominative_1978-1981_tnominative_MZ.txt;168859;"r la référence à la moyenne quotidienne la plus élevée des cours de l'année 1976 ; justi- fication de la référence à l'année 1972 ; igno- rance des cours de la fin de l'année ; propose de revenir à un coefficient de 85. — Rappel au règlement de M. Jean Fon- taine [22 juin 1978] (p . 3285) : demande une déclaration du Gouvernement à la suite de la proposition de l'OUA à Kartoum de décolo- niser la Réunion, département français d'outre- mer . - Rappel au règlement [22 juin 1978] (p . 3301) : proje"
7_cri_1981-1982-extraordinaire4_014.txt;3452;"de l'Etat, des collectivités locales et les services publics ; Eventuellement, lecture définitive du projet de loi relatif à l'orga- nisation des marchés agricoles ; Eventuellement, suite de la discussion du projet de loi portant adaptation de la loi du 2 mars 1982 relative aux droits et libertés des communes, des départements et des régions à la Guadeloupe, 'à la Guyane, à la Martinique et à la Réunion ; Discussion, en nouvelle lecture, du projet de loi relatif au .dévelop pement des institutio"
7_cri_1981-1982-extraordinaire4_014.txt;47496;e les licencie- ments envisagés ont été suspendus. Je prendrai un autre exemple . Une petite usine de l'Oise, qui employait 160 travailleurs et fabriquait des seringues à usage unique, constatait que les hôpitaux passaient commande à une usine américaine installée en Irlande, de fait que ce pays offre des facilités fiscales et permet ainsi de mieux péné- trer dans le Marché commun. Au terme d'une réunion avec des pharmaciens hospitaliers, le directeur de cette entreprise a pu améliorer son produ
7_cri_1981-1982-extraordinaire4_014.txt;50721;ai mis, certes, quelque passion, c'est parce que ce pays, comme le Gouvernement, je I'aime. La semaine dernière, en me rendant au Havre pour inaugurer une école d'infirmières, je suis passé devant l'usine Dresser- France. Je me suis alors rappelé une autre visite que j'avais effectuée dans cette ville il y a quelques années, au cours de laquelle j'avais observé le paquebot France immobilisé dans le port. J'ai quelque fierté, je l 'avoue, d'appartenir à un gouvernement qui vient de sauver Dresser
7_cri_1981-1982-ordinaire1_070.txt;6153;rtements. L'assemblée régio- nale et l'assemblée départementale n'ont ni le même type de scrutin, ni les mêmes compétences . L'existence des deux assem- blées permettrait, au contraire, d'affirmer la démocratie et faciliterait la décentralisation et le transfert éventuel de compé- tences. Par conséquent, si vous êtes pour la concertation, pratiquez-la, soyez-y fidèle. Pensez, par exemple, qu'à la Réunion, sur vingt- quatre maires dix-huit, dont le socialiste Marcel Boissier, et en Martinique tre
7_cri_1981-1982-ordinaire1_070.txt;8780;plus de sollicitude que pour ceux dont il a la charge. Je suis chargé, au nom de mon groupe politique, de parler des départements et des territoires d'outre-mer en général, mais je tiens toutefois à faire observer qu'à travers leurs spécificités ces départements et ces territoires ne sont pas superposables. En mars 1946, le Gouvernement de la République a érigé les quatre vieilles colonies de la Réunion, de la Guyane, de la Martinique et de la Guadeloupe en départements d'outre-mer. La volonté d
7_cri_1981-1982-ordinaire1_070.txt;34324;ns budgets marquent plus clairement cette volonté de changement exprimée par le Gouvernement. Le Gouvernement a par ailleurs décidé l'application immédiate dans les départements d'outre-mer des mesures sociales prises pour l'ensemble de la nation en majorant le montant des pres- tations afin de commencer à rattraper le retard qu'elles ont pris au fil des années, et en augmentant le S .M.I.C. A la Réunion, par exemple, le Gouvernement vient d'annoncer une série de mesures sociales et économiques 
7_cri_1981-1982-ordinaire2_103.txt;2606;"-son, le rapporteur, le ministre d'Etat, Guichard, le président de la commission . — Adoption par scrutin. Amendement n"" 48 de M . Soisson : MM. Soisson, le rapporteur, le ministre d 'Etat. — Retrait. Amendements identiques n 157 du Gouvernement et 80 de M. Gilbert Gantier : MM. le ministre d'Etat, Gilbert Gantier, le rapporteur . — Adoption des deux amendements. Adoption de l 'article 1 modifié. Réunion de ta commission des finances (p . 3366). M. le président de la commission. Renvoi de la sui"
7_cri_1981-1982-ordinaire2_103.txt;141205;arvenus à un accord en commission. On invo que maintenant, pour justifier le retrait de l'amende- ment, les dispositions de l'alinéa 9 de l'article 91 du règlement. Or elles ne s'appliquent pas au cas d'espèce. Que (lit, en effet, cet alinéa? « Avant l'ouvertu re de la discussion des articles, le débat est suspendu . .. pour l'examen immédiat . par la commission, des amendements déposés depuis la réunion qu'elle a tenue en appli- cation de l'article 88 (alinéa 1) . » Cette disposition ne peut s'
7_cri_1981-1982-ordinaire2_103.txt;141395;pas au cas d'espèce. Que (lit, en effet, cet alinéa? « Avant l'ouvertu re de la discussion des articles, le débat est suspendu . .. pour l'examen immédiat . par la commission, des amendements déposés depuis la réunion qu'elle a tenue en appli- cation de l'article 88 (alinéa 1) . » Cette disposition ne peut s'appliquer dans le cas présent, puisque l'amendement en qu'stion avait été déposé avant la réunion . De plus, il s'agissait d'un amendement de la commission. Je ne comprends donc pas la posit
7_cri_1982-1983-ordinaire1_057.txt;24702;le projet de loi de finances pour 1983 comporte l'achève- ment de la mensualisation de l'ensemble des retraités de la fonction publique. Le coût d'une telle mesure est aujourd'hui estimé à 3 338 millions de francs. Compte tenu des contraintes financières actuelles, la poursuite de la mensualisation en 1983 concernera seulement les retraités des départements couverts par les centres d'Ajaccio, de Saint-Pierre-et-Miquelon, et de la Réunion. Le coût de cette extension de la mensualisation peut être
7_cri_1982-1983-ordinaire1_057.txt;24737;1983 comporte l'achève- ment de la mensualisation de l'ensemble des retraités de la fonction publique. Le coût d'une telle mesure est aujourd'hui estimé à 3 338 millions de francs. Compte tenu des contraintes financières actuelles, la poursuite de la mensualisation en 1983 concernera seulement les retraités des départements couverts par les centres d'Ajaccio, de Saint-Pierre-et-Miquelon, et de la Réunion. Le coût de cette extension de la mensualisation peut être estimé à 100 millions de francs. 
7_cri_1982-1983-ordinaire1_057.txt;115489;"sociale dans les départements d'outre-mer . Elles concernent en particulier le régime des prestations familiales, avec un projet de loi qui prévoit la suppression de la condition d'activité professionnelle. Ces mesures ont trait aussi au régime des exploitants agricoles, à l'assurance contre les accidents du travail en agriculture et à la création d 'une caisse de mutualité sociale agricole à la Réunion . Quant aux travailleurs non salariés et non agricoles, ils bénéficient depuis le 1"" avril de"
7_cri_1983-1984-ordinaire1_076.txt;11559;dollar renchérit le cotit de l'affrètement de nos navires polaires et du carburant nécessaire à leurs campagnes. Puisque je fais allusion aux conséquences du cours trop élevé du dollar, vous me permettrez sans doute, monsieur le secrétaire d'Etat, d évoquer — même s'ils ne trouvent pas leur place dites cette partie de mon exposé qui a trait aux territoires d'outre- mer — les événements récents de Saint-Pierre-et-Miquelon, et particulièremert les troubles suscités par certains fonctionnaires loca
7_cri_1983-1984-ordinaire1_076.txt;12818;d 'hui en tant que rapporteur spécial, au nom de la commission des'finances, et cela avec une certaine solennité. Ces annulations posent en effet un problème en raison de leur importance, des conditions dans lesquelles elles interviennent et de leur fondement juridique. Par leur importance — un cinquième des autorisations de programme — elles limitent quelque peu la validité du juge- ment d'ensemble porté l'an dernier par votre rapporteur sur le précédent budget. En raison des conditions dans le
7_cri_1983-1984-ordinaire1_076.txt;15620;ons intéressant l'outre-mer français, et en l'occurrence les départements d'outre-mer, conduit à opérer un choix difficile au moment de la discussion de leur budget en séance publique. Comme en témoigne mon rapport écrit, la commission des lois c'est intéressée plus particulièrement cette année à la décentra- lisation dans les départements de la Guadeloupe, de la Guyane, de la Martinique et de la Réunion, ainsi qu'aux problèmes posés par l'immigration en Guyane, département dans lequel une délé-
7_cri_1983-1984-ordinaire2_008.txt;451;068 02424765 Samedi 7 Avril W84 * JOURNAI . OFFICIEL DE LA RÉPUBLIQUE FRANÇAISE DÉBATS PARLEMENTAIRES ASSEMBLÉE NATIONALE CONSTITUTION DU 4 OCTOBRE 1958 7' Législature SECONDE SESSION ORDINAIRE DE 1983-1984 - (8' SEANCE) COMPTE RENDU INTEGRAL re Séance du Vendredi 6 Avril 1984. SOMMAIRE PRÉSIDENCE DE M . PHILIPPE SÉGUIN 1. — Questions orales sans débat (p . 1210). MAISON DE LA CULTURE DE Le SEINE-SAINT-DENIS (Question de M . Asensi) (p. 1210). MM. Asensi, Lang, ministre délégué à la culture. STA
7_cri_1983-1984-ordinaire2_008.txt;728;. SOMMAIRE PRÉSIDENCE DE M . PHILIPPE SÉGUIN 1. — Questions orales sans débat (p . 1210). MAISON DE LA CULTURE DE Le SEINE-SAINT-DENIS (Question de M . Asensi) (p. 1210). MM. Asensi, Lang, ministre délégué à la culture. STATUT DES PERSONNELS ENSEIGNANTS-CHERCHEURS (Question de M. Gilbert Gantier) (p. 1211). MM. Gilbert Gantier, Savary, ministre de l'éducation nationale. DÉMOGRAPHIE DE I.ILE DE LA RÉUNION (Question de M. Debré) (p . 1212). M . Debré, Mme Dufoix, secrétaire d'Etat auprès du minist
7_cri_1983-1984-ordinaire2_008.txt;2714;S (Question de M. Barnier) (p . 1220). MM. Barnier, Quilès, ministre de l 'urbanisme et du logement. 2. — Qrdre du jour )p. 1222). PRESIDENCE DE M. PHILIPPE SEGUIN, vice-président. La séance est ouverte à neuf heures trente. M. le président. La séance est ouverte. QUESTIONS ORALES SANS DEBAT M. te président. L'ordre du jour appelle les questions orales sans débat. MAISON DE LA CULTURE DE LA SEINE-SAINT-DENIS M. te président. La parole est à M. Asensi l'-sur exposer sa question (1). M. François ,
7_cri_1984-1985-ordinaire1_039.txt;11702;e de nos régions, ces 200 millions noua rendraient de précieux services, surtout pour l'industrie sucrière et la réalisa- tion effective de la réforme foncière. Enfin, depuis le début de cette discussion budgétaire, on a évoqué, parfois avec beaucoup d'émotion, mais souvent avec des larmes de crocodile, le sort des nouveaux pauvres de la métro- pole. Puissent le Gouvernement et l'Assemblée nationale porter leur attention, une attention sincère, sur d'autres pauvres, sur les éternels pauvres des 
7_cri_1984-1985-ordinaire1_039.txt;18556;rpeller M. Chirac, c'est votre affaire ! M. Jean-Claude Castaing. Voue reconnaissez qu'il est mauvais! M. Manuel Eseutia . De quel groupe politique êtes-vous? M. Jean Fontaine. Je ne me pose pas en défenseur de M. Chirac. Si vous voulez interpeller M . Chirac .. M. Jean-Claude Cassaing. On ne peut pas l'interpeller, il n'est pas ici ! M. le président. Poursuivez, monsieur Fontaine. Restez-en à la Réunion ! M. Jean Fontaine. Le président, qui est un sage, me conseille d'en rester à la Réunion. C'
7_cri_1984-1985-ordinaire1_039.txt;18645;est mauvais! M. Manuel Eseutia . De quel groupe politique êtes-vous? M. Jean Fontaine. Je ne me pose pas en défenseur de M. Chirac. Si vous voulez interpeller M . Chirac .. M. Jean-Claude Cassaing. On ne peut pas l'interpeller, il n'est pas ici ! M. le président. Poursuivez, monsieur Fontaine. Restez-en à la Réunion ! M. Jean Fontaine. Le président, qui est un sage, me conseille d'en rester à la Réunion. C'est ce que je vais taire pour vous ! M. Jean-Claude Cassaing . Le! R .P.R. donne des leçon
7_cri_1984-1985-ordinaire1_080.txt;1157;chi, secrétaire d 'Etat 'après du ministre des affaires sociales et de la solidarité r hale, chargé des retraités et des personnes âgées. BASSIN FERRIFÉRE LORRAIN (Question de Mme l:oeuriot) (p. 6320). Mme Goeurlot, M . Franceschi, secrétaire d 'Etat auprès du ministre des affaires sociales et de la solidarité nationale, chargé des retraités et des personnes âgées. EVOLUTION DÉMOGRAPHIQUE DE - LA RÉUNION (Question de M . Debré) (p . 6322). MM. Debré. Lemoine, secrétaire d 'Etat auprès du ministr
7_cri_1984-1985-ordinaire1_080.txt;23970;"fforts accrus à l'exportation en systématisant la recherche de synergies avec les Ii!iales internationales du groupe et en aduplant la structure de la filiale anrericaine de l 'entreprise Purges à la taille de son marché. L'ensemble de ces éléments a e'lé expose aux élus locaux avec toutes le., précisions requises par la direction du groupe Synthelabo et de la société l'orge; clans le cadre d'une réunion organisée le 10 avril 1984 au cabinet du ministre (le l 'indus- trie et de la recherche. La "
7_cri_1984-1985-ordinaire1_080.txt;29693;oeuriot Monsieur le secrétaire d 'Etal chargé des retraités et des personnes âgées, la grève dans les mines de fer de Lor raine est, à ce jour, totale . Elle exprime le mécon- tentement et la colère légitime d'une co rporation qui a engagé une nouvelle fois la lutte pour la défense du bassin ferrifère. hier soir encore, j'ai ass isté à Hayange . au coeur du bassin ferrifère et sidérurgique, à une réunion où les élus de quarante- deux communes ont décidé d'agir pour la Lorraine, pour les ratines 
7_qst_7-qst-1981-10-19.txt;9719;t dans le régime des non-agricoles, permettant ainsi des inter- prétations différentes selon les départements, ces interprétations étant préjudiciables aux allocataires. Transports urbains (R . A . T. P . : métro). 3748 . — 19 octobre 1981 . — M . Georges Le Baili appelle l ' attention de M. le ministre d 'Etat, ministre des transports, sur le projet de prolongation de la ligne de métro n° 13-14, Saint-Denis-Gennevil- liers—Châtillon, jusqu 'à Clamart-Vélizy . Ce projet déjà ancien n'a toujours 
7_qst_7-qst-1981-10-19.txt;24975;"rançaise; 2 "" dans l'affirmative, quel est l'objet de ces négociations, alors que la République de Madagascar ne peut se prévaloir d 'aucun droit et que, tant du point de vue économique que stratégique, ces îles présentent un intérêt certain ; 3 "" dans l'affirmative également, puis- que la concertation parait la règle de l 'action gouvernementale, s'il envisage de consulter les élus de File de la Réunion, de qui dépendent ces îles. Procédure administrative (recours contentieux). 3763 . — 19 octo"
7_qst_7-qst-1981-10-19.txt;26556;ésés, interdisent le retour des résidents ou habitants favo- rables à la France et prennent position en faveur des mouve- ments hostiles à la France dans tout le Pacifique . Il lui demande, en outre, s'il est conscient du mauvais impact qu'a, dans tout le Pacifique, une attitude de la France si peu conforme à la défense de nos intérêts et à notre dignité. Départements et territoires d 'outre-mer (Réunion : enseignement privé). 3765. — 19 octobre 1981. — M. Michel Debré rappelle à Mme le ministre
8_cri_1985-1986-extraordinaire1_015.txt;80724;"es travailleurs. Le slogan gouverne- mental était : « Mieux vaut être chômeur sous les tropiques que travailler en métropole . » M. Jean-Michel Belorgey . Quel est le rapport 7 M. Jean-Paul Virapoullé. Et les frontières de 1981 à 1986 ont été fermées aux ressortissant des départements d'outre- mer ! M . Michel Debré . Exact ! M. Jean-Paul Virapoullé . Voici quelques chiffres. Nous envoyions de La Réunion 5 000 personnes par an jusqu'en 1981 ; à partir de 1981, 400, puis 200, puis moins 400 le so"
8_cri_1985-1986-extraordinaire1_015.txt;90139;des gens al l'entrée d'un pays uniquement pou faciliter le tourisme, c'est assez étonnant ! Je ne veux pas faire de peine à M . Pandraud ni al M . Pasqua, car je suis al leurs côtés compte tenu de ce qui arrive à la police. Je suis pour la police au mérite titre que mes amis, et comme beaucoup de gens ici . Mais je tiens à rappeler à M . Pandraud que, lorsqu'il était candidat contre moi en Seine-Saint-Denis, il avait promis le rétablissement des visas pour les ressortissants des pays du' Maghreb
8_cri_1985-1986-extraordinaire1_015.txt;169136;tendant à favoriser l'investisse- ment locatif et 1 accession à la propriété de logements sociaux (n. 215). Le rapport sera imprimé sous le numéro 258 et distribué . DÉPÔT D'UN PROJET DE LOI ORGANIQUE ADOPTÉ PAR LE SÉNAT M. le président . J'ai reçu, transmis par M . le Premier ministre, un projet de loi organique, adopté par le Sénat, relatif au régime électoral de la collectivité territoriale de Saint-Pierre-et-Miquelon. Le projet de loi sera imprimé sous le numéro 255, distribué et renvoyé à l
8_cri_1985-1986-ordinaire2_049.txt;29895;e budget de la santé et de la soli- darité nationale me préoccupent également. Un grand nombre de départements où l'on enregistre une forte pression démographique, qu'elle soit intrinsèque ou qu'il s'agisse de transferts de population - et comment n'évoquerais-je pas la Seine-et-Marne, qui connaît dans ses deux villes nouvelles d'importants transferts de population jeune en provenance de la Seine-Saint-Denis et du Val-de- Marne ? - un grand nombre de départements, disais-je, éprouvent les plus g
8_cri_1985-1986-ordinaire2_049.txt;135084;"t exercice au 31 mai 1986. « IV. - Pour le calcul des plus-values, moins-values et gains nets résultant de la cession ou du rachat des titres de ces organismes, le prix d'acquisition et le prix de cession ou de rachat sont retenus hors produits courus. « En cas d 'acquisition antérieure au i « juin 1986, la cor- rection prévue à l'alinéa précédent est limitée au prix de ces- sion ou de rachat ; elle porte sur les produits imposables en application du III du présent article. « V. - Pour les cessi"
8_cri_1985-1986-ordinaire2_049.txt;148956;iron 10 p. 100 d'imposition par le biais de cette évasion, car il ne s'agissait pas du tout d'une fraude . Elle était en effet rendue possible à cause d'une lacune dans le droit positif. Cette plus-value échappait également à l'obligation de dis- tribution à laquelle sont astreintes les Sicav et les fonds communs de placement et son imposition était reportée au moment de la cession de sa part par le porteur. Pour le por- teur, le taux d'imposition des plus-values était soit de 15 p. 100, soit nu
8_cri_1986-1987-ordinaire1_065.txt;81814;, soit 17 p . 100, est près de vingt fois supérieure à celle des dépenses civiles de l'Etat, soit 0,9 p. 100. Cette constatation élémentaire méritait, je crois, d'être faite, monsieur le ministre, car vous entendrez sans doute tout à l'heure des intervenants qui vous diront que cela n'est pas suffisant et qu'il aurait fallu faire plus. L'effort global de l'Etat dans les départements d 'outre-mer, Saint-Pierre-et-Miquelon et Mayotte, va bien au-delà : il s'élève à 15 milliards de francs environ e
8_cri_1986-1987-ordinaire1_065.txt;82550;élevé dans nos départements d 'outre- mer que partout ailleurs dans les Antilles et l'océan Indien. Cependant, la situation économique dont vous avez hérité en prenant en charge votre département ministériel est parti- culièrement inquiétante. Le chômage atteint des niveaux considérables : 14 p. 100 en Guyane, 21 p. 100 en Guadeloupe, 26 p . 100 en Marti- nique et - triste record - 28 p. 100 à la Réunion. De tels chiffres sont énormes, d'autant plus que, pour qu'ils soient valablement comparés à
8_cri_1986-1987-ordinaire1_065.txt;82933;- 28 p. 100 à la Réunion. De tels chiffres sont énormes, d'autant plus que, pour qu'ils soient valablement comparés à ceux de la métropole, il convient de les majorer dans de fortes proportions, ce qui fait que les taux de chômage réels scraient plutôt proches de 20 p. 100 en Guyane, de 30 p . 100 en Guadeloupe, de 35 p. 100 en Martinique et de plus de 40 p . 100 à la Réu- nion. S 'agissant de la Réunion, la situation était d 'autant plus dramatique avant votre arrivée que vos prédécesseurs avai
8_cri_1986-1987-ordinaire1_085.txt;1712;de M . Joxe : MM. Aimé Césaire, le ministre. Renvoi de la suite de la discussion à la prochaine séance. 2. Ordre du Jour (p. (6744) . ASSEMBLEE NATIONALE - i re SEANCE DU 25 NOVEMBRE 1986 8727 COMPTE RENDU INTÉGRAL PRÉSIDENCE DE M . CHARLES MILLON, vice-président La séance est ouverte à seize heures. M. le présidant . La séance est ouverte. ( i 1 DÉVELOPPEMENT DES DÉPARTEMENTS D'OUTRE-MER, DE SAINT-PIERRE-ET- MIQUELON ET DE MAYOTTE Discussion d'un projet de loi de programme adopté par le Sénat a
8_cri_1986-1987-ordinaire1_085.txt;2041;"ce est ouverte. ( i 1 DÉVELOPPEMENT DES DÉPARTEMENTS D'OUTRE-MER, DE SAINT-PIERRE-ET- MIQUELON ET DE MAYOTTE Discussion d'un projet de loi de programme adopté par le Sénat après déclaration d '""urgence M . le président. L'ordre du jour appelle la discussion du projet de loi de programme, adopté par le Sénat, aras décla- ration d'urgence, relatif au développement des départements d'outre-mer, de Saint-Pierre-et-Miquelon et de Mayotte (n ol 479, 491). La parole est à M. Jean-Paul de Rocca-Serra, r"
8_cri_1986-1987-ordinaire1_085.txt;2723;t territoires d'outre-mer, mes chers collègues, voilà plus d'un quart de siècle qu'une loi de programme n'avait pas été consacrée à l'outre-mer I En effet, il faut r'emonter à la loi du 30 juillet 1960 pour les départements d'outre-mer pour trouver trace d'une volonté de rattrapage d'une telle ampleur. Le projet de loi de programme qui nous est soumis fera bénéficier les départements d'outre-mer, Saint-Pierre-et- Miquelon et Mayotte de 3 milliards 600 millions de francs de crédits supplémentaire
8_cri_1986-1987-ordinaire1_086.txt;490;UE FRANÇAISE DÉBATS PARLEMENTAIRES ASSEMBLÈE NATIONALE CONSTITUTION DU 4 OCTOBRE 1958 8e Législature PREMIÈRE SESSION ORDINAIRE DE 1986—1987 (86• SÉANCE) COMPTE RENDU INTÉGRAL 2e séance du mardi 25 novembre 1986 S74S ASSEMBLEE NATIONALE - 2• SEANCE DU 26 NOVEMBRE 1986 SOMMAIRE PRÉSIDENCE DE M . CLAUDE ÉVIN 1. Fixation de l'ordre du Jour (p. 6749). 2. D'veloppement da départements d'outre-mer, da Saint-Pierre-et-Miquelon et de Mayotte. - Suite de ta discussion d'un projet de loi de programme adop
8_cri_1986-1987-ordinaire1_086.txt;3539;"Conseil d'Etat et à la Cour des comptes, ces deux textes donnant lieu à une discussion générale com- mune. Mardi 9 décembre„ à seize heures et vingt et une heures trente : Sous réserve de leur dépt,' : Projet sur les procédures de licenciem tnt ; Projet sur les conseils de prud'hommes, ces deux textes donnant lieu à une discussion générale com- mune. DÉVELOPPEMENT DES DÉPARTEMENTS D'OUTRE-MER, DE SAINT-PIERRE-ET- MIQUELON ET DE MAYOTTE Suite de la discussion d'un projet de loi de pro- gramme ado"
8_cri_1986-1987-ordinaire1_086.txt;3891;DÉVELOPPEMENT DES DÉPARTEMENTS D'OUTRE-MER, DE SAINT-PIERRE-ET- MIQUELON ET DE MAYOTTE Suite de la discussion d'un projet de loi de pro- gramme adopté par le Sénat :pris déclaration d'ur- gence M. le président. L'ordre du jour appelle la suite de la discussion du projet de loi de programme, adopté par le Sénat après déclaration d'urgence, relatif au développement des départements d'outre-mer, de Saint-Pierre-et-Miquelon et de Mayotte (n os 479, 491). Cet après-midi, la question préalable a été p
8_cri_1986-1987-ordinaire1_087.txt;3136;NTRE LE S .I .D .A. (p. 6793) Mmes Florence d'Harcourt, Michèle Barzach, ministre délégue auprès du ministre des affaires sociales et de l'emploi, chargé de la santé et de la famille. M. le président. Suspension et reprise de la séance (p . 6794) PRÉSIDENCE DE M . CLAUDE LABBE 3. Rappel au règlement (p. 6794). MM. Jean-Marie Le Pen, le président. 4 . Développement des départements d'outre-mer, de Saint-Pierre-et-Miquelon et de Mayotte . Suite de la discussion d'un projet de loi de programme adop
8_cri_1986-1987-ordinaire1_087.txt;5051;"t à M. Pascal Arrighi. M. Pascal Arrlghi . Ma question s'adresse soit à M. le ministre de l'éducation, ... M. Jean-Pierre Michel . Nationale ! M. Pascal Arrighi . . . . soit à M. le ministre délégué à la recherche et à l'enseignement superieur ; je laisse le choix au Gouvernement. Mes chers collègues, alors que les médias ont donné com- plaisamment le plus large écho à des manifestations et à des réunions critiquant - c'est un euphémisme ! - ... M. François Loncle . Censeur ! M. Pascal Arrighi ."
8_cri_1986-1987-ordinaire1_087.txt;56684;ts sur lei bancs des groupes du R .P.R. et U.D.F. - « Retrait ' Retrait ! ), sur les bancs du groupe socia- liste.) M. le président. La parole est à N . le ministre de l'éduca- tion nationale. M . René Monory, ministre de l'éducation nationale . Je vous remercie, monsieur le député, de me poser cette ques- tion relative aux lycéens. Je voudrais tenter de globaliser ma réponse, puisque, grâce à la réunion des deux ministères, la liaison entre l'enseigne- ment secondaire et l'université doit être 
8_cri_1986-1987-ordinaire1_090.txt;724;2 e SEANCE DU 27 NOVEMBRE 1986 SOMMAIRE 2. 3 . PRÉSIDENCE DE M . CLAUDE ÉVIN 1 . Modification de l'ordre du jour prioritaire (p. 6878). Rappels au règlement et demande de suspension de séance (p. 6878). MM. Jean-Pierre Sueur, Jean Giard, François Bachelot, le président. Rejet, par scrutin, de la demande de suspension de séance. M. Philippe Bassinet. Développement des départements d'outre-mer, de Saint-Pierre-et-Miquelon et de Mayotte .Suite de la discussion d'un projet de loi de prôgramme adopté
8_cri_1986-1987-ordinaire1_090.txt;8826;rticles 42 et suivants, relatifs aux travaux des commissions. La commission des affaires culturelles, familiales et sociales avait été convoquée cet après-midi à dix-neuf heures, par son président M . Jacques Barrot, pour examiner, au titre de l'article 88 du règlement, les amendements au projet de loi sur l'enseignement supérieur. Les députés socialistes se sont rendus, comme de coutume, à cette réunion et c'est une attente de quarante-cinq minutes qui a alors commencé. M. Barrot, constatant qu
8_cri_1986-1987-ordinaire1_090.txt;10020;éoccupation, de la grande inquiétude que ce texte inspire aux jeunes et à l'ensemble de l'opinion publique ? Que dans le même temps, on ne parvienne pas à trouver un nombre suffisant de députés du R.P.R. ou de l'U.D.F. dans l'enceinte du Palais, pour assurer au sein d'une commis- sion la majorité qu 'ils sont pourtant censés y détenir, voilà qui est extrêmement préoccupant ! Au bout du compte, la réunion de la commission n 'a pu avoir lieu. M. le président Barrot nous a expliqué que faute de com
8_cri_1987-1988-ordinaire1_025.txt;10677;els il faudrait ajouter les 5 mil- liards de francs de dépenses fiscales - vous êtes porteur, monsieur le ministre, d'une politique qt,i fait renaître l 'espoir outre-mer. Réhabilitatior de la liberté d'entreprise, libéralisation des échanges et des transports aériens, consolidation de la solida- rité nationale, reprise des objectifs du BUMIDOM - mobi- lité, insertion des Antillais et surtout des Réunionnais en métropole - tels sont les facteurs qui constituent les grands axes d 'une politique n
8_cri_1987-1988-ordinaire1_025.txt;26513;ur 1987 et, en ce qui concerne les départements d'outre-mer et les deux collecti- vités territoriales à statut particulier, par une programmation jusqu'en 1991 des moyens du développement économique et social. Pour 1988, les crédits inscrits au budget du ministère des départements et territoires d'outre-mer, et destinés aux dépar- tements de la Guadeloupe, de la Guyane, rie la Martinique et de la Réunion, ainsi qu 'aux collectivités territoriales de Mayotte et de Saint-Pierre-et-Miquelon, se mai
8_cri_1987-1988-ordinaire1_025.txt;26581;eux collecti- vités territoriales à statut particulier, par une programmation jusqu'en 1991 des moyens du développement économique et social. Pour 1988, les crédits inscrits au budget du ministère des départements et territoires d'outre-mer, et destinés aux dépar- tements de la Guadeloupe, de la Guyane, rie la Martinique et de la Réunion, ainsi qu 'aux collectivités territoriales de Mayotte et de Saint-Pierre-et-Miquelon, se maintiendront glo- balement au niveau très élevé atteint en 1987. Loin 
8_qst_8-qst-1986-06-16.txt;64260;des chiffres, sources de rancœur pour les prére- traités, il lui demande s'il n'estime pas opportun de rendre public le rapport de l'I.G.A.S. relatif à l'évolution du pouvoir d'achat des préretraités depuis 1980. Anciens combattants et victimes de guerre (retraite mutualiste du combattant) 3149. - 16 juin 1986. - M. Daniel Goulet rappelle à M. le ministre des affaires sociales et de l'emploi que la possession de la carte du combattant accorde notamment à ses détenteurs la possibilité de se const
8_qst_8-qst-1986-06-16.txt;83476;darité géré par l'Etat, l'attribution des points est subordonnée à la participa- tion financière de celui-ci. Aussi, il lui demande les mesures qu'il entend prendre afin de replacer les travailleurs licenciés en for- mation dans un régime d'assurance plus favorable et dans quels délais l'Etat financera-t-il l'attribution des points de retraite à sa charge. Départements et territoires d'outre-mer (Réunion : emploi et activité) 3282. - 16 juin 1986. - M . Elle Hoerau attire l'attention de M . le m
8_qst_8-qst-1986-06-16.txt;83656;r les travailleurs licenciés en for- mation dans un régime d'assurance plus favorable et dans quels délais l'Etat financera-t-il l'attribution des points de retraite à sa charge. Départements et territoires d'outre-mer (Réunion : emploi et activité) 3282. - 16 juin 1986. - M . Elle Hoerau attire l'attention de M . le ministre des affaires sociales et de l 'emploi sur le pro- blème du chômage à la Réunion . Tous les chiffres, toutes les données montrent que la situation est extrêmement préoccupan
8_qst_8-qst-1986-11-17.txt;53348;attire l 'attention de M . le ministre des affaires sociales et de l'em- ploi sur ce qui suit : une personne inscrite à l'agence de la caisse générale de sécurité sociale du 28, rue d 'Hauteville, 75010 Paris a eu la surprise de découvrir sur le bordereau de remboursement de soins de cette administration le .libellé : « soins à l'étranger » alors que lesdits soins ont été effectués à l'île de la Réunion. Il lui demande de lui faire connaître son sentiment sur la dérive cc cette administration à 
8_qst_8-qst-1986-11-17.txt;53493;nérale de sécurité sociale du 28, rue d 'Hauteville, 75010 Paris a eu la surprise de découvrir sur le bordereau de remboursement de soins de cette administration le .libellé : « soins à l'étranger » alors que lesdits soins ont été effectués à l'île de la Réunion. Il lui demande de lui faire connaître son sentiment sur la dérive cc cette administration à qui il semble nécessaire de rappeler que la Réunion fait partie intégrante de la République française. Emploi et activité (A.N.P.E.) 12476. - 17
8_qst_8-qst-1986-11-17.txt;54302;ercher tous les moyens pour faire régresser le chômage des jeunes en faisant appel à l'aide des maires pour relayer ses initia- tives, il lui demande de bien vouloir envisager de donner des instructions aux agences locales de l'A .N.P.E. pour qu'elles four- nissent, chaque fois qu'un maire en fera la demande, la liste nominative des demandeurs d'emploi domiciliés dans sa com- mune. D.O.M.-T.O.M. (Réunion :jeunes) 12476. - 17 novembre 1986. - M . André Thien Ah Koon appelle l'attention de M . le 
8_tnominative_1986_tnominative_AZ.txt;17364;— IX - COMPOSITION DE L'ASSEMBLEE NATIONALE 1 . LISTE PAR DEPARTEMENT DES DEPUTES PROCLAMES ELUS L0179 du code électoral) '[J.O. du 3 avril 1986] (p . 5142). 1. — DEPARTEMENTS DE LA METROPOLE 01 — Mn 10 — Aube 17 — Charente- Maritime MM. Boyon (Jacques) . MM. Cartelet (Michel). Millon (Charles) . Galley (Robert) . MM. Branger (Jean-Guy). Ravassard (Noël) . Micaux (Pierre) . Bussereau (Dominique). Saint-Pierre (Dominique) . Crépeau (Michel). 11 Aude de Lipkowski (Jean). 02 — Aisne MM. Barailla (R
8_tnominative_1986_tnominative_AZ.txt;23486;"uy). (Jacques) . 52 — Marne (Haute-) Garmendia (Pierre). Mme Lalumière (4) Démissionnaire ; remplacé par MM. Chanfrault (Guy). M. Couveinhes (René) ; (communication faite le Fèvre (Charles). (Catherine) . 1"" avril 1986 par M . le ministre de l 'Intérieur). MM. Mitterrand (Gilbert) . (5) Démissionnaire remplacé par Mme- Peyret (Michel) . Boisseau (Marie-Thérèse) ; (communication faite 53 — Mayenne Sainte-Marie (Michel) . le 1"" avril 1986 par M. le ministre de l'Intérieur). Sirgue (Pierre) . (6) D"
8_tnominative_1986_tnominative_AZ.txt;30595;Paecht (Arthur). MM. Labbé (Claude). 76 — Seine-Maritime Mme Piat (Yannick). Le Baill (Georges). MM. Allard (Jean) . Margnes (Michel). Beaufils (Jean) . 84 — Vaucluse Sapin (Michel). Bourguignon (Pierre) . MM. Bompard (Jacques). Stirbois (Jean-Pierre). Chaboche (Dominique). Borel (André). Tranchant (Georges). Delatre (Georges). Charretier (Maurice). Dhaille (Paul). Roux (Jean-Pierre) . 93 — Seine-Saint-Denis Fabius (Laurent). Lecanuet (Jean). 85 - Vendée MM. Asensi (François). Leroy (Roland) . B
9_tanalytique_1990_tmatieres_AV.txt;7142;nscription. 2e - 3 e - 4e - 5e - Ire circonscription. 2e M. Dollo (Yves). M. Josselin (Charles). M. Chouat (Didier). M. Briand (Maurice). M. Trémel (Pierre-Yvon). 23 - Creuse M. Lejeune (André). M. Rimareix (Gaston). 24 - Dordogne Ire circonscription. 2e — 3 e 4e 5e 6e 7e 8e 9e 10e lle M. Valleix (Jean). M. Chaban-Delmas (Jacques). M. Barande (Claude). M. Garmendia (Pierre). M. Grana (Pierre). M. Sainte-Marie (Michel). M. Ducout (Pierre). M. Cazalet (Robert). M. Lagorce (Pierre). *4. Mitterrand 
9_tanalytique_1990_tmatieres_AV.txt;19645;amy (Ernest). 5. M. Balkany (Patrick). - M. Larifla (Dominique). 6° M. Sarkozy (Nicolas) . 4e Mme Michaux-Chevey (Lucette). 7. M. Baumel (Jacques). ge M. Labbé (Claude). 9° M. Gorse (Georges) . Guyane 10° 11° M . Santini (André). M. Bassinet (Philippe). Ire circonscription . M. Castor (Elle). 12° M. Foucher (Jean-Pierre). 2° - M. Bertrand (Léon). 13° M. Devedjian (Patrick) . Martinique 93 - Seine-Saint-Denis Ire circonscription . M. Lordinot (Guy). ire circonscription . M. Bonnemaison (Gilbert) 
9_tanalytique_1990_tmatieres_AV.txt;19972;- M. Bertrand (Léon). 13° M. Devedjian (Patrick) . Martinique 93 - Seine-Saint-Denis Ire circonscription . M. Lordinot (Guy). ire circonscription . M. Bonnemaison (Gilbert) . 2° - M. Lise (Claude). 2° M. Berthelot (Marcelin) . 3 e M. Césaire (Aimé). 3° Mme Jacquaint (Muguette) . 4° - M. Louis-Joseph-Dogué (Maurice). 4e M. Pierna (Louis). 5• M. Gayssot (Jean-Claude). 6e M. Bartolone (Claude) . La 'Réunion 7e ge M. Brard (Jean-Pierre). M. Pandraud (Robert) . l re circonscription . M. Legros (Augus
